galaxies.source.turnover_radius,galaxies.source.centre.centre_0,galaxies.source.centre.centre_1,galaxies.source.z_centre,galaxies.source.effective_radius,galaxies.source.phi,galaxies.source.inclination,galaxies.source.intensity,galaxies.source.maximum_velocity,galaxies.source.velocity_dispersion,    log_likelihood,         log_prior,     log_posterior,                weight
                0.0013280313018,               0.05958988129217,               0.10647497247756,        0.19228115625723,            0.012998410499008458,   8.93192829878085,          87.79583256474464,        0.273403704444399,              250.75087680690703,                  58.89427637732981, 4673292.553415027,  80.5900783227378, 4673373.143493351,1.0452554139582645e-10
                0.0013280313018,               0.05958988129217,               0.10647497247756,        0.19228115625723,            0.012998410499008458,   8.93192829878085,          87.79583256474464,        0.273403704444399,              250.75087680690703,                  58.89427637732981, 4673292.553415027,  80.5900783227378, 4673373.143493351,1.0697747774447399e-10
                8.268414707e-05,               0.06014066857149,               0.10320905531445,         1.2630426618589,            0.012692497461785352,   7.22197157483212,          88.56763353029586,      0.26748819473874613,              240.55438861990197,                  56.84123242097689, 4673292.603911584,  82.5251835488439, 4673375.129095133,1.0865581474238044e-10
               0.00434512683003,               0.05894870098797,               0.10074396853587,        0.02623885487897,            0.012057052887026297,    9.1761322017561,           87.7781752287499,      0.27203218910124444,               261.0677810796619,                  57.82889540525147, 4673292.617029996, 86.61504307230813, 4673379.232073068,1.1157622319199293e-10
               0.00274783008202,               0.05930534704059,               0.10702805663774,        0.71218265933407,            0.014310083914850637,   9.63905572114281,          88.71893110139219,       0.2623783521243824,               253.4545818067892,                  59.37631951613226, 4673292.619592509, 73.69208221015079,  4673366.31167472,1.1189268066741074e-10
               0.00481372831581,               0.05915498001964,                0.1027022751657,         0.3471159651104,            0.013563013235093038,   9.38812564702292,          88.38266937649114,       0.2638156759129954,              260.85277620958686,                  57.75353061594146, 4673292.653597049, 77.52045411233047, 4673370.174051162,1.1340663506728158e-10
               0.00323274628096,               0.05947773612968,               0.09918282769578,        0.27334790113479,            0.011832940988677175,   8.05608577770319,          88.42967749670237,      0.26688741382378733,              251.51107469389171,                  55.38340633159945, 4673292.681838913,   88.256742563007, 4673380.938581476,1.1640444545746022e-10
               0.00354664970129,                0.0598233652605,               0.09812159426876,         0.0873706222107,            0.010819179380354019,   7.66443001118036,          87.80399213175008,       0.2638903604477506,              256.27186452812634,                  55.13312053296904, 4673292.813346874, 96.21790436435495, 4673389.031251239,1.2571515038987143e-10
                6.614626138e-05,               0.06067480247977,               0.10301253220547,         0.4931080191502,            0.012974341861961058,   6.04152613748287,           88.1959801638075,      0.26404315549998203,              245.12455836349255,                  58.38429828057849, 4673292.813939443, 80.86246016463323, 4673373.676399607,1.3334252139046544e-10
                6.614626138e-05,               0.06067480247977,               0.10301253220547,         0.4931080191502,            0.012974341861961058,   6.04152613748287,           88.1959801638075,      0.26404315549998203,              245.12455836349255,                  58.38429828057849, 4673292.813939443, 80.86246016463323, 4673373.676399607,1.3338202872022093e-10
                6.614626138e-05,               0.06067480247977,               0.10301253220547,         0.4931080191502,            0.012974341861961058,   6.04152613748287,           88.1959801638075,      0.26404315549998203,              245.12455836349255,                  58.38429828057849, 4673292.813939443, 80.86246016463323, 4673373.676399607,1.3338202872022093e-10
                6.614626138e-05,               0.06067480247977,               0.10301253220547,         0.4931080191502,            0.012974341861961058,   6.04152613748287,           88.1959801638075,      0.26404315549998203,              245.12455836349255,                  58.38429828057849, 4673292.813939443, 80.86246016463323, 4673373.676399607,1.3338202872022093e-10
               0.00307622474197,               0.05925258007141,               0.10134719783889,        0.20257304290914,            0.011568684216293118,   9.77321081822928,           87.1927549762371,      0.26958689767133337,               251.2090952552536,                  56.89810579266059,  4673292.93374503, 90.14963290398512, 4673383.083377934, 1.390470162059366e-10
               0.00307622474197,               0.05925258007141,               0.10134719783889,        0.20257304290914,            0.011568684216293118,   9.77321081822928,           87.1927549762371,      0.26958689767133337,               251.2090952552536,                  56.89810579266059,  4673292.93374503, 90.14963290398512, 4673383.083377934,1.4736637238889677e-10
               0.00307622474197,               0.05925258007141,               0.10134719783889,        0.20257304290914,            0.011568684216293118,   9.77321081822928,           87.1927549762371,      0.26958689767133337,               251.2090952552536,                  56.89810579266059,  4673292.93374503, 90.14963290398512, 4673383.083377934,1.4736637238889677e-10
               0.00232071967836,               0.05973826521949,               0.10031577542701,        0.12886885040855,            0.010163138756551556,   9.76903778435822,          87.50863234596727,      0.26465284968873243,              250.27175285567515,                  58.28526367559873, 4673293.023348527,102.17333426690521, 4673395.196682794, 1.519708838247402e-10
               0.00055035237448,               0.05957861537066,               0.10421942027062,        0.22248735209392,            0.012901554175744753,   7.94912559133805,          87.31985180991778,       0.2613022524201317,              247.80007111437237,                  56.67566090697464, 4673293.024490343, 81.33702729639515,  4673374.36151764,1.5807521500161432e-10
               0.00169324529371,               0.06031903845815,               0.09887018336628,        0.74235485430226,            0.010032566466057243,   7.34621278554436,           88.8901767038722,       0.2616234319732605,              243.18509623848095,                  58.69394485582033, 4673293.089834221, 103.4976800718127, 4673396.587514292, 1.626921458549643e-10
               0.00304780989514,               0.05940487361905,               0.10163765746435,        0.44530451517656,            0.012204786261135019,   8.94681801323477,           87.1324278949686,       0.2672565162299292,              253.16926233565687,                  56.80593336816775,4673293.1673891395,  85.6767921840061, 4673378.844181323, 1.739102951497536e-10
               0.00062022871919,               0.05887033877251,               0.10055376909013,        0.19635833165034,            0.011630005109765192,   9.85037037085544,          86.35821387485896,       0.2674990906122937,               239.3168282343248,                  53.44937022108285, 4673293.215292355, 89.72281547345676, 4673382.938107829,1.8416209139172196e-10
               0.00062022871919,               0.05887033877251,               0.10055376909013,        0.19635833165034,            0.011630005109765192,   9.85037037085544,          86.35821387485896,       0.2674990906122937,               239.3168282343248,                  53.44937022108285, 4673293.215292355, 89.72281547345676, 4673382.938107829,1.8857222633620227e-10
               0.00062022871919,               0.05887033877251,               0.10055376909013,        0.19635833165034,            0.011630005109765192,   9.85037037085544,          86.35821387485896,       0.2674990906122937,               239.3168282343248,                  53.44937022108285, 4673293.215292355, 89.72281547345676, 4673382.938107829,1.8857222633620227e-10
               0.00062022871919,               0.05887033877251,               0.10055376909013,        0.19635833165034,            0.011630005109765192,   9.85037037085544,          86.35821387485896,       0.2674990906122937,               239.3168282343248,                  53.44937022108285, 4673293.215292355, 89.72281547345676, 4673382.938107829,1.8857222633620227e-10
               0.00117009590452,                0.0600358375859,               0.09890422864646,        0.17966971782644,            0.008353886554602704,   9.34924617306068,          87.93361168622675,       0.2596292845073758,              249.92675924066373,                  59.36120290038273, 4673293.222257705,123.55640741877755, 4673416.778665124,  1.85465458594408e-10
               0.00358464689073,               0.05959680996672,               0.10354868816079,        0.42017644471719,            0.014293801975261023,   8.38330822557182,          88.69485583725343,       0.2642686052942414,               257.9340765799584,                  58.68545989411655, 4673293.222409165, 73.74442149381449,  4673366.96683066,1.8519946987848033e-10
               0.00049825237644,               0.06002169531233,               0.10383462739112,        0.34212081293435,             0.01357789955540436,   7.34023381908051,          88.11651958888238,        0.252510083295821,               241.1424310054967,                  55.99333890205857, 4673293.249411952, 77.60933184210505, 4673370.858743794,1.8681413250319918e-10
               0.00034593526635,               0.06014557328625,               0.10372198101433,        0.03329134180907,            0.012732621778721944,   7.31784291402715,          87.49128044086925,      0.27245212232378563,              241.00803070905397,                  56.69181803968876, 4673293.357745235, 82.20878988574228, 4673375.566535121,1.9917220981009005e-10
               0.00044495384299,               0.05954930223466,               0.10525021502046,        0.15034820158461,            0.013688752459113905,    8.5401628327751,          88.08568843797362,        0.253731486251936,              236.95150499194693,                  54.67642849235317,  4673293.36750958, 76.99385037846392, 4673370.361359959,2.0993054165840642e-10
               0.00044495384299,               0.05954930223466,               0.10525021502046,        0.15034820158461,            0.013688752459113905,    8.5401628327751,          88.08568843797362,        0.253731486251936,              236.95150499194693,                  54.67642849235317,  4673293.36750958, 76.99385037846392, 4673370.361359959,2.1095545059119256e-10
               0.00044495384299,               0.05954930223466,               0.10525021502046,        0.15034820158461,            0.013688752459113905,    8.5401628327751,          88.08568843797362,        0.253731486251936,              236.95150499194693,                  54.67642849235317,  4673293.36750958, 76.99385037846392, 4673370.361359959,2.1095545059119256e-10
               0.00244329363337,               0.05929040666003,               0.10463931969673,        0.76234278582178,            0.013186889306034169,   9.35470237126872,           88.8496712942404,      0.26114438764245546,               248.4481394024693,                  56.49127363639383,4673293.4097673185, 79.66219481783642, 4673373.071962137, 2.122916773681868e-10
               0.00244329363337,               0.05929040666003,               0.10463931969673,        0.76234278582178,            0.013186889306034169,   9.35470237126872,           88.8496712942404,      0.26114438764245546,               248.4481394024693,                  56.49127363639383,4673293.4097673185, 79.66219481783642, 4673373.071962137, 2.167764931722398e-10
               0.00158735603346,               0.05983458862956,               0.10351445942265,        0.20487688860089,            0.013307542324991498,   6.98597466786608,          87.05233629410101,      0.26830553478057567,                248.188346122351,                  57.18899322125147, 4673293.431338534, 78.87244977760979, 4673372.303788312,2.1695946205309962e-10
                0.0011036172956,               0.05973160378451,               0.10624063852165,        0.42240126214767,              0.0128901399908952,   8.26395678377827,          88.67309066640209,      0.25961987945509957,              243.55805806906244,                  54.33903192819591, 4673293.464935769, 81.43046163361902, 4673374.895397403,2.2193624065913958e-10
               0.00067213307504,               0.05905565091962,               0.10052354295833,        1.18286685839995,            0.010653477386999625,   9.82207108429454,          87.64443434382795,       0.2597491388396142,              242.00456976493783,                  59.56750499205528, 4673293.506121626, 97.71593331105825, 4673391.222054937,2.2926191199504336e-10
               0.00207307827157,               0.05948247897736,               0.10104498417495,        0.89315526411114,            0.010381079428084621,   9.79067101341207,          88.02447561316228,       0.2626419956767514,              250.65242298582325,                  58.61472067977908, 4673293.539651151,100.13656052253499, 4673393.676211674,  2.36787643866465e-10
               0.00207307827157,               0.05948247897736,               0.10104498417495,        0.89315526411114,            0.010381079428084621,   9.79067101341207,          88.02447561316228,       0.2626419956767514,              250.65242298582325,                  58.61472067977908, 4673293.539651151,100.13656052253499, 4673393.676211674,  2.40756960557952e-10
               0.00052833173349,               0.05898925886071,               0.09734960062189,        0.38429161949056,            0.009714736130217866,    9.5403866611582,          87.44916700993402,      0.26471365861829244,              239.81935357177275,                  53.74943869349131, 4673293.547280852,106.71407048693435, 4673400.261351339, 2.392741596472921e-10
               0.00065275095857,               0.05934570286341,               0.10184518009259,        0.12898275496874,             0.01471027454419406,     9.617132509054,          87.80809662889273,       0.2600915104443168,              245.35812501722393,                  55.73002973452192, 4673293.664953484, 71.82449718929438, 4673365.489450674,2.5391414873734745e-10
               0.00043431924824,               0.05925765309587,               0.09999428039094,        1.03473204419711,              0.0109548846113038,   9.73619465489062,          87.41921625766554,       0.2699714222301788,              244.77425394951493,                  57.40619271463977, 4673293.725679801, 94.98757664228673, 4673388.713256443,  2.75872603406989e-10
               0.00079854466358,               0.05931061748999,               0.10384678648897,         0.7085085767587,            0.011907487396792956,   9.07830436489775,          87.40562957906626,      0.25956647392388466,              238.65431112596835,                  59.35529184716154,   4673293.7313485,  87.8333509949237, 4673381.564699494, 2.836361542107334e-10
               0.00204521710038,               0.05912966419663,               0.10227012149177,        0.44122086755186,             0.01214760401169235,   9.31842005578591,          88.40959303322998,      0.26949414301704167,              248.85696593044173,                  54.99111534946483, 4673293.754637746, 86.03141624121626, 4673379.786053987,2.8635934748347874e-10
                1.541549795e-05,                0.0591185908002,               0.10538418588854,        0.75310375010589,            0.015650036605247216,   8.99514836731169,          87.74868988793767,        0.268384669768153,              238.96590591810207,                  54.41286174722761, 4673293.757847107, 67.62360935455492, 4673361.381456462,2.8871577712281693e-10
               0.00139992282696,                0.0594982165645,               0.10429538167374,        0.41305112504601,            0.013937061291499285,   8.72536244773133,          87.91402096819483,       0.2598568260470609,              248.45867775064437,                  54.83160341447411, 4673293.775830604, 75.59941039403579, 4673369.375240998, 2.903510648659635e-10
               0.00094492283347,               0.05938865930495,               0.09831823397883,         0.4206411431099,             0.01279131774158466,   8.70484811812291,          88.09864303449254,       0.2648146347129598,              242.05165704601183,                  54.08324140524804, 4673293.786054399, 81.95425461350335, 4673375.740309012, 2.930020204354182e-10
               0.00383602551848,               0.05931114397938,               0.10576264732202,        0.51320295469494,            0.014781334346687542,    8.4607004786099,          88.14886783666726,      0.27041068124638346,               255.2119507713379,                  59.16924137862689, 4673293.839847528, 71.35096967774888, 4673365.190817206,3.0113209702609676e-10
               0.00099728079256,               0.05929450247125,               0.09859629778171,        0.61536484485853,            0.010774480714262319,   9.19469945210953,          86.64865064457362,       0.2629446925507182,               246.2722896113596,                  58.00306694993946, 4673293.914478115,  96.6149786666345, 4673390.529456781, 3.196119903089767e-10
               0.00099728079256,               0.05929450247125,               0.09859629778171,        0.61536484485853,            0.010774480714262319,   9.19469945210953,          86.64865064457362,       0.2629446925507182,               246.2722896113596,                  58.00306694993946, 4673293.914478115,  96.6149786666345, 4673390.529456781, 3.315328730572834e-10
               0.00333114110223,               0.06052603469758,               0.09810345162293,        0.07400739617443,             0.01033287568019786,   5.50751583929915,          88.77109111849079,        0.260149007411462,              253.16629443145615,                  55.66333085581483, 4673293.939976262,100.62243062879652, 4673394.562406891, 3.324725252964462e-10
               0.00071667628748,               0.06011407539799,               0.10441052364148,        1.41361585688658,            0.013951866017301025,   6.67768092294982,           88.4308490077372,      0.26609335626103453,               241.8177880367581,                  58.26445393155799, 4673293.973583441, 75.43307977798564, 4673369.406663219,3.4076130760200026e-10
                0.0003741882347,               0.05964183966118,               0.09872020394613,         1.1542202210704,            0.011597509829270405,   8.10287828376114,          87.57646160410036,      0.26893882473532327,              241.21829349439517,                  56.80791245763913, 4673293.991722144, 89.94372427919438,4673383.9354464235, 3.479182737657267e-10
               0.00185232749536,               0.05996869881743,               0.09743164277621,         0.7593560950503,            0.010857033251538226,   7.54846993640696,           88.1204018457433,       0.2675686191951167,              242.79631342833352,                  59.62635491043015, 4673294.011848536, 95.84355204155858, 4673389.855400578,3.5287790507470154e-10
               0.00185232749536,               0.05996869881743,               0.09743164277621,         0.7593560950503,            0.010857033251538226,   7.54846993640696,           88.1204018457433,       0.2675686191951167,              242.79631342833352,                  59.62635491043015, 4673294.011848536, 95.84355204155858, 4673389.855400578,3.5642886488206373e-10
               0.00364623651651,               0.05923246433565,               0.09889676634668,        0.31017095682499,            0.011555391859344724,   9.72690858078314,          87.05761081123586,       0.2674184609347663,              257.47001761360815,                  58.37466737121354, 4673294.013377765, 90.27914507575161, 4673384.292522841, 3.531523341181482e-10
               0.00142512540238,               0.05913440246434,               0.10592638807339,        0.70565173242811,            0.013912733518558403,   8.89172260596912,           87.4253711542026,      0.26195748602570257,               245.7783738706674,                  58.18813334017704, 4673294.024281271, 75.69401462597514, 4673369.718295896, 3.535917153284839e-10
               0.00230783787372,               0.05970805168936,               0.10328117032841,          0.279059659577,            0.012634806178593997,   8.76502284039304,          88.68187239453133,      0.25593069755983927,              247.91018284006265,                  55.32317168918313, 4673294.222619091, 83.05375336711172, 4673377.276372458, 3.925525284074139e-10
                0.0005456824108,                0.0596463620148,               0.10154248155196,        0.25004850767838,             0.01015592814215987,   9.28256537626216,          88.54648275529982,      0.24902654509274524,               239.9796804004218,                  59.03875704515882, 4673294.251139793,102.48029503035362, 4673396.731434823, 4.354171581762678e-10
                 0.000762278492,                0.0597082318096,               0.09856610987853,        0.41892206494449,            0.010857363861999694,   7.68092699191976,          87.49627658776745,       0.2611948775769812,              243.16259486831837,                  54.18145242119947, 4673294.256923735, 95.93194733066125, 4673390.188871066, 4.407032925927534e-10
                 0.000762278492,                0.0597082318096,               0.09856610987853,        0.41892206494449,            0.010857363861999694,   7.68092699191976,          87.49627658776745,       0.2611948775769812,              243.16259486831837,                  54.18145242119947, 4673294.256923735, 95.93194733066125, 4673390.188871066,4.4197779013827894e-10
                 0.000762278492,                0.0597082318096,               0.09856610987853,        0.41892206494449,            0.010857363861999694,   7.68092699191976,          87.49627658776745,       0.2611948775769812,              243.16259486831837,                  54.18145242119947, 4673294.256923735, 95.93194733066125, 4673390.188871066,4.4197779013827894e-10
                 0.000762278492,                0.0597082318096,               0.09856610987853,        0.41892206494449,            0.010857363861999694,   7.68092699191976,          87.49627658776745,       0.2611948775769812,              243.16259486831837,                  54.18145242119947, 4673294.256923735, 95.93194733066125, 4673390.188871066,4.4197779013827894e-10
               0.00290721746892,               0.05945075598477,               0.10001775697856,        0.62696453999173,            0.012016869308555967,    8.5498483976027,          87.58389399082756,      0.27037763104526485,              255.08017345555788,                  58.83468219563005, 4673294.304774545, 86.91488062444836, 4673381.219655169,4.4379823925818776e-10
               0.00171356240142,               0.05944276353645,               0.09715487153355,        0.58118144679342,            0.011425288111911402,   9.29966773098121,          87.91848082661154,       0.2642281593968736,              247.27991732348397,                  57.45737846756752, 4673294.309189383, 91.30975309487575, 4673385.618942478,4.5315379743033277e-10
               0.00089737057092,               0.05966039293861,               0.10276918352895,        0.42820094112907,            0.011523285692846294,   7.88798202609526,          87.70670379311261,       0.2604134817728385,              248.19346503879143,                  58.87972153063246, 4673294.310047465, 90.62085121133924, 4673384.930898677, 4.520885874083505e-10
               0.00047999505939,                0.0592816854715,               0.10648828932996,        0.09722291938494,            0.013725354618576196,   8.76180705409379,          86.86191708487719,       0.2592715977327993,              239.10376178476093,                  57.03302733009569, 4673294.351460164,  76.7148218313776, 4673371.066281996,4.5954656221160474e-10
               0.00047999505939,                0.0592816854715,               0.10648828932996,        0.09722291938494,            0.013725354618576196,   8.76180705409379,          86.86191708487719,       0.2592715977327993,              239.10376178476093,                  57.03302733009569, 4673294.351460164,  76.7148218313776, 4673371.066281996, 4.690607342528683e-10
               0.00047999505939,                0.0592816854715,               0.10648828932996,        0.09722291938494,            0.013725354618576196,   8.76180705409379,          86.86191708487719,       0.2592715977327993,              239.10376178476093,                  57.03302733009569, 4673294.351460164,  76.7148218313776, 4673371.066281996, 4.690607342528683e-10
               0.00047999505939,                0.0592816854715,               0.10648828932996,        0.09722291938494,            0.013725354618576196,   8.76180705409379,          86.86191708487719,       0.2592715977327993,              239.10376178476093,                  57.03302733009569, 4673294.351460164,  76.7148218313776, 4673371.066281996, 4.690607342528683e-10
               0.00047999505939,                0.0592816854715,               0.10648828932996,        0.09722291938494,            0.013725354618576196,   8.76180705409379,          86.86191708487719,       0.2592715977327993,              239.10376178476093,                  57.03302733009569, 4673294.351460164,  76.7148218313776, 4673371.066281996, 4.690607342528683e-10
               0.00047999505939,                0.0592816854715,               0.10648828932996,        0.09722291938494,            0.013725354618576196,   8.76180705409379,          86.86191708487719,       0.2592715977327993,              239.10376178476093,                  57.03302733009569, 4673294.351460164,  76.7148218313776, 4673371.066281996, 4.690607342528683e-10
               0.00371379121276,                0.0598865417774,                0.1004487213477,        0.00845570953436,            0.012844890733592804,   6.81583729100675,          88.63482861678062,       0.2694753239104686,              252.51155010121116,                  55.62681722544728, 4673294.387400078, 81.56288117934238, 4673375.950281257,4.6338503429653417e-10
               0.00238039267268,                 0.059067293397,               0.10548785463897,        0.72672677789922,             0.01463846976230782,   9.57303662157722,          88.13595590992234,      0.26378392313525384,               249.4739523713306,                  57.15917373469635, 4673294.433910908, 72.10413292619866, 4673366.538043834, 4.805374079695693e-10
               0.00110284688427,               0.05947394349215,               0.10068218485791,        0.10093477662219,            0.012428990709735908,   8.79837901153738,          87.42982967796536,        0.254131039847402,              245.83111694887003,                  55.78843930572675, 4673294.450312259, 84.39203367439649, 4673378.842345933, 4.933095509420089e-10
               0.00013722489666,               0.05943308295423,               0.10262202715433,        0.25003415104991,            0.011819880450354762,   8.89862514611473,          88.84765231046894,        0.267034303957464,               241.9822723702758,                  53.03675448916204,  4673294.46564721, 88.34806177705426, 4673382.813708987, 4.987042568225151e-10
               0.00064598210539,                0.0592095341115,               0.10384616246239,         1.0884767889795,            0.011602522557079798,   9.54519120001746,          87.95709391050822,      0.26013108444465993,              241.21105084841767,                  57.79170415261711, 4673294.484458242,  90.0323696234545,4673384.5168278655,   5.0477537795945e-10
               0.00134308629546,               0.05920660135983,               0.10149447016523,        0.38781450437745,            0.013044243950366706,   8.49873856688703,          86.79284595023493,       0.2678592701666786,              245.66539875371672,                  55.30114641443954, 4673294.506533682, 80.39547006173675, 4673374.902003744, 5.126461862768603e-10
               0.00134308629546,               0.05920660135983,               0.10149447016523,        0.38781450437745,            0.013044243950366706,   8.49873856688703,          86.79284595023493,       0.2678592701666786,              245.66539875371672,                  55.30114641443954, 4673294.506533682, 80.39547006173675, 4673374.902003744, 5.183044019105818e-10
               0.00013795221081,               0.05966409643956,                0.1054571113758,        1.23784736057415,            0.012783995528158065,   8.11107007363361,          88.31773922680203,       0.2724638783418295,               239.2338344509486,                  59.80499434178734, 4673294.525299063, 81.89301711658554,  4673376.41831618, 5.180073041705614e-10
               0.00013795221081,               0.05966409643956,                0.1054571113758,        1.23784736057415,            0.012783995528158065,   8.11107007363361,          88.31773922680203,       0.2724638783418295,               239.2338344509486,                  59.80499434178734, 4673294.525299063, 81.89301711658554,  4673376.41831618, 5.228674634999516e-10
               0.00083316243288,               0.05924143172509,               0.10245145074535,        0.03380703303014,            0.011688364196596218,   8.99472852082003,          88.30345470709908,       0.2764279423577802,              243.63909528596915,                  55.22436780387294, 4673294.533502433, 89.17275050159114, 4673383.706252935,  5.19796832988076e-10
               0.00050084077976,               0.05904936605034,                0.1001754890164,        0.30139283597312,            0.013718233125863842,   9.88409589133612,          88.27238210982968,       0.2662977246120037,               240.8045426132188,                  53.02281682446646, 4673294.667644682, 76.65088038470576, 4673371.318525067, 5.566086943464525e-10
               0.00050084077976,               0.05904936605034,                0.1001754890164,        0.30139283597312,            0.013718233125863842,   9.88409589133612,          88.27238210982968,       0.2662977246120037,               240.8045426132188,                  53.02281682446646, 4673294.667644682, 76.65088038470576, 4673371.318525067, 5.938851855060963e-10
               0.00050084077976,               0.05904936605034,                0.1001754890164,        0.30139283597312,            0.013718233125863842,   9.88409589133612,          88.27238210982968,       0.2662977246120037,               240.8045426132188,                  53.02281682446646, 4673294.667644682, 76.65088038470576, 4673371.318525067, 5.938851855060963e-10
               0.00123875210136,               0.05976447692465,               0.09746060984331,        0.31039205049609,            0.009702368238528757,   9.65134475374774,            88.541103614472,       0.2655191411949548,              247.39145477610225,                  56.78255102210708, 4673294.674867968,106.83382653927515, 4673401.508694507, 5.871417646383907e-10
               0.00172298584419,               0.05945521151162,               0.10054338356941,        0.23679061137886,            0.011744522510042515,    9.1796475863761,          88.37319384641492,      0.26861258453758713,               253.0601570864988,                  56.64921881385381, 4673294.752769136, 88.86890923722622, 4673383.621678373, 6.100816760319251e-10
               0.00389385313945,               0.05948328823804,               0.10218725586399,        0.10502907482394,            0.012980512282435212,   8.60067364892873,          87.76296925665811,       0.2659266298852196,              254.79697008701277,                  55.54644941339278,  4673294.80409509,  80.7989977076278, 4673375.603092798, 6.472869717786668e-10
               0.00389385313945,               0.05948328823804,               0.10218725586399,        0.10502907482394,            0.012980512282435212,   8.60067364892873,          87.76296925665811,       0.2659266298852196,              254.79697008701277,                  55.54644941339278,  4673294.80409509,  80.7989977076278, 4673375.603092798, 6.638946369908934e-10
               0.00324947131843,               0.05965918076636,               0.10033095501359,        0.13467053436983,            0.011861584512344706,   8.12869165978052,          88.96849296056106,        0.269989317254802,               257.3170901390696,                  56.51740150888504, 4673294.811853247,   88.009618922809,  4673382.82147217, 6.598483104458528e-10
               0.00324947131843,               0.05965918076636,               0.10033095501359,        0.13467053436983,            0.011861584512344706,   8.12869165978052,          88.96849296056106,        0.269989317254802,               257.3170901390696,                  56.51740150888504, 4673294.811853247,   88.009618922809,  4673382.82147217, 6.624079007468454e-10
                 0.002494028991,               0.05898481225177,               0.10081439313895,         0.0295717307172,            0.012238165907208437,   9.80115759592616,          88.40360305905129,      0.26989098612787904,              253.99719879383937,                  54.95652579426412, 4673294.844647716, 85.41679010859073, 4673380.261437824, 6.667486316604323e-10
               0.00415765957452,               0.05954083203773,               0.10267644653119,        0.21660392734521,            0.012252570369632522,   8.03188076960663,          88.33784477905226,      0.27090258781998083,              254.55370796206603,                  58.12721266959904, 4673294.897315133,  85.3068917717356, 4673380.204206905, 6.925419236783584e-10
               0.00415765957452,               0.05954083203773,               0.10267644653119,        0.21660392734521,            0.012252570369632522,   8.03188076960663,          88.33784477905226,      0.27090258781998083,              254.55370796206603,                  58.12721266959904, 4673294.897315133,  85.3068917717356, 4673380.204206905, 7.107749067327106e-10
               0.00057380032766,                0.0599283435207,               0.10433875170622,        0.68570935879316,            0.012503671832723287,   7.10950584061826,          88.88242427018605,       0.2552954859917842,               240.0288784797338,                  56.87736569317057, 4673294.913352103, 83.89353686796201, 4673378.806888971, 7.093906356506929e-10
                1.725341823e-05,               0.05963337378307,                0.0985413812418,         0.3463969133331,            0.010802466148699601,   8.22728641804407,          88.62144158945762,       0.2681923002373322,               245.8405052623546,                  56.89618159815041, 4673294.965603972, 96.30012199131066, 4673391.265725963, 7.306045303834143e-10
               0.00064209562561,               0.05926137825597,               0.10364950660231,        0.40653240190136,            0.015521964006269718,   9.68571024303006,            87.669657767773,      0.26317324717874296,              244.33400043017335,                  57.09161520217266, 4673294.990142357, 68.22461525771365, 4673363.214757615, 7.552236433455393e-10
               0.00064209562561,               0.05926137825597,               0.10364950660231,        0.40653240190136,            0.015521964006269718,   9.68571024303006,            87.669657767773,      0.26317324717874296,              244.33400043017335,                  57.09161520217266, 4673294.990142357, 68.22461525771365, 4673363.214757615, 7.644891624556979e-10
               0.00241575631938,                0.0594663166222,               0.10013348701275,        0.69371224455019,            0.012685583245622148,   8.79940065883878,          88.72567021471474,       0.2694631941095364,              253.34928298937393,                   59.5688553080715, 4673295.041780911, 82.54072508371326, 4673377.582505995,  7.76937822239558e-10
               0.00246545343625,               0.05958585695829,               0.09922594385862,        0.11460284936521,            0.009782336890999709,   8.51115930531071,          88.57834921723772,       0.2775899326349444,              251.11871900328077,                  58.96632854898344, 4673295.057860718,105.82749861243458,  4673400.88535933, 7.994556050927865e-10
                0.0001083734797,               0.05951424897645,               0.10185210740751,        0.94311003387392,            0.011864206240670073,    8.7004315355559,          88.89378205013509,       0.2538201339061861,              237.45170023359935,                  56.99605260220207, 4673295.073802091, 88.22693673483047, 4673383.300738826, 8.083163438520178e-10
               0.00377161887061,               0.05987309642784,               0.10390089552797,        0.25493677895133,             0.01270228212440646,   6.96092208822451,          88.25239799258794,      0.26804639033904853,              254.17958937899817,                  57.23740373110596, 4673295.106991023, 82.45670832903825, 4673377.563699352, 8.243844810728446e-10
                 0.001521651377,               0.05968046321404,               0.10031127934577,        0.47663094978421,            0.013298422384098075,   7.88377934078593,          87.81066756375924,       0.2658808310064791,               245.1370707888714,                  54.98655018775086, 4673295.138654623, 78.95797308537149,4673374.0966277085, 8.473072540191587e-10
               0.00324613915019,               0.05933331563239,               0.09877677040066,        0.02135917492329,            0.010618861112037864,   8.42895673450862,           87.8427015404889,      0.26666569960533454,              252.35681260671777,                  55.69652631646001, 4673295.192719453, 97.92207117211194, 4673393.114790625, 8.802272136549544e-10
               0.00100942598497,               0.05959113075002,               0.09809672670991,        0.61882881673066,            0.009850510732127534,   9.17264539534563,          88.57442797837888,       0.2708629440628397,              245.35648874213595,                  56.76231841690102, 4673295.281885449, 105.2094829032391, 4673400.491368352, 9.414639938422541e-10
               0.00282030543369,               0.05982618540321,               0.09806620319919,        0.60548259823931,            0.011204868846517653,   7.75948046540929,          88.59264757944825,       0.2649076553585462,              253.87762233193587,                  59.54640312297472, 4673295.290737297, 93.02181735174828, 4673388.312554649, 9.828669762633714e-10
               0.00100045388082,               0.05973603174852,               0.10271115150147,        0.15222407571137,            0.012032436681704218,   9.64021653690584,          87.91998705308933,      0.26203233813614896,              246.65987830450092,                  56.09936046960118, 4673295.323244472, 86.92500868625889, 4673382.248253158, 9.985338423368814e-10
               0.00147617567295,               0.05962660160014,               0.10444376172468,         0.6522633293956,            0.012978070681437045,   7.91213104619232,          87.58919659725606,      0.27101298208975316,              246.10064483937697,                  57.07756134660868,   4673295.3701925,  80.7429156013662, 4673376.113108101,1.0339808256897218e-09
               0.00123653075607,               0.05923535191466,               0.09792778769775,        0.25610954760849,            0.012143512585614857,   8.99792646726192,          88.14880152702838,      0.27514402523864445,                246.955863957967,                  56.47798617292878,  4673295.41285553, 85.98295636637961, 4673381.395811897,1.0759308887754408e-09
               0.00127033610857,               0.05966519834147,               0.10203940868893,        0.22563213314938,            0.014165387696873265,   7.64281886352435,          88.09246601284124,       0.2674162199701198,              247.14116612089475,                  53.77927756453903, 4673295.452511003, 74.33409754234945, 4673369.786608546,1.1155270645333548e-09
               0.00205382990986,               0.06028958190811,               0.10463625911463,        0.77347751170173,            0.013413460511794125,   6.05565230443312,          88.69610009044169,      0.26677744370491907,              244.14087516824793,                   58.1377670876052, 4673295.529682892, 78.30041987714262,  4673373.83010277, 1.177390835215948e-09
               0.00279347525149,               0.05959250379771,               0.09982001492831,        0.13616429841599,             0.01188170154525158,   7.58545973627383,          87.86372223931248,       0.2677436539712868,              250.64193450883363,                  55.09285055839393, 4673295.534661079, 87.89794548334902, 4673383.432606562, 1.219751531116729e-09
                0.0004245341646,               0.05929642775934,               0.10482091138917,        0.06179960451657,            0.014060871901672352,   9.19286108541539,          88.63892103815914,       0.2572997638656099,               237.6157318961697,                   52.5321983250162, 4673295.549716523, 75.00586237987669, 4673370.555578902,1.2259323828226506e-09
                0.0027161347834,                0.0601068813052,               0.10277606913048,        0.10738015508626,            0.014822603671277516,   6.11404795695047,          88.50706474117798,       0.2654457955751752,               248.6468440837994,                  55.82841163752781,4673295.6213110145,  71.2317781338728, 4673366.853089148,1.2746241630028085e-09
               0.00151141932805,                0.0595016563327,               0.10366919913793,        0.28123617590985,            0.014072905626817032,   9.44923298039382,          87.30270083319968,       0.2601709176881076,              247.04046132246836,                  58.56518563282524, 4673295.622362057,  74.9021580861681, 4673370.524520143,1.3143551170402555e-09
               0.00129302176314,               0.05938251835514,               0.10341138881357,        1.35681838207573,            0.013237628253632484,   8.76604531027803,          88.53926704406562,      0.26643748666755196,              245.78395003029323,                  59.25877803725238, 4673295.638579502, 79.29545877430279, 4673374.934038276,  1.31920011504923e-09
               0.00129302176314,               0.05938251835514,               0.10341138881357,        1.35681838207573,            0.013237628253632484,   8.76604531027803,          88.53926704406562,      0.26643748666755196,              245.78395003029323,                  59.25877803725238, 4673295.638579502, 79.29545877430279, 4673374.934038276,1.3298969084224165e-09
               0.00127855649782,               0.05984039231066,               0.10207366556726,        0.23698395264279,            0.014318574118721384,   7.39103477242341,          88.97480628498869,      0.26103185566953147,              245.46095525960004,                   53.9840883596631, 4673295.650093867, 73.67030637693375, 4673369.320400245,1.3242881885422038e-09
               0.00169461813943,               0.05978326554285,               0.10308305536891,        0.03377162330972,            0.010982129702553104,    8.4934351729342,          87.20345426878055,       0.2648452025730357,              247.99541254520696,                    56.073880978853, 4673295.656866376, 94.83281013927035, 4673390.489676516,1.3297888296130538e-09
               0.00241341475981,               0.05975233418261,               0.10347087182698,        0.81442094647833,            0.013222895407459988,   7.81493397964228,          88.73052298958585,       0.2701532344224873,              249.46618548410547,                  57.93066093976449, 4673295.663154957, 79.32800463592089, 4673374.991159593,1.3318412299420251e-09
               0.00269602821007,                 0.059953817524,               0.10417107391598,        0.16504956109114,            0.011905988221073565,   8.67105079888633,          88.84806823027529,      0.26539592662872125,              255.35135359265007,                  59.33001243435644, 4673295.677108322, 87.75930334728977,4673383.4364116695,1.3387216855072783e-09
                0.0027661854126,               0.05989367051451,                0.0993794246025,        0.39111477829912,            0.010972015598192806,   7.15434020953776,          87.72122177406291,       0.2673283127729263,              250.63062946209243,                  57.00093691465076, 4673295.693768282, 94.88167546277654, 4673390.575443746, 1.352621649619986e-09
               0.00247893724925,               0.05936753278818,               0.10113421299101,        0.09643580931492,            0.011972387378262556,   9.07839105973321,          87.07012394498184,      0.26049130142337845,               248.2719292495825,                  54.93037368678848, 4673295.726238068, 87.36442968627577, 4673383.090667754,1.3794972063049536e-09
               0.00036632462798,               0.05993680317675,               0.10433371192797,        0.90717834580099,            0.012894538353266108,   6.87554806025064,          88.94285322498568,      0.26206279351713446,              238.64280871739487,                  55.70148518892503, 4673295.751644313, 81.36809351198885, 4673377.119737825,1.4128634574042058e-09
               0.00337421506851,               0.05969861979158,               0.10153287057661,         0.0729501982414,            0.011666705392808901,    8.2666138619776,          87.59835375371598,      0.26449480239964274,              253.25459801703084,                  55.27542938134501, 4673295.755646698, 89.49479382819985, 4673385.250440527,1.4265466011718448e-09
                9.760871903e-05,               0.05999142436578,                0.1012790317239,        0.10674658285368,            0.011892876469877068,   8.51109883091981,          87.66792035170567,      0.25498972010179394,              243.30732156572975,                  55.33195029851719, 4673295.865338684,  88.0056741650011, 4673383.871012849,1.5047360323642472e-09
               0.00166729207404,               0.05905210709464,               0.10457957297803,        0.33066117675443,            0.012272593540480834,   9.14263416283749,          86.98246142062958,       0.2623146354020578,              248.37357369084123,                  59.85106246873058, 4673295.877209705, 85.29458517949809, 4673381.171794885, 1.588715420039107e-09
               0.00086097790793,               0.05928459500386,               0.09961549723425,        0.09416275535947,            0.014278637054030346,   8.86744279172655,          87.91552644655519,        0.270734472736351,                243.419515326659,                  54.87212077845877, 4673295.920225931,  73.7283515881111,  4673369.64857752,1.6251425356374387e-09
               0.00157875697929,               0.05906901369745,               0.09827528747709,        0.22942593980895,            0.010736129761614803,   9.60068506940316,          88.96548949363617,       0.2688177362955573,              247.25019573282216,                  54.86484632723081, 4673295.961024234, 96.86342720936631, 4673392.824451444,1.6862245162238387e-09
               0.00157875697929,               0.05906901369745,               0.09827528747709,        0.22942593980895,            0.010736129761614803,   9.60068506940316,          88.96548949363617,       0.2688177362955573,              247.25019573282216,                  54.86484632723081, 4673295.961024234, 96.86342720936631, 4673392.824451444,1.7206172951261407e-09
               0.00157875697929,               0.05906901369745,               0.09827528747709,        0.22942593980895,            0.010736129761614803,   9.60068506940316,          88.96548949363617,       0.2688177362955573,              247.25019573282216,                  54.86484632723081, 4673295.961024234, 96.86342720936631, 4673392.824451444,1.7206172951261407e-09
               0.00102423059457,               0.05940634325949,               0.10335931889583,        0.09101161941994,            0.011776582263304771,   9.35612717072823,          87.33555737971415,      0.25400263940715384,               241.1407312019582,                  55.80633265564764,  4673296.00086446, 88.85124664517947, 4673384.852111105,1.7293813565090184e-09
               0.00222839373458,               0.06007681724415,               0.10015636433841,        0.09711227674101,            0.010114129394530111,   8.59887452374942,          87.81623145292676,       0.2659999907751523,              253.57951437716008,                  59.41153209433915,4673296.0604315065,102.63098321805077, 4673398.691414724,1.8089108300509178e-09
               0.00177055441182,               0.05994983412808,               0.10649328531463,        0.26559732714093,            0.013540616288660053,   7.36702917563641,          87.78876301214065,       0.2622800113383667,              248.65503272820277,                  56.15107799948877, 4673296.095987709, 77.66460133554479, 4673373.760589045,1.8870477187924633e-09
               0.00321731945853,               0.05933041513346,               0.09791639415875,        0.23062602045572,            0.010718763350328312,   9.32947715249102,          87.35573615847336,      0.26951078734695255,               254.0112343629667,                  56.92645531220236, 4673296.107054191, 97.00477106313404, 4673393.111825254,1.9216700789922905e-09
               0.00321731945853,               0.05933041513346,               0.09791639415875,        0.23062602045572,            0.010718763350328312,   9.32947715249102,          87.35573615847336,      0.26951078734695255,               254.0112343629667,                  56.92645531220236, 4673296.107054191, 97.00477106313404, 4673393.111825254,1.9323030339267137e-09
               0.00047326389536,                0.0594554232943,               0.09999761384089,        0.61853779555801,            0.013465853353651228,   7.96134826496365,          88.28818747646295,      0.26326716273194606,              242.40995640439843,                   57.0023905019435, 4673296.113533104, 78.06033358085708, 4673374.173866685,1.9192935858845957e-09
               0.00047326389536,                0.0594554232943,               0.09999761384089,        0.61853779555801,            0.013465853353651228,   7.96134826496365,          88.28818747646295,      0.26326716273194606,              242.40995640439843,                   57.0023905019435, 4673296.113533104, 78.06033358085708, 4673374.173866685, 1.925511032261989e-09
               0.00158251737301,               0.05932296223629,               0.09749946410324,        0.17182815970713,            0.009579902197288881,   9.60928664913692,          88.02308252641515,       0.2696548563951296,                249.020311351817,                  54.99885212087023, 4673296.190605827,108.09364352930018, 4673404.284249356, 1.982720760694546e-09
               0.00192233095398,               0.05977682749544,               0.09766453437763,         0.1550715040533,            0.010041719751649933,    8.3306801618539,           88.5863778033516,      0.26884952712942006,              249.51157415587727,                  54.86260277992812, 4673296.191136986,103.30408854741637, 4673399.495225534,2.0493898537459615e-09
               0.00266595404057,               0.06019984808457,               0.10204702103936,        0.81625178844774,            0.011334537252622639,   6.65363355675522,          88.57086295114144,      0.26486913813125185,               250.2719718407342,                  58.22476322008249, 4673296.193256624, 92.00137133105981, 4673388.194627956,  2.04189949540119e-09
               0.00142754469134,               0.05914104602015,               0.09962996700505,        0.09672681624553,            0.013442605342781723,    9.7010711702631,          86.98464116360805,       0.2657667546538733,              244.39671653733325,                  55.19888869951744, 4673296.199860065, 78.15303920761603, 4673374.352899273,2.0406316388722617e-09
               0.00101554753266,               0.05925603488147,               0.10497836862297,        0.33279732145843,             0.01230331393000562,   9.17235024507003,          88.99816219084158,       0.2558456964448163,              239.27687892421568,                  56.66431156392487, 4673296.280596569, 85.18752032547326, 4673381.468116894,2.1228317835941683e-09
               0.00249516925177,               0.06045260537426,               0.10052184323653,        0.12179303358418,             0.01129038083866817,   5.87902079628078,          88.08707393527305,      0.25833398330095847,               250.6683080680038,                   58.7450694443414, 4673296.326856264,  92.4419295481318, 4673388.768785812, 2.249514456272485e-09
               0.00239871192444,               0.06085054185138,               0.09975713778188,        0.15946179813154,            0.011012241401861406,   5.39775741546202,          88.97075310877328,      0.25551930555037955,              251.20765498329925,                  56.25623782431096, 4673296.344524475, 94.72163337327429, 4673391.066157848,2.3104963168740406e-09
               0.00239871192444,               0.06085054185138,               0.09975713778188,        0.15946179813154,            0.011012241401861406,   5.39775741546202,          88.97075310877328,      0.25551930555037955,              251.20765498329925,                  56.25623782431096, 4673296.344524475, 94.72163337327429, 4673391.066157848,2.3309069542918597e-09
               0.00239871192444,               0.06085054185138,               0.09975713778188,        0.15946179813154,            0.011012241401861406,   5.39775741546202,          88.97075310877328,      0.25551930555037955,              251.20765498329925,                  56.25623782431096, 4673296.344524475, 94.72163337327429, 4673391.066157848,2.3309069542918597e-09
               0.00239871192444,               0.06085054185138,               0.09975713778188,        0.15946179813154,            0.011012241401861406,   5.39775741546202,          88.97075310877328,      0.25551930555037955,              251.20765498329925,                  56.25623782431096, 4673296.344524475, 94.72163337327429, 4673391.066157848,2.3309069542918597e-09
               0.00080075819087,               0.05928961841724,               0.09809474455631,        0.30454768412895,            0.009721939052305579,   8.90429289520585,          88.84169609190099,      0.26526459505612304,              242.99171109579328,                  55.36230002683484, 4673296.361755736,106.62995961198125, 4673402.991715348,2.3043738894019163e-09
               0.00080075819087,               0.05928961841724,               0.09809474455631,        0.30454768412895,            0.009721939052305579,   8.90429289520585,          88.84169609190099,      0.26526459505612304,              242.99171109579328,                  55.36230002683484, 4673296.361755736,106.62995961198125, 4673402.991715348,2.3242270324403807e-09
               0.00080075819087,               0.05928961841724,               0.09809474455631,        0.30454768412895,            0.009721939052305579,   8.90429289520585,          88.84169609190099,      0.26526459505612304,              242.99171109579328,                  55.36230002683484, 4673296.361755736,106.62995961198125, 4673402.991715348,2.3242270324403807e-09
               0.00109759410346,                0.0592920928059,               0.10050357617058,        0.91443076679066,            0.010514604147828729,   9.59885379073847,          88.66092341280905,      0.25655736110878996,               243.9378399591371,                   58.9344991692304, 4673296.363511206, 99.00357911702508, 4673395.367090323,2.2915484473733106e-09
               0.00286686198317,               0.05934498239278,               0.09732182036084,        0.01723838091797,            0.010619878920620069,   8.52207308843338,          87.87750841202777,      0.26618192987386186,               251.2998932900514,                  55.68384769279223, 4673296.382492124, 97.91986115290257, 4673394.302353277,2.3040145739980117e-09
               0.00286686198317,               0.05934498239278,               0.09732182036084,        0.01723838091797,            0.010619878920620069,   8.52207308843338,          87.87750841202777,      0.26618192987386186,               251.2998932900514,                  55.68384769279223, 4673296.382492124, 97.91986115290257, 4673394.302353277, 2.325880073043404e-09
               0.00389463190723,               0.05981544810534,               0.09807578422984,        0.07669715789936,            0.010194778121074501,   8.13723043341171,           88.9564360382947,       0.2569246983794842,              258.36836059632753,                  59.73094601768506, 4673296.415342231,101.98162346974526, 4673398.396965701,2.3411876626724756e-09
               0.00389463190723,               0.05981544810534,               0.09807578422984,        0.07669715789936,            0.010194778121074501,   8.13723043341171,           88.9564360382947,       0.2569246983794842,              258.36836059632753,                  59.73094601768506, 4673296.415342231,101.98162346974526, 4673398.396965701, 2.379638337348505e-09
               0.00389463190723,               0.05981544810534,               0.09807578422984,        0.07669715789936,            0.010194778121074501,   8.13723043341171,           88.9564360382947,       0.2569246983794842,              258.36836059632753,                  59.73094601768506, 4673296.415342231,101.98162346974526, 4673398.396965701, 2.379638337348505e-09
               0.00389463190723,               0.05981544810534,               0.09807578422984,        0.07669715789936,            0.010194778121074501,   8.13723043341171,           88.9564360382947,       0.2569246983794842,              258.36836059632753,                  59.73094601768506, 4673296.415342231,101.98162346974526, 4673398.396965701, 2.379638337348505e-09
               0.00389463190723,               0.05981544810534,               0.09807578422984,        0.07669715789936,            0.010194778121074501,   8.13723043341171,           88.9564360382947,       0.2569246983794842,              258.36836059632753,                  59.73094601768506, 4673296.415342231,101.98162346974526, 4673398.396965701, 2.379638337348505e-09
               0.00389463190723,               0.05981544810534,               0.09807578422984,        0.07669715789936,            0.010194778121074501,   8.13723043341171,           88.9564360382947,       0.2569246983794842,              258.36836059632753,                  59.73094601768506, 4673296.415342231,101.98162346974526, 4673398.396965701, 2.379638337348505e-09
               0.00389463190723,               0.05981544810534,               0.09807578422984,        0.07669715789936,            0.010194778121074501,   8.13723043341171,           88.9564360382947,       0.2569246983794842,              258.36836059632753,                  59.73094601768506, 4673296.415342231,101.98162346974526, 4673398.396965701, 2.379638337348505e-09
               0.00389463190723,               0.05981544810534,               0.09807578422984,        0.07669715789936,            0.010194778121074501,   8.13723043341171,           88.9564360382947,       0.2569246983794842,              258.36836059632753,                  59.73094601768506, 4673296.415342231,101.98162346974526, 4673398.396965701, 2.379638337348505e-09
               0.00389463190723,               0.05981544810534,               0.09807578422984,        0.07669715789936,            0.010194778121074501,   8.13723043341171,           88.9564360382947,       0.2569246983794842,              258.36836059632753,                  59.73094601768506, 4673296.415342231,101.98162346974526, 4673398.396965701, 2.379638337348505e-09
               0.00218938058653,               0.05996366854734,               0.09918958640459,         0.1291146331451,            0.010802113146497485,   8.31051441905388,          88.13327896948832,       0.2633964304238325,              255.64704494302651,                  58.91169373578433,4673296.5233738925, 96.37103797544476, 4673392.894411868, 2.402747700198041e-09
               0.00142128443294,               0.05953569703146,               0.10307940944051,        0.15300792594886,            0.013236053819964374,    9.4035339338124,          88.81300366126295,       0.2624345148519392,              245.10257042668667,                  54.53111932586094, 4673296.530485864, 79.36169333395856, 4673375.892179198, 2.528801331309909e-09
               0.00142128443294,               0.05953569703146,               0.10307940944051,        0.15300792594886,            0.013236053819964374,    9.4035339338124,          88.81300366126295,       0.2624345148519392,              245.10257042668667,                  54.53111932586094, 4673296.530485864, 79.36169333395856, 4673375.892179198, 2.537793675169729e-09
               0.00119310347259,               0.05963003814151,               0.09444613517761,        0.20267465453444,            0.008811196460460165,   8.70552693917846,          88.82045468631077,       0.2646773888575878,              243.87933908530667,                  55.46948392752603, 4673296.532328684,117.27014943556739,  4673413.80247812,  2.51485921366876e-09
               0.00044248343518,               0.05931102108628,               0.10050057759674,        0.12776115182639,            0.014970084029697895,   8.96872728379768,          88.44514268483172,      0.26756545053478037,              244.35335485937864,                  56.25752670564664, 4673296.543988869, 70.53729554773689, 4673367.081284416, 2.519340988173696e-09
               0.00163045533846,               0.05949938657759,               0.09881405103265,        0.18898397372377,            0.009614674439593933,   9.01036474109953,          88.91139694722887,       0.2595825998184373,              251.35250683620015,                  57.84812852275035, 4673296.584875569,107.86002016225663, 4673404.444895731,2.5740362993002705e-09
               0.00044599669802,               0.06007708834412,               0.10309656087869,        0.28174875734815,            0.012887022785032481,   8.56898677877453,          88.09298341550239,       0.2620654945486823,              242.57764663173032,                    59.229300143526, 4673296.609665526, 81.41328177086436,4673378.0229472965,2.6463831624904615e-09
               0.00025623409166,                0.0594714371188,               0.10253029953462,        0.71520819880825,            0.014645337759922274,   8.04573181761057,           88.7986741889033,      0.26575195801294477,               237.2677705716082,                  54.59486734413951, 4673296.694370111, 72.04402292470323, 4673368.738393036,2.7836788172444746e-09
               0.00025623409166,                0.0594714371188,               0.10253029953462,        0.71520819880825,            0.014645337759922274,   8.04573181761057,           88.7986741889033,      0.26575195801294477,               237.2677705716082,                  54.59486734413951, 4673296.694370111, 72.04402292470323, 4673368.738393036,2.9015035564406514e-09
               0.00050245274336,               0.05947466560044,               0.10571712401439,        0.46923042926248,            0.015184185098311893,   8.57091824578837,          88.96766847998978,      0.25778648561014395,              240.90560376601331,                   55.0568422744375, 4673296.694879226, 69.73717520798846, 4673366.432054434,2.8733643104297336e-09
               0.00098380301398,               0.05943807432186,                0.0994161759787,        0.39500586756069,            0.010513766186072781,   8.65100341107557,           88.7808983491479,       0.2645600900812107,               244.5306177692498,                  54.54492343107549, 4673296.708734072, 98.89325497613879, 4673395.601989048, 2.879745657758138e-09
               0.00098380301398,               0.05943807432186,                0.0994161759787,        0.39500586756069,            0.010513766186072781,   8.65100341107557,           88.7808983491479,       0.2645600900812107,               244.5306177692498,                  54.54492343107549, 4673296.708734072, 98.89325497613879, 4673395.601989048, 2.899694554915094e-09
               0.00098380301398,               0.05943807432186,                0.0994161759787,        0.39500586756069,            0.010513766186072781,   8.65100341107557,           88.7808983491479,       0.2645600900812107,               244.5306177692498,                  54.54492343107549, 4673296.708734072, 98.89325497613879, 4673395.601989048, 2.899694554915094e-09
               0.00098380301398,               0.05943807432186,                0.0994161759787,        0.39500586756069,            0.010513766186072781,   8.65100341107557,           88.7808983491479,       0.2645600900812107,               244.5306177692498,                  54.54492343107549, 4673296.708734072, 98.89325497613879, 4673395.601989048, 2.899694554915094e-09
               0.00098380301398,               0.05943807432186,                0.0994161759787,        0.39500586756069,            0.010513766186072781,   8.65100341107557,           88.7808983491479,       0.2645600900812107,               244.5306177692498,                  54.54492343107549, 4673296.708734072, 98.89325497613879, 4673395.601989048, 2.899694554915094e-09
               0.00098380301398,               0.05943807432186,                0.0994161759787,        0.39500586756069,            0.010513766186072781,   8.65100341107557,           88.7808983491479,       0.2645600900812107,               244.5306177692498,                  54.54492343107549, 4673296.708734072, 98.89325497613879, 4673395.601989048, 2.899694554915094e-09
               0.00128479046626,               0.06004297966412,                0.1033550797144,        0.04969013629289,            0.010383754883304026,   8.67551477180739,          88.68176247052426,      0.26082631891308694,              250.91374957382476,                  58.58530385146486, 4673296.722446908,100.13824528525839, 4673396.860692194, 2.832557402043184e-09
               0.00329130622452,                0.0598718005589,               0.10531979834857,        0.25718581903281,            0.013583231094308599,   6.99088767090545,          88.53741652262141,      0.27160623284232494,              253.20774079497988,                  57.41330182817658, 4673296.792511728, 77.30198665918938, 4673374.094498387, 2.940769465451649e-09
               0.00168983670946,               0.06020720015592,               0.09416898943673,        0.08146711422442,            0.006878061447455264,   7.82931136259089,          88.27589854229716,       0.2580668823798434,              248.49704285513795,                  56.13494089464319, 4673296.792576467,149.26476763425717, 4673446.057344101,3.0287045866301965e-09
               0.00115339732895,               0.05932621317578,               0.10241324364326,        1.03934981441018,            0.014141018641551704,   9.02397725330017,          87.71994967434146,      0.27026127027936786,              242.98658294450277,                  59.67854128994335, 4673296.799732133,  74.4163866846749, 4673371.216118817,3.0245552609892387e-09
               0.00060226518895,               0.05960357012399,               0.09980391130313,        0.30916362576057,            0.012714428837310797,   7.95243294847216,          88.08563545638359,       0.2648811174854562,               242.7410933326939,                  52.84718895362018, 4673296.814881952, 82.42607857733725, 4673379.240960529,3.0433276841887228e-09
               0.00140259754211,               0.05945725657367,               0.09755049506612,        0.04126447824456,            0.010760036486609649,   9.15231147070891,          88.77610748585275,       0.2723085954344874,              249.09848053041964,                  56.00820964858606, 4673296.851582133, 96.60879203583761, 4673393.460374169, 3.108153040864252e-09
               0.00140259754211,               0.05945725657367,               0.09755049506612,        0.04126447824456,            0.010760036486609649,   9.15231147070891,          88.77610748585275,       0.2723085954344874,              249.09848053041964,                  56.00820964858606, 4673296.851582133, 96.60879203583761, 4673393.460374169, 3.165181531111466e-09
               0.00140259754211,               0.05945725657367,               0.09755049506612,        0.04126447824456,            0.010760036486609649,   9.15231147070891,          88.77610748585275,       0.2723085954344874,              249.09848053041964,                  56.00820964858606, 4673296.851582133, 96.60879203583761, 4673393.460374169, 3.165181531111466e-09
               0.00140259754211,               0.05945725657367,               0.09755049506612,        0.04126447824456,            0.010760036486609649,   9.15231147070891,          88.77610748585275,       0.2723085954344874,              249.09848053041964,                  56.00820964858606, 4673296.851582133, 96.60879203583761, 4673393.460374169, 3.165181531111466e-09
               0.00140259754211,               0.05945725657367,               0.09755049506612,        0.04126447824456,            0.010760036486609649,   9.15231147070891,          88.77610748585275,       0.2723085954344874,              249.09848053041964,                  56.00820964858606, 4673296.851582133, 96.60879203583761, 4673393.460374169, 3.165181531111466e-09
                0.0014322855185,               0.05955834010023,               0.10283664021583,        0.47886724955476,            0.011307384949285628,   9.34270447565239,          87.39613711428007,      0.26208124410444494,               249.8636319671934,                  58.40499512066254, 4673296.994275357, 92.25338871112984, 4673389.247664068,3.3231388959452266e-09
               0.00142480765432,               0.05956689564427,               0.09749894833073,        0.91410969638872,             0.00925841734184265,   8.97519937541607,           88.5575347088187,       0.2620693179399542,              247.49310670479463,                  59.34193904764849, 4673297.028699532,111.82560536007237, 4673408.854304892, 3.604150334099416e-09
               0.00162802502215,                0.0597898177522,               0.10164445137066,        0.25962664119636,             0.01272694194605746,   8.21936035825998,          88.44941661085714,      0.26938561435285385,              242.24184728595444,                  57.31217625092161,4673297.0308279125, 82.28562140375494, 4673379.316449316,3.6518256963452795e-09
               0.00098333136394,               0.05977000644009,               0.09476429297161,        0.33103983220128,            0.008651265793823179,   9.19541893422701,           88.0552433724657,      0.25995925782861773,              246.09330351281443,                  57.70236773571681, 4673297.115305828,119.43677823830211, 4673416.552084066, 3.797846036105247e-09
               0.00132795881041,               0.05919349926366,               0.10297354928915,        0.19103707524151,            0.012029140395806643,   9.94395754699708,          87.20259435823799,       0.2556739123066736,               247.6280454565039,                  55.56488124101791, 4673297.166668957, 87.04269174606794, 4673384.209360703, 4.042264235526051e-09
               0.00132795881041,               0.05919349926366,               0.10297354928915,        0.19103707524151,            0.012029140395806643,   9.94395754699708,          87.20259435823799,       0.2556739123066736,               247.6280454565039,                  55.56488124101791, 4673297.166668957, 87.04269174606794, 4673384.209360703,4.1460530904029165e-09
               0.00016432712725,               0.05934160857702,               0.09958221979748,        0.36288761724018,            0.012415891227959426,   9.66949804345902,          88.47910421072818,       0.2692541747134424,              241.06137067975732,                  54.55475786632823, 4673297.256309801, 84.25590555416727, 4673381.512215355,  4.29727566987884e-09
               0.00271266540392,               0.05912257201089,               0.10598732676514,        0.42318658797168,            0.014601752960534701,   9.48277948049704,          88.12273614369525,        0.265691056519151,               250.3384398292039,                  57.09353375535122, 4673297.289312966, 72.24869788333194,  4673369.53801085,4.5423648352560316e-09
                0.0027395241415,               0.05969774461441,               0.10596133406732,        0.08561612911052,             0.01348153251723898,   8.51873543283391,          87.70213429500738,       0.2619734178286359,              251.04817659498835,                  57.40821377625466,  4673297.50786577, 77.99272455470283, 4673375.500590324,  5.15548339365561e-09
                 9.55098295e-05,               0.05925830150118,               0.10633474178943,        0.42663807943396,            0.013273239111458264,   8.89470652891315,          88.91948172668532,       0.2638711277709839,               246.0060153947883,                  59.30885862354457, 4673297.563013372, 79.12928917248553, 4673376.692302545,5.8494335887415375e-09
               0.00072284122838,               0.05923021058427,               0.10552233088155,        0.59161308332872,             0.01274989833561657,    9.8688270457218,           87.9515302545676,       0.2555447727754976,              244.51050904997032,                  59.84439167061053, 4673297.572259351, 82.34520653062535, 4673379.917465881, 6.008557243286101e-09
               0.00072284122838,               0.05923021058427,               0.10552233088155,        0.59161308332872,             0.01274989833561657,    9.8688270457218,           87.9515302545676,       0.2555447727754976,              244.51050904997032,                  59.84439167061053, 4673297.572259351, 82.34520653062535, 4673379.917465881,6.0363345413408535e-09
               0.00143834516481,               0.05967589556143,               0.10565024012437,        0.32956222223061,            0.013726282946337164,   9.35127039578472,            88.333526087052,       0.2656665837767566,              248.06361359719807,                  59.54292353099621, 4673297.594450272, 76.61705165967797, 4673374.211501932,6.0433221984749636e-09
               0.00143834516481,               0.05967589556143,               0.10565024012437,        0.32956222223061,            0.013726282946337164,   9.35127039578472,            88.333526087052,       0.2656665837767566,              248.06361359719807,                  59.54292353099621, 4673297.594450272, 76.61705165967797, 4673374.211501932, 6.110372892112335e-09
               0.00259948839652,               0.05961097287053,               0.09719641329415,        0.08536443965732,            0.010517189865642854,   8.68345830722504,          87.92339845765754,           0.265235533911,               254.2943355485205,                  56.56020946422681,  4673297.74291823, 98.85266682343958, 4673396.595585053, 6.533707268859568e-09
               0.00159591431748,               0.05976633134214,               0.10030966420204,        0.53107661301172,            0.013586831269154241,    7.4112525685897,          88.31304948359234,       0.2774703264820002,              247.81051449076523,                  59.49923738030317, 4673297.749119349, 77.20466747839605, 4673374.953786828, 7.004645000725078e-09
               0.00159591431748,               0.05976633134214,               0.10030966420204,        0.53107661301172,            0.013586831269154241,    7.4112525685897,          88.31304948359234,       0.2774703264820002,              247.81051449076523,                  59.49923738030317, 4673297.749119349, 77.20466747839605, 4673374.953786828, 7.026363248230265e-09
               0.00170480478642,               0.05949424982622,               0.09768088059105,         0.3542165687871,              0.0081581952444079,   9.82744651567957,          88.34205206427573,      0.26626156805759454,                250.606480449236,                  58.23088246273864, 4673297.906846424,126.33183526287992, 4673424.238681686, 7.550692029173562e-09
               0.00170480478642,               0.05949424982622,               0.09768088059105,         0.3542165687871,              0.0081581952444079,   9.82744651567957,          88.34205206427573,      0.26626156805759454,                250.606480449236,                  58.23088246273864, 4673297.906846424,126.33183526287992, 4673424.238681686, 8.144934866096377e-09
               0.00267765260308,               0.06006402234278,               0.09663771637169,        0.04205191457169,            0.008278180544811673,   7.60476496499304,          88.14499108866306,      0.25918418330198706,               251.3630029635106,                  56.23250399073655, 4673298.072560798, 124.6577515837654, 4673422.730312382, 8.790592233376092e-09
               0.00150519247445,               0.06045203250913,                0.1018770915032,        0.07540168679683,             0.01265857300071549,   5.79511648340997,          88.10540472364104,       0.2586722101366599,              247.33461048544763,                  55.33681007323815, 4673298.099227726, 82.86374249291292,  4673380.96297022, 9.597909813906311e-09
               0.00150519247445,               0.06045203250913,                0.1018770915032,        0.07540168679683,             0.01265857300071549,   5.79511648340997,          88.10540472364104,       0.2586722101366599,              247.33461048544763,                  55.33681007323815, 4673298.099227726, 82.86374249291292,  4673380.96297022, 9.725875613900316e-09
               0.00150519247445,               0.06045203250913,                0.1018770915032,        0.07540168679683,             0.01265857300071549,   5.79511648340997,          88.10540472364104,       0.2586722101366599,              247.33461048544763,                  55.33681007323815, 4673298.099227726, 82.86374249291292,  4673380.96297022, 9.725875613900316e-09
               0.00150519247445,               0.06045203250913,                0.1018770915032,        0.07540168679683,             0.01265857300071549,   5.79511648340997,          88.10540472364104,       0.2586722101366599,              247.33461048544763,                  55.33681007323815, 4673298.099227726, 82.86374249291292,  4673380.96297022, 9.725875613900316e-09
               0.00138902034419,                0.0599177267174,               0.09531971386921,        0.14621222124538,            0.007965390459816328,   8.99791005808642,          87.91488785092237,       0.2564266137371963,              247.60355211109112,                  57.33018230753462, 4673298.156907634, 129.4428749440878, 4673427.599782578, 9.815320790124867e-09
               0.00059236248796,               0.05932781425308,               0.10166175538549,        1.10221690587466,            0.012566958478185205,   8.87867233674699,          88.41239891554035,      0.26202799472972854,               239.9510745884865,                  56.39385183281942, 4673298.258385185, 83.39013514076323, 4673381.648520326,1.0584668062143492e-08
               0.00155931672167,                0.0589569152465,               0.10270665127573,        0.31440600890937,             0.01362895934075888,   9.56291500071305,          88.02622418301812,       0.2619865522591982,              248.18732119494507,                  55.00280921987715, 4673298.278920563,  77.1901634309825, 4673375.469083994, 1.118072730629451e-08
               0.00155931672167,                0.0589569152465,               0.10270665127573,        0.31440600890937,             0.01362895934075888,   9.56291500071305,          88.02622418301812,       0.2619865522591982,              248.18732119494507,                  55.00280921987715, 4673298.278920563,  77.1901634309825, 4673375.469083994,1.1295523500227907e-08
               0.00155931672167,                0.0589569152465,               0.10270665127573,        0.31440600890937,             0.01362895934075888,   9.56291500071305,          88.02622418301812,       0.2619865522591982,              248.18732119494507,                  55.00280921987715, 4673298.278920563,  77.1901634309825, 4673375.469083994,1.1295523500227907e-08
               0.00164209831614,               0.05881752863167,               0.10122537863558,        0.19758856797091,            0.010696032403064928,    9.7908694516523,           87.7622417872244,       0.2634496751975567,              248.58486970245409,                  59.42027039976517,   4673298.3587116, 97.28840266477863, 4673395.647114265,1.1589039177362389e-08
               0.00164209831614,               0.05881752863167,               0.10122537863558,        0.19758856797091,            0.010696032403064928,    9.7908694516523,           87.7622417872244,       0.2634496751975567,              248.58486970245409,                  59.42027039976517,   4673298.3587116, 97.28840266477863, 4673395.647114265,1.2051144765231034e-08
               0.00135651485303,               0.06035982428396,               0.10189240880883,        0.27541703915983,            0.013834672380674325,   5.27462366711046,          88.85716374108573,       0.2754442847265707,               246.3515647624801,                  56.85722921734421,4673298.3591549955, 75.91265808738947,4673374.2718130825, 1.193387859307852e-08
                0.0008302278067,               0.05875873512466,               0.09560662554023,        0.30064250061514,            0.010097471575009878,   9.88412331153511,          87.57273331564534,       0.2739655952649659,              241.62490583342057,                  58.23161878658626, 4673298.385372947, 102.6847866063312, 4673401.070159554, 1.203489472683596e-08
               0.00211491207001,               0.05871087016096,               0.10358287063829,        0.60865667091992,             0.01318038012399187,   9.80496796281289,          87.13854316723754,      0.26970846495552797,              248.35575601855223,                  58.49202427211683, 4673298.460970653, 79.57805310365104, 4673378.039023757,1.2608345011679585e-08
               0.00145469302732,               0.06084815825906,               0.09717271503282,        0.05759971536393,            0.009335383426614958,    5.3829369276358,          88.86638681679408,       0.2530479518060693,              246.78055605197704,                  58.28997162962969,4673298.4726856295,111.07114824728198, 4673409.543833877,1.3096311756825437e-08
               0.00145469302732,               0.06084815825906,               0.09717271503282,        0.05759971536393,            0.009335383426614958,    5.3829369276358,          88.86638681679408,       0.2530479518060693,              246.78055605197704,                  58.28997162962969,4673298.4726856295,111.07114824728198, 4673409.543833877,1.3173022370621538e-08
               0.00145469302732,               0.06084815825906,               0.09717271503282,        0.05759971536393,            0.009335383426614958,    5.3829369276358,          88.86638681679408,       0.2530479518060693,              246.78055605197704,                  58.28997162962969,4673298.4726856295,111.07114824728198, 4673409.543833877,1.3173022370621538e-08
               0.00145469302732,               0.06084815825906,               0.09717271503282,        0.05759971536393,            0.009335383426614958,    5.3829369276358,          88.86638681679408,       0.2530479518060693,              246.78055605197704,                  58.28997162962969,4673298.4726856295,111.07114824728198, 4673409.543833877,1.3173022370621538e-08
               0.00136103923299,               0.05907772615599,               0.10359333759722,        0.83290131565346,            0.013190219848911732,   9.33057618918866,          87.93622793256442,      0.27264504240141146,               241.8004859847107,                  59.15858933979243, 4673298.499585787, 79.48152026139576, 4673377.981106048,1.3086881639156949e-08
               0.00068816839007,               0.05917243204409,               0.10649541835913,        0.62733461191032,            0.013780177129311871,   9.85687256844253,           88.3286162995614,        0.257543457099632,              244.71657660761872,                  58.35177142963608, 4673298.589413747, 76.45084755449308, 4673375.040261302, 1.381706867807819e-08
               0.00281458140942,               0.05965274763863,               0.09948021411212,        0.20782996682834,            0.009290593340702421,   9.41532092257796,           87.4184347928796,       0.2635432344785512,              255.21459734997265,                  59.38913011752862, 4673298.635521285,111.43019574896245, 4673410.065717034,1.4704334545297204e-08
               0.00119555255381,               0.05942783499868,               0.10195914272788,        0.38500757270301,            0.012366918692148019,   8.67394519809624,          88.74914072325483,       0.2572989499668027,              246.29745052267637,                  55.94383857381523, 4673298.705682115,   84.747415452781, 4673383.453097568,1.5512380328523144e-08
               0.00187125804289,               0.06014166409958,               0.10447033340193,        0.18645560530928,            0.013976665789979243,   6.33601810875379,           88.5232850839919,       0.2717491865511355,              251.73868197311785,                  56.62883085926698, 4673298.710590182, 75.22768610048908,4673373.9382762825,1.6015758807140122e-08
               0.00189217694924,               0.05925472376583,               0.09618679242086,        0.02236998341424,            0.009578077073230612,   9.11011384208005,          87.62672738741144,      0.26445336394283275,              250.26192735179487,                  56.90809651593605, 4673298.782266188,108.18647518124028, 4673406.968741369, 1.656872182135474e-08
               0.00259465707413,               0.05927207918855,               0.10115432404554,        0.12548810439805,            0.010708454200002576,   9.47704887875435,           87.3493463192224,       0.2604287184862645,               254.8211027645939,                  58.03441775826228, 4673298.812159591,  97.2239822627611, 4673396.036141854, 1.733596954818416e-08
               0.00069517763744,               0.05949769419404,               0.09650927741694,        0.04602465914358,            0.009770760303222954,    8.8609362428086,          88.14658438086002,       0.2592282001489596,              242.04809923180093,                  53.07128826225132, 4673298.843522768,106.20378574000941, 4673405.047308507, 1.778642470454404e-08
               0.00069517763744,               0.05949769419404,               0.09650927741694,        0.04602465914358,            0.009770760303222954,    8.8609362428086,          88.14658438086002,       0.2592282001489596,              242.04809923180093,                  53.07128826225132, 4673298.843522768,106.20378574000941, 4673405.047308507, 1.806532122433127e-08
               0.00069517763744,               0.05949769419404,               0.09650927741694,        0.04602465914358,            0.009770760303222954,    8.8609362428086,          88.14658438086002,       0.2592282001489596,              242.04809923180093,                  53.07128826225132, 4673298.843522768,106.20378574000941, 4673405.047308507, 1.806532122433127e-08
               0.00069517763744,               0.05949769419404,               0.09650927741694,        0.04602465914358,            0.009770760303222954,    8.8609362428086,          88.14658438086002,       0.2592282001489596,              242.04809923180093,                  53.07128826225132, 4673298.843522768,106.20378574000941, 4673405.047308507, 1.806532122433127e-08
               0.00077773257947,               0.05933848625089,               0.09554373800684,        0.16312733805933,            0.009103781880225297,   9.24390868861576,          88.16571323216893,      0.26615499974384693,              244.39775979222003,                  55.04140194280619, 4673298.854541964,113.60166864435261, 4673412.456210609,1.7803903706412422e-08
               0.00077773257947,               0.05933848625089,               0.09554373800684,        0.16312733805933,            0.009103781880225297,   9.24390868861576,          88.16571323216893,      0.26615499974384693,              244.39775979222003,                  55.04140194280619, 4673298.854541964,113.60166864435261, 4673412.456210609,1.7901995069256007e-08
               0.00203518072874,               0.05925894746514,               0.10454992060736,        0.18067333099896,            0.012364152900478051,   9.15773956413278,           88.8265484659865,       0.2624375783329858,              249.68364761162087,                  55.21506099513141, 4673298.856615672, 84.68940383923113, 4673383.546019511,1.7742261910939262e-08
               0.00222572153197,               0.05999549956713,                0.0962563224351,        0.28624222213502,            0.008249473648354011,   8.60260767340779,          88.83814261099945,      0.26438912502380363,               250.7325084735321,                  57.69827016134663, 4673298.859281995,125.00215889234865, 4673423.861440888,1.7695888021645893e-08
               0.00219979974445,                0.0593561898213,               0.09684016088775,        0.15858645979483,            0.009441133232086639,   8.93473097884988,          88.05182734613814,       0.2711979384562899,               249.5023611572643,                  56.49524378243205, 4673298.877412723,109.60683186690207, 4673408.484244591,1.7792614974356146e-08
               0.00254855274609,               0.05912263548857,               0.09966838758663,         0.0920246570143,            0.012000173003664467,   9.24401684441251,          87.89299490719601,       0.2714811711654128,              252.54464355368455,                  55.70131947128952, 4673298.884963378, 87.01562864331616, 4673385.900592022,1.7932284094076326e-08
                 4.26299683e-05,               0.06027372812648,               0.10359793111015,        0.17175902801742,            0.012734057472295529,   6.56414205272346,          88.67509319461966,       0.2608460015937019,               243.5383433882118,                  53.10350274372061, 4673298.917516241, 82.36324509137658, 4673381.280761332,1.8206746554157218e-08
                 4.26299683e-05,               0.06027372812648,               0.10359793111015,        0.17175902801742,            0.012734057472295529,   6.56414205272346,          88.67509319461966,       0.2608460015937019,               243.5383433882118,                  53.10350274372061, 4673298.917516241, 82.36324509137658, 4673381.280761332, 1.850306124249565e-08
               0.00114898401232,               0.05970533924843,               0.09937825825288,        0.49659344577049,            0.009315258504657737,   9.33544149181175,          88.01995483474836,       0.2631613381752615,              247.59112967015471,                   57.6938622362301, 4673298.935043792, 111.1507016816672, 4673410.085745474,1.8480909580965803e-08
               0.00114898401232,               0.05970533924843,               0.09937825825288,        0.49659344577049,            0.009315258504657737,   9.33544149181175,          88.01995483474836,       0.2631613381752615,              247.59112967015471,                   57.6938622362301, 4673298.935043792, 111.1507016816672, 4673410.085745474, 1.864286797528904e-08
               0.00138118090481,               0.05945278486572,               0.10233237798794,           0.26671387072,            0.013072042139410808,   8.00454835404259,          87.02571415085583,      0.27205315314647494,               245.6502440174471,                  56.44223443921027, 4673298.960461909, 80.17489368677069,4673379.1353555955,1.8694949229302122e-08
                0.0026206541615,               0.05931229066124,               0.09835086104295,        0.17234121369415,            0.011048721162056204,   9.05646325680822,          87.37476723469803,      0.26447951631227523,               247.0732349409865,                  57.58903931702798, 4673299.050162462, 94.28922339713982, 4673393.339385859,1.9722297812036227e-08
               0.00074200178787,               0.05896990747067,               0.10199927249296,        0.50138705828654,             0.01338517168571667,   8.99897982572491,          87.56686141537082,      0.27383620746631426,              241.40420504024297,                  55.40215519559318, 4673299.063869046,  78.3613565772075, 4673377.425225623, 2.064522253207618e-08
               0.00061186669951,               0.05914002936144,               0.09782677677303,        0.15681806626541,            0.010769828996947131,   9.64628766380861,            87.630619045953,      0.26118012940031693,               235.5320622674201,                  55.56276748189604, 4673299.247232017, 96.68076014735081, 4673395.927992164,2.2764551405385758e-08
               0.00094490155581,               0.05934572233005,               0.09500153812316,          0.548895492051,             0.00910231633457276,   9.92942579945505,          87.79878707714721,      0.26323414257676303,               244.2420096552902,                  57.95701970339353, 4673299.282510056,113.66104463137752, 4673412.943554687,2.5166058805791344e-08
               0.00094490155581,               0.05934572233005,               0.09500153812316,          0.548895492051,             0.00910231633457276,   9.92942579945505,          87.79878707714721,      0.26323414257676303,               244.2420096552902,                  57.95701970339353, 4673299.282510056,113.66104463137752, 4673412.943554687, 2.560991736836844e-08
               0.00094490155581,               0.05934572233005,               0.09500153812316,          0.548895492051,             0.00910231633457276,   9.92942579945505,          87.79878707714721,      0.26323414257676303,               244.2420096552902,                  57.95701970339353, 4673299.282510056,113.66104463137752, 4673412.943554687, 2.560991736836844e-08
               0.00094490155581,               0.05934572233005,               0.09500153812316,          0.548895492051,             0.00910231633457276,   9.92942579945505,          87.79878707714721,      0.26323414257676303,               244.2420096552902,                  57.95701970339353, 4673299.282510056,113.66104463137752, 4673412.943554687, 2.560991736836844e-08
               0.00094490155581,               0.05934572233005,               0.09500153812316,          0.548895492051,             0.00910231633457276,   9.92942579945505,          87.79878707714721,      0.26323414257676303,               244.2420096552902,                  57.95701970339353, 4673299.282510056,113.66104463137752, 4673412.943554687, 2.560991736836844e-08
               0.00098093075874,               0.05897476971992,               0.10639137557616,        0.45838368274713,            0.014771468252207416,   9.88802792866992,          88.83803996005605,      0.26508999027816615,                 242.85776068529,                  55.47704364706404, 4673299.307780165, 71.47038121318742, 4673370.778161379,2.5292408704757204e-08
               0.00180455063069,               0.05934784872595,               0.09926377468298,        0.22673786810518,            0.012054210884312124,   9.18460778440558,          87.81243398934133,      0.26461808506622564,              252.09143333073845,                  58.50672154073767, 4673299.322396442,  86.7375931181397,  4673386.05998956,2.5672152250835978e-08
               0.00180455063069,               0.05934784872595,               0.09926377468298,        0.22673786810518,            0.012054210884312124,   9.18460778440558,          87.81243398934133,      0.26461808506622564,              252.09143333073845,                  58.50672154073767, 4673299.322396442,  86.7375931181397,  4673386.05998956, 2.585976456612145e-08
               0.00180455063069,               0.05934784872595,               0.09926377468298,        0.22673786810518,            0.012054210884312124,   9.18460778440558,          87.81243398934133,      0.26461808506622564,              252.09143333073845,                  58.50672154073767, 4673299.322396442,  86.7375931181397,  4673386.05998956, 2.585976456612145e-08
               0.00114146118204,               0.05919151285756,               0.10082015985406,         0.7766253691507,            0.010658349508845501,    9.8556792270755,          87.56769524264561,       0.2660819853856442,              247.19852403909897,                  58.11958389523056, 4673299.323503606,   97.581397210418, 4673396.904900816,2.5487907557188007e-08
               0.00114146118204,               0.05919151285756,               0.10082015985406,         0.7766253691507,            0.010658349508845501,    9.8556792270755,          87.56769524264561,       0.2660819853856442,              247.19852403909897,                  58.11958389523056, 4673299.323503606,   97.581397210418, 4673396.904900816,2.5502017211596527e-08
               0.00114146118204,               0.05919151285756,               0.10082015985406,         0.7766253691507,            0.010658349508845501,    9.8556792270755,          87.56769524264561,       0.2660819853856442,              247.19852403909897,                  58.11958389523056, 4673299.323503606,   97.581397210418, 4673396.904900816,2.5502017211596527e-08
               0.00172798675174,               0.05989372538257,               0.10327044360647,        0.58615363430069,            0.012458000513732078,   7.38156569755074,          88.46010811974928,      0.26391217281604445,              244.06360043708855,                  56.37070128615734, 4673299.354951799, 84.05884225671953, 4673383.413794056,2.5522678080693576e-08
               0.00189081026315,               0.05952270926372,               0.10558781603777,        0.17859235265242,            0.014817963252893723,   8.70205974261405,          87.61276221015628,       0.2679163936776686,                248.286660091067,                  57.27443082505383,  4673299.35957966, 71.21816566816182, 4673370.577745328,2.5854817267142337e-08
                 0.000991106185,               0.05920281894365,               0.10275473041445,         1.0046358305777,            0.012157423798005756,   9.06006617021606,          88.70174210451191,       0.2628235044759354,              243.75027699006935,                  59.28065323330409, 4673299.368931221, 86.05910312778938, 4673385.428034348, 2.590684866522813e-08
               0.00096280104945,               0.05998795599091,               0.09630935416792,        0.17920423073347,            0.009546887765247208,   8.61765024922258,          88.39721447623062,      0.25659502681373236,              245.49640361801937,                  57.50415553153444, 4673299.390664739,108.64336912069895, 4673408.034033859,2.6183003252327937e-08
               0.00305077144847,               0.05924188215545,                0.0994726409178,        0.18473910411435,            0.010044863599240056,   9.43331385711056,          87.37610362936097,       0.2622244679697814,              254.88599546388684,                  58.38517926280739, 4673299.423148177,103.36689442245893, 4673402.790042599,2.6770599591739467e-08
               0.00157648446052,                0.0589726860593,               0.10613219954985,        0.76942657721319,            0.014603193632931385,   9.61061633749286,          88.90943847928287,       0.2653076212322579,                247.425709609892,                  58.67491132228368, 4673299.463508782, 72.24738110995808, 4673371.710889892,2.7627466825637794e-08
               0.00157648446052,                0.0589726860593,               0.10613219954985,        0.76942657721319,            0.014603193632931385,   9.61061633749286,          88.90943847928287,       0.2653076212322579,                247.425709609892,                  58.67491132228368, 4673299.463508782, 72.24738110995808, 4673371.710889892,2.8184921795475817e-08
                0.0003332460697,               0.05943362144137,               0.09776131082926,        0.47766799969826,            0.009394394856026153,   9.96994532562107,          88.44719662461162,      0.26788884614434655,              243.02112905009835,                  56.30806755615092, 4673299.465284394,110.17934339398923, 4673409.644627788,2.7929270583161758e-08
               0.00108633169615,               0.05989198033307,                0.0962398831186,        0.46247671233811,            0.009566251935838998,   9.11001801371622,          88.81768232641278,       0.2642965093069217,              245.92646467409992,                  59.30242943914634, 4673299.503030758,108.31777769058655, 4673407.820808449,2.8349982231350972e-08
               0.00014456792439,               0.05940256482538,               0.09549302827612,        0.18844276893615,             0.00803812647098306,   9.60516422825185,          87.27390782690675,       0.2627518929965802,               243.0821604529274,                  55.50971064477844, 4673299.521792391,128.21297126522128, 4673427.734763657,2.9013428436183375e-08
               0.00263603213136,               0.05937397806494,               0.09919722814696,        0.01032227000754,            0.009835111874580946,   8.88740667676597,          87.76498598333467,       0.2642766191612789,               256.1424727732575,                  59.66791530279946, 4673299.602772024,105.46043916667156, 4673405.063211191, 3.036884824469843e-08
                0.0016157015368,               0.05953574389585,               0.10450600443778,        0.37021107169158,            0.013498283745710367,   8.48182606830009,          87.70552908240204,       0.2581894697700151,              246.13277663972437,                  58.05939645713501, 4673299.620127933, 77.95661695557239, 4673377.576744889,3.1715824361520724e-08
               0.00011385907993,               0.05999996374454,               0.09776951970132,        0.31430251326129,            0.011974604882579846,   6.65964041748919,           87.7811687742636,       0.2771339130591382,              240.58677384279363,                  57.23072833796981, 4673299.632418899, 87.11842619334932, 4673386.750845092, 3.202871594719966e-08
               0.00138565723488,               0.05927219323582,                0.0985478459449,         0.3933358361621,            0.011413306615671187,   9.46543233579617,          88.08509612145366,       0.2687007171204422,               245.6104903972352,                  55.25772332451436,   4673299.6483127, 91.33864022909934, 4673390.986952929, 3.232207418581905e-08
               0.00190056905032,               0.05961935682802,               0.10382326017541,        0.10412983667134,            0.014292458753404721,   8.32316902963577,          88.99655068492606,       0.2636549423002846,              247.50998931358637,                  54.49809421943048, 4673299.727535609,  73.7598038673841, 4673373.487339476, 3.375315769721473e-08
               0.00093863447897,               0.05935315168998,                0.1028587727469,        0.87511653957834,            0.013196822264049257,   8.78204153422813,          88.56284644455933,        0.268641883200921,              242.52794768961283,                  56.44132294749304, 4673299.861975681, 79.49824559085731, 4673379.360221272, 3.742695480381938e-08
               0.00093863447897,               0.05935315168998,                0.1028587727469,        0.87511653957834,            0.013196822264049257,   8.78204153422813,          88.56284644455933,        0.268641883200921,              242.52794768961283,                  56.44132294749304, 4673299.861975681, 79.49824559085731, 4673379.360221272, 3.993901359651839e-08
               0.00093863447897,               0.05935315168998,                0.1028587727469,        0.87511653957834,            0.013196822264049257,   8.78204153422813,          88.56284644455933,        0.268641883200921,              242.52794768961283,                  56.44132294749304, 4673299.861975681, 79.49824559085731, 4673379.360221272, 3.993901359651839e-08
               0.00093863447897,               0.05935315168998,                0.1028587727469,        0.87511653957834,            0.013196822264049257,   8.78204153422813,          88.56284644455933,        0.268641883200921,              242.52794768961283,                  56.44132294749304, 4673299.861975681, 79.49824559085731, 4673379.360221272, 3.993901359651839e-08
               0.00093863447897,               0.05935315168998,                0.1028587727469,        0.87511653957834,            0.013196822264049257,   8.78204153422813,          88.56284644455933,        0.268641883200921,              242.52794768961283,                  56.44132294749304, 4673299.861975681, 79.49824559085731, 4673379.360221272, 3.993901359651839e-08
               0.00093863447897,               0.05935315168998,                0.1028587727469,        0.87511653957834,            0.013196822264049257,   8.78204153422813,          88.56284644455933,        0.268641883200921,              242.52794768961283,                  56.44132294749304, 4673299.861975681, 79.49824559085731, 4673379.360221272, 3.993901359651839e-08
                1.106714873e-05,                0.0601669651231,               0.10275306019751,        0.17651231332049,            0.011915784824139197,   7.57546140902186,          88.22068271303587,       0.2524961382815146,              242.20509809086388,                  57.17404071799542, 4673299.967788292, 87.88275084117437, 4673387.850539133,4.0909138502716374e-08
               0.00140346385373,               0.06061084132945,               0.09779347802334,        0.16535356597053,            0.009199765699306575,   6.12718294466456,           88.2317490459888,       0.2571035047051708,              247.50093230386543,                  58.63724554786161, 4673300.021619017, 112.5879045721867,  4673412.60952359,4.4042315530864555e-08
                0.0017849413877,               0.05919355378379,               0.09955689768613,        0.04761252505428,            0.010668786522517222,   9.04235153766083,           87.7328492983425,       0.2652248479226187,              252.35477619437333,                  58.97702372547724, 4673300.066041521, 97.50175795490743, 4673397.567799476,4.6024526339744344e-08
               0.00095847373636,               0.05915364859343,               0.09627186926578,        0.06102632013529,            0.009695054968323248,   9.62209141794743,          87.82375345470145,      0.26490741415448055,              246.30510981678628,                  55.17469815232528, 4673300.102686216,106.92027049554511, 4673407.022956711,4.7686182876047405e-08
               0.00126974855086,                0.0590393297387,                0.1017200749758,        0.08049377654467,            0.013449939196926386,   9.92557446294718,          88.69072342745011,      0.26742072198434175,              249.59545573593047,                  55.67409099387008,  4673300.15450168, 78.08920448762001, 4673378.243706168, 4.960303146956008e-08
                1.208139811e-05,               0.06001212521096,               0.10254316822585,        0.45089601454168,            0.012078475031078518,   8.19817598284674,          88.61963671533663,       0.2551010303157347,              243.48120468107027,                  59.06236347445495, 4673300.188605042, 86.71192406154827, 4673386.900529103,5.1512970301676114e-08
                1.208139811e-05,               0.06001212521096,               0.10254316822585,        0.45089601454168,            0.012078475031078518,   8.19817598284674,          88.61963671533663,       0.2551010303157347,              243.48120468107027,                  59.06236347445495, 4673300.188605042, 86.71192406154827, 4673386.900529103,5.2391267909334005e-08
                1.208139811e-05,               0.06001212521096,               0.10254316822585,        0.45089601454168,            0.012078475031078518,   8.19817598284674,          88.61963671533663,       0.2551010303157347,              243.48120468107027,                  59.06236347445495, 4673300.188605042, 86.71192406154827, 4673386.900529103,5.2391267909334005e-08
                1.208139811e-05,               0.06001212521096,               0.10254316822585,        0.45089601454168,            0.012078475031078518,   8.19817598284674,          88.61963671533663,       0.2551010303157347,              243.48120468107027,                  59.06236347445495, 4673300.188605042, 86.71192406154827, 4673386.900529103,5.2391267909334005e-08
                1.208139811e-05,               0.06001212521096,               0.10254316822585,        0.45089601454168,            0.012078475031078518,   8.19817598284674,          88.61963671533663,       0.2551010303157347,              243.48120468107027,                  59.06236347445495, 4673300.188605042, 86.71192406154827, 4673386.900529103,5.2391267909334005e-08
                1.208139811e-05,               0.06001212521096,               0.10254316822585,        0.45089601454168,            0.012078475031078518,   8.19817598284674,          88.61963671533663,       0.2551010303157347,              243.48120468107027,                  59.06236347445495, 4673300.188605042, 86.71192406154827, 4673386.900529103,5.2391267909334005e-08
               0.00223321654546,               0.05960165229519,               0.10190015715141,        0.41473238337608,            0.012006234297737345,   8.24693826832993,          88.79564120608242,      0.25812642947517755,              249.95480458492153,                   58.4919795653265, 4673300.219781903, 87.16413263493494, 4673387.383914538,5.1632148412414515e-08
               0.00167074094597,               0.05902402846116,               0.09961458257936,        0.09135777126439,            0.011327451913669297,   9.42755800326341,          88.18692437665179,       0.2680515739455606,               246.8831085973463,                  54.35380287168916, 4673300.305263438, 92.01173285358453, 4673392.316996292,5.4504200963609715e-08
               0.00167074094597,               0.05902402846116,               0.09961458257936,        0.09135777126439,            0.011327451913669297,   9.42755800326341,          88.18692437665179,       0.2680515739455606,               246.8831085973463,                  54.35380287168916, 4673300.305263438, 92.01173285358453, 4673392.316996292,5.6832334875168314e-08
               0.00167074094597,               0.05902402846116,               0.09961458257936,        0.09135777126439,            0.011327451913669297,   9.42755800326341,          88.18692437665179,       0.2680515739455606,               246.8831085973463,                  54.35380287168916, 4673300.305263438, 92.01173285358453, 4673392.316996292,5.6832334875168314e-08
               0.00182384448573,               0.05938914403726,               0.09997206710412,         0.1046469885997,            0.011046703571052698,   8.17216041962352,          87.85402634089492,       0.2636974494673302,               249.0615594918404,                   57.9060559975542, 4673300.325671144, 94.31696761137259, 4673394.642638755, 5.656121334018811e-08
               0.00189629769949,               0.05870144809187,               0.10204145140431,        0.55380086146784,            0.013255056239687467,   9.87222475913207,          87.11669218239274,      0.26611340526448396,               246.9200196384299,                  58.48749267343494, 4673300.325823539, 79.20070528713292, 4673379.526528826,  5.68583977537717e-08
               0.00119602296847,               0.05917454204854,               0.09705998987807,        0.15937900552325,            0.011197487048727939,   9.47057284064338,            87.811275209355,      0.26720353199072083,              244.76228991501284,                  54.83991588117102, 4673300.345628386,  93.0482173754223, 4673393.393845762, 5.714569341210518e-08
               0.00033677115281,               0.05968184314546,               0.10473603381289,        0.70133226993847,             0.01340558957918831,   7.78769812130143,          88.69186925258094,      0.25895020494843096,               241.7533147268177,                  56.69003751555491, 4673300.361381054, 78.45749565574812,  4673378.81887671,  5.78803088077353e-08
               0.00033677115281,               0.05968184314546,               0.10473603381289,        0.70133226993847,             0.01340558957918831,   7.78769812130143,          88.69186925258094,      0.25895020494843096,               241.7533147268177,                  56.69003751555491, 4673300.361381054, 78.45749565574812,  4673378.81887671,5.8336184029655596e-08
               0.00111398648561,               0.05945077273029,               0.10367390911718,        0.85138917022655,            0.014338447449212388,   8.75875859236995,          88.44443851776873,       0.2701746317066963,              246.62952408639237,                  59.34165069842498, 4673300.366401385, 73.44386755617903,  4673373.81026894, 5.790106545240592e-08
                0.0019527890826,                0.0596277410033,               0.09792462336795,        0.06191040436853,            0.010239643543310709,   9.03432436514608,          88.48830698735411,       0.2699443052670202,              248.74641836119184,                  56.04337872265857, 4673300.379121529,101.36411740367008, 4673401.743238932, 5.812730719484197e-08
               0.00204204473655,               0.05943802596331,               0.10305797395148,        0.12588641104509,            0.011296292673651114,   9.76876624936094,          87.44227724364534,      0.25859863941353706,              251.21846311450025,                  57.58723072733749, 4673300.401567419,  92.3916149235661, 4673392.793182342, 5.886659505212337e-08
               0.00204204473655,               0.05943802596331,               0.10305797395148,        0.12588641104509,            0.011296292673651114,   9.76876624936094,          87.44227724364534,      0.25859863941353706,              251.21846311450025,                  57.58723072733749, 4673300.401567419,  92.3916149235661, 4673392.793182342,5.9527223899514635e-08
                0.0015008268433,               0.05930394987577,               0.10154410269688,        0.13727276794573,            0.013252045928319429,   8.43103307240955,          88.35467466240767,      0.26485682736951294,              246.44667332326668,                  54.04512000837558, 4673300.445819285,  79.2356711291127, 4673379.681490414, 6.026818546398424e-08
               0.00040142051594,               0.05949332567778,               0.09750751908226,         0.5294278136284,            0.010854591829977497,   9.30237845223829,          88.15595347636395,      0.26233884297495946,              238.38033505561037,                  55.39260648295209, 4673300.478367732, 95.93877360858343, 4673396.417141341,  6.23089226453364e-08
               0.00022289014778,               0.05967255333942,               0.09634159852157,        0.05978214339161,            0.009300457707279556,   8.24935405306741,          88.56822765193569,      0.25861913465091335,               234.9433610937515,                  54.68220566822316, 4673300.555075957,111.38827987128533,4673411.9433558285, 6.551953549877916e-08
               0.00272760577316,               0.05984512276882,               0.10204800751747,        0.37600114893919,            0.012023624654901506,   8.09314060038473,           88.7807466210014,       0.2670130394525848,              251.50391735929236,                  57.44708631470866, 4673300.569684407, 86.91473103508658, 4673387.484415442, 6.819085619843687e-08
               0.00226253249223,               0.05933265068455,               0.10411715434984,         0.1801447816583,            0.011349652562259702,   9.73153397083193,          88.04104168451236,       0.2605839137345607,              251.20648619247956,                  56.89287231572285,4673300.5743071465, 91.94595940610706, 4673392.520266552,  6.85055340839124e-08
               0.00033005839688,               0.05982999056496,               0.09966184605873,         0.3511855318589,            0.009162871525830077,   8.75571034107866,          88.78732523581812,       0.2630052803098347,              243.15936397883075,                  56.24079273281257, 4673300.616798369,112.93829814132305, 4673413.555096511,  6.98050928660212e-08
               0.00200212717327,               0.05911005346144,                0.1060199341072,        0.33340906653602,            0.015272830458398815,   9.22600789100194,           87.8968258673021,       0.2700190022602696,              250.82959610834695,                  58.24636977907788, 4673300.620154904, 69.17919116867543, 4673369.799346073, 7.105250033555649e-08
               0.00154692133501,               0.05940407458225,               0.10183516581787,        0.49359697800656,            0.011590074562878873,   8.85740666931512,          88.61004893711251,       0.2644755150625969,              249.19696468120304,                  57.11324352638097, 4673300.637265315, 90.06179023863955, 4673390.699055554, 7.142872966986344e-08
               0.00097437914554,               0.05885934155656,               0.10298901112042,        0.35639744421702,            0.014104061051471738,   8.94661962139875,          87.45114274274634,       0.2659165460971792,              244.39052709077805,                  59.20087845712237, 4673300.649574572, 74.66214322722647,   4673375.3117178, 7.212529400547695e-08
               0.00069354759025,               0.05942984542131,               0.10536175266871,        0.57463855934897,             0.01294556543166475,    9.0557153133374,          88.33113125486557,      0.26039199608572833,               240.6906411440065,                  56.25653536515704, 4673300.651121459, 81.08689316162076, 4673381.738014621, 7.226404419727872e-08
                0.0011458072463,               0.05946790057064,               0.09905666438414,        0.03694659060028,            0.011848452210395944,   8.75554563095196,          88.88882739286824,       0.2640513094258254,              248.34693386136428,                  55.60334948175371, 4673300.693941719, 88.18635221192967, 4673388.880293931,  7.35342734310368e-08
                0.0011458072463,               0.05946790057064,               0.09905666438414,        0.03694659060028,            0.011848452210395944,   8.75554563095196,          88.88882739286824,       0.2640513094258254,              248.34693386136428,                  55.60334948175371, 4673300.693941719, 88.18635221192967, 4673388.880293931, 7.510841129421932e-08
               0.00116932660683,               0.05938577262099,               0.10097575294371,        0.60637269657228,            0.010440694173834258,   9.78411687095269,          87.34714196483891,        0.264654332810086,                245.203904486975,                   58.2147657913718, 4673300.729328528, 99.55758571102498, 4673400.286914239, 7.570032056657759e-08
               0.00116932660683,               0.05938577262099,               0.10097575294371,        0.60637269657228,            0.010440694173834258,   9.78411687095269,          87.34714196483891,        0.264654332810086,                245.203904486975,                   58.2147657913718, 4673300.729328528, 99.55758571102498, 4673400.286914239, 7.703957719142724e-08
               0.00059396178669,               0.05967373103582,               0.09905938042867,        0.50590957446517,            0.011074688921305519,   8.82123904146319,          88.47043493619107,      0.25501134984707347,              243.02948987723113,                  59.96791446714415,  4673300.76457561,  94.2173840810754, 4673394.981959691, 7.764118520056044e-08
               0.00065660291645,               0.05942261983553,               0.09965242802718,        0.79962749994718,             0.01100716520669824,   9.43527274065132,          88.71913559206013,      0.27022383411586187,              246.48545230767672,                  59.53830532527075,4673300.7649492975, 94.55054869253766,  4673395.31549799, 7.863096648687396e-08
               0.00245747135388,               0.05893461274661,               0.10430177560665,        0.05380718752888,            0.014385181178788406,   9.78254060377278,          87.81729227411618,       0.2634521286461917,              254.30656060315744,                  58.44094138130782, 4673300.777864395,  73.3117382931235, 4673374.089602687, 7.876299508636799e-08
               0.00101091697865,               0.05908703098968,               0.09727689261625,        0.44995033887664,            0.012264759846448064,   9.90065234624497,           88.7340987697008,      0.27050791208281927,               243.3300389713762,                  58.55532181636565, 4673300.791983051, 85.23116297652737, 4673386.023146028, 7.943798730750953e-08
               0.00065924781927,               0.05888300299169,               0.10185936197686,        0.83667964554254,            0.013661944619798423,   9.52680531221945,          87.44715842852384,       0.2680394817022122,               240.2353439075648,                  56.71067030343688, 4673300.854401317, 76.92681574046019, 4673377.781217058, 8.216419410103774e-08
                0.0017500005087,               0.05984135088703,               0.10102273132683,        0.29756355651385,            0.011208231832808934,   7.86328873108359,          87.85156203554638,       0.2644214094759018,              249.48156535671347,                  55.73141194641637, 4673300.861935736, 93.00198084558903,4673393.8639165815, 8.462490282776232e-08
                0.0017500005087,               0.05984135088703,               0.10102273132683,        0.29756355651385,            0.011208231832808934,   7.86328873108359,          87.85156203554638,       0.2644214094759018,              249.48156535671347,                  55.73141194641637, 4673300.861935736, 93.00198084558903,4673393.8639165815, 8.494370104034116e-08
               0.00295262512306,               0.05943219118723,               0.10417834045781,        0.03209516387344,            0.012400346579232406,   9.89431257149803,          87.64174111860845,       0.2651066751574128,              256.70525041523393,                  59.86500579637534, 4673301.018622059, 84.41497379479323, 4673385.433595854, 9.123124767308485e-08
                0.0004913769778,               0.05976053453735,               0.10188233748572,        0.82040397123239,            0.012746278864805867,    8.1661025991205,          88.58952601989279,       0.2592444919236113,               242.1500520764586,                  56.71046902059808, 4673301.037793348, 82.31163229256013,  4673383.34942564, 9.882187431391884e-08
                0.0011873899124,               0.05923431665429,               0.10495914318015,        0.25035218021778,            0.015603856128030249,   9.05169654199702,          88.44496730778403,       0.2727778033374369,                246.468940509714,                  57.12343158480009, 4673301.046800575, 67.75271008989218, 4673368.799510665, 9.972185862793077e-08
               0.00208855848736,               0.05974376525652,               0.09685051774256,        0.38669944582539,            0.010019923840997721,   8.46998192903342,          88.62905504968101,       0.2691451450339496,              247.24294887146232,                  57.83345689374203, 4673301.251550461,103.51662511465543, 4673404.768175576,1.1099630997038201e-07
                9.803713787e-05,               0.05971564499334,               0.09669624206844,        0.69349189771258,            0.009757163316572833,   9.39784076630314,          88.68099809843136,       0.2602710561360241,              237.58973062858797,                  58.03595758810548, 4673301.283530988,106.33095244415263, 4673407.614483432,1.2368911416977251e-07
                0.0015927724888,               0.05919335602178,               0.09997282423738,        0.40217510938965,            0.012657493929536173,   9.87274759424948,          88.03857315290341,       0.2691698309606292,              246.91884923946537,                   56.8426305700172, 4673301.287498514, 82.71970725536373, 4673384.007205769,1.2529010490316896e-07
               0.00127098292609,               0.05939070440422,               0.09956109593113,        0.25707242204234,            0.011364422151839502,   9.80999586636197,          88.99963487660249,       0.2649069542359569,                 248.67578960402,                  56.37398093931938, 4673301.322826152, 91.76882561433052, 4673393.091651766,1.2715997747419475e-07
               0.00127098292609,               0.05939070440422,               0.09956109593113,        0.25707242204234,            0.011364422151839502,   9.80999586636197,          88.99963487660249,       0.2649069542359569,                 248.67578960402,                  56.37398093931938, 4673301.322826152, 91.76882561433052, 4673393.091651766,1.2940587465420453e-07
               0.00127098292609,               0.05939070440422,               0.09956109593113,        0.25707242204234,            0.011364422151839502,   9.80999586636197,          88.99963487660249,       0.2649069542359569,                 248.67578960402,                  56.37398093931938, 4673301.322826152, 91.76882561433052, 4673393.091651766,1.2940587465420453e-07
               0.00127098292609,               0.05939070440422,               0.09956109593113,        0.25707242204234,            0.011364422151839502,   9.80999586636197,          88.99963487660249,       0.2649069542359569,                 248.67578960402,                  56.37398093931938, 4673301.322826152, 91.76882561433052, 4673393.091651766,1.2940587465420453e-07
               0.00127098292609,               0.05939070440422,               0.09956109593113,        0.25707242204234,            0.011364422151839502,   9.80999586636197,          88.99963487660249,       0.2649069542359569,                 248.67578960402,                  56.37398093931938, 4673301.322826152, 91.76882561433052, 4673393.091651766,1.2940587465420453e-07
               0.00127098292609,               0.05939070440422,               0.09956109593113,        0.25707242204234,            0.011364422151839502,   9.80999586636197,          88.99963487660249,       0.2649069542359569,                 248.67578960402,                  56.37398093931938, 4673301.322826152, 91.76882561433052, 4673393.091651766,1.2940587465420453e-07
               0.00127098292609,               0.05939070440422,               0.09956109593113,        0.25707242204234,            0.011364422151839502,   9.80999586636197,          88.99963487660249,       0.2649069542359569,                 248.67578960402,                  56.37398093931938, 4673301.322826152, 91.76882561433052, 4673393.091651766,1.2940587465420453e-07
               0.00127098292609,               0.05939070440422,               0.09956109593113,        0.25707242204234,            0.011364422151839502,   9.80999586636197,          88.99963487660249,       0.2649069542359569,                 248.67578960402,                  56.37398093931938, 4673301.322826152, 91.76882561433052, 4673393.091651766,1.2940587465420453e-07
               0.00127098292609,               0.05939070440422,               0.09956109593113,        0.25707242204234,            0.011364422151839502,   9.80999586636197,          88.99963487660249,       0.2649069542359569,                 248.67578960402,                  56.37398093931938, 4673301.322826152, 91.76882561433052, 4673393.091651766,1.2940587465420453e-07
               0.00127098292609,               0.05939070440422,               0.09956109593113,        0.25707242204234,            0.011364422151839502,   9.80999586636197,          88.99963487660249,       0.2649069542359569,                 248.67578960402,                  56.37398093931938, 4673301.322826152, 91.76882561433052, 4673393.091651766,1.2940587465420453e-07
               0.00127098292609,               0.05939070440422,               0.09956109593113,        0.25707242204234,            0.011364422151839502,   9.80999586636197,          88.99963487660249,       0.2649069542359569,                 248.67578960402,                  56.37398093931938, 4673301.322826152, 91.76882561433052, 4673393.091651766,1.2940587465420453e-07
               0.00127098292609,               0.05939070440422,               0.09956109593113,        0.25707242204234,            0.011364422151839502,   9.80999586636197,          88.99963487660249,       0.2649069542359569,                 248.67578960402,                  56.37398093931938, 4673301.322826152, 91.76882561433052, 4673393.091651766,1.2940587465420453e-07
               0.00127098292609,               0.05939070440422,               0.09956109593113,        0.25707242204234,            0.011364422151839502,   9.80999586636197,          88.99963487660249,       0.2649069542359569,                 248.67578960402,                  56.37398093931938, 4673301.322826152, 91.76882561433052, 4673393.091651766,1.2940587465420453e-07
               0.00127098292609,               0.05939070440422,               0.09956109593113,        0.25707242204234,            0.011364422151839502,   9.80999586636197,          88.99963487660249,       0.2649069542359569,                 248.67578960402,                  56.37398093931938, 4673301.322826152, 91.76882561433052, 4673393.091651766,1.2940587465420453e-07
               0.00127098292609,               0.05939070440422,               0.09956109593113,        0.25707242204234,            0.011364422151839502,   9.80999586636197,          88.99963487660249,       0.2649069542359569,                 248.67578960402,                  56.37398093931938, 4673301.322826152, 91.76882561433052, 4673393.091651766,1.2940587465420453e-07
               0.00127098292609,               0.05939070440422,               0.09956109593113,        0.25707242204234,            0.011364422151839502,   9.80999586636197,          88.99963487660249,       0.2649069542359569,                 248.67578960402,                  56.37398093931938, 4673301.322826152, 91.76882561433052, 4673393.091651766,1.2940587465420453e-07
               0.00127098292609,               0.05939070440422,               0.09956109593113,        0.25707242204234,            0.011364422151839502,   9.80999586636197,          88.99963487660249,       0.2649069542359569,                 248.67578960402,                  56.37398093931938, 4673301.322826152, 91.76882561433052, 4673393.091651766,1.2940587465420453e-07
               0.00127098292609,               0.05939070440422,               0.09956109593113,        0.25707242204234,            0.011364422151839502,   9.80999586636197,          88.99963487660249,       0.2649069542359569,                 248.67578960402,                  56.37398093931938, 4673301.322826152, 91.76882561433052, 4673393.091651766,1.2940587465420453e-07
               0.00127098292609,               0.05939070440422,               0.09956109593113,        0.25707242204234,            0.011364422151839502,   9.80999586636197,          88.99963487660249,       0.2649069542359569,                 248.67578960402,                  56.37398093931938, 4673301.322826152, 91.76882561433052, 4673393.091651766,1.2940587465420453e-07
               0.00127098292609,               0.05939070440422,               0.09956109593113,        0.25707242204234,            0.011364422151839502,   9.80999586636197,          88.99963487660249,       0.2649069542359569,                 248.67578960402,                  56.37398093931938, 4673301.322826152, 91.76882561433052, 4673393.091651766,1.2940587465420453e-07
               0.00127098292609,               0.05939070440422,               0.09956109593113,        0.25707242204234,            0.011364422151839502,   9.80999586636197,          88.99963487660249,       0.2649069542359569,                 248.67578960402,                  56.37398093931938, 4673301.322826152, 91.76882561433052, 4673393.091651766,1.2940587465420453e-07
               0.00127098292609,               0.05939070440422,               0.09956109593113,        0.25707242204234,            0.011364422151839502,   9.80999586636197,          88.99963487660249,       0.2649069542359569,                 248.67578960402,                  56.37398093931938, 4673301.322826152, 91.76882561433052, 4673393.091651766,1.2940587465420453e-07
               0.00127098292609,               0.05939070440422,               0.09956109593113,        0.25707242204234,            0.011364422151839502,   9.80999586636197,          88.99963487660249,       0.2649069542359569,                 248.67578960402,                  56.37398093931938, 4673301.322826152, 91.76882561433052, 4673393.091651766,1.2940587465420453e-07
               0.00127098292609,               0.05939070440422,               0.09956109593113,        0.25707242204234,            0.011364422151839502,   9.80999586636197,          88.99963487660249,       0.2649069542359569,                 248.67578960402,                  56.37398093931938, 4673301.322826152, 91.76882561433052, 4673393.091651766,1.2940587465420453e-07
               0.00127098292609,               0.05939070440422,               0.09956109593113,        0.25707242204234,            0.011364422151839502,   9.80999586636197,          88.99963487660249,       0.2649069542359569,                 248.67578960402,                  56.37398093931938, 4673301.322826152, 91.76882561433052, 4673393.091651766,1.2940587465420453e-07
               0.00127098292609,               0.05939070440422,               0.09956109593113,        0.25707242204234,            0.011364422151839502,   9.80999586636197,          88.99963487660249,       0.2649069542359569,                 248.67578960402,                  56.37398093931938, 4673301.322826152, 91.76882561433052, 4673393.091651766,1.2940587465420453e-07
               0.00112714778049,               0.05977419530177,               0.10035428651747,        0.36098016466683,            0.011986224032465216,   7.00287261444004,          87.99434924688536,       0.2656131429945505,              243.60582818518367,                  56.50588156058303, 4673301.384177143,  87.1939836649023,4673388.5781608075,1.1623113602393863e-07
               0.00106719294253,               0.05907623388209,               0.09910419462694,        0.26775780594173,            0.012503713286178086,    9.1412569120232,           88.3850229246595,        0.268449025315559,               244.6709037136181,                  55.52580565668538, 4673301.449083207, 83.70134402197125, 4673385.150427229,1.2319615424989234e-07
               0.00106719294253,               0.05907623388209,               0.09910419462694,        0.26775780594173,            0.012503713286178086,    9.1412569120232,           88.3850229246595,        0.268449025315559,               244.6709037136181,                  55.52580565668538, 4673301.449083207, 83.70134402197125, 4673385.150427229, 1.271928399898164e-07
               0.00106719294253,               0.05907623388209,               0.09910419462694,        0.26775780594173,            0.012503713286178086,    9.1412569120232,           88.3850229246595,        0.268449025315559,               244.6709037136181,                  55.52580565668538, 4673301.449083207, 83.70134402197125, 4673385.150427229, 1.271928399898164e-07
               0.00015235874858,               0.05882693435315,                0.1001458500548,        0.34130792352556,            0.013628057104527296,   9.61887141580686,          87.80260030885572,      0.26281277026237276,              242.19910463537855,                  59.74663605872463, 4673301.494374577, 77.18302138503903, 4673378.677395962, 1.281970532407626e-07
               0.00114162175571,               0.05951018374215,               0.09869584870838,        0.25523824259038,            0.011350402440267741,   8.52750797324023,          87.14207546247351,      0.26339931886421664,              241.60390690166537,                  57.55711344014201, 4673301.514425578, 91.89912002341619, 4673393.413545601, 1.317684301769334e-07
               0.00018140497086,               0.05923649102902,                0.1078610709544,        0.34688113335949,             0.01507265898431254,   8.89958578881658,          88.59116541074283,       0.2712758663038442,               240.0527663891912,                  56.57144867541814,4673301.5967288595, 70.03157897418583, 4673371.628307833,1.3810743557074641e-07
               0.00018140497086,               0.05923649102902,                0.1078610709544,        0.34688113335949,             0.01507265898431254,   8.89958578881658,          88.59116541074283,       0.2712758663038442,               240.0527663891912,                  56.57144867541814,4673301.5967288595, 70.03157897418583, 4673371.628307833, 1.437875771201633e-07
               0.00096478582348,               0.05937456927692,                0.0996141629926,        0.19602396564273,               0.012707038029619,   8.99746375222056,          88.95482374302159,       0.2589040532717715,               238.6529095580667,                  55.80118249826737, 4673301.643379559, 82.55898048054236,  4673384.20236004,1.4575604923626527e-07
               0.00096371088503,               0.06002941879907,                0.1006288966195,        0.49170475417419,             0.01046108970045134,   7.65019126101169,          88.80715468124866,        0.254295647581065,              241.80589676532395,                  59.60684581675602, 4673301.658923239, 99.52476650483435, 4673401.183689744, 1.495756322202138e-07
               0.00151542067908,               0.05880314021566,               0.10561607898105,        0.16144764466645,            0.015897287302077588,   9.95851563957311,          87.80654411970175,       0.2734580096741333,              248.81357329173963,                  57.92882460452609, 4673301.684924621, 66.56068234351493, 4673368.245606964,1.5196366746484616e-07
               0.00102000040463,               0.05973649770838,               0.10243547205794,         0.1917079240709,            0.013232725636930386,   7.72945477000579,          88.78125665109722,      0.25503246567955623,              239.68411815846153,                  58.93826845598335, 4673301.694794068, 79.49129034944252, 4673381.186084418, 1.539329325268456e-07
               0.00102000040463,               0.05973649770838,               0.10243547205794,         0.1917079240709,            0.013232725636930386,   7.72945477000579,          88.78125665109722,      0.25503246567955623,              239.68411815846153,                  58.93826845598335, 4673301.694794068, 79.49129034944252, 4673381.186084418,  1.54692542754985e-07
               0.00102000040463,               0.05973649770838,               0.10243547205794,         0.1917079240709,            0.013232725636930386,   7.72945477000579,          88.78125665109722,      0.25503246567955623,              239.68411815846153,                  58.93826845598335, 4673301.694794068, 79.49129034944252, 4673381.186084418,  1.54692542754985e-07
               0.00201169845553,               0.05967260805808,               0.10318565051202,        0.29688629077715,            0.014311384690283644,   7.68212279394783,          88.79719768092934,        0.265107170241596,              248.45500097563576,                  56.05867927443349, 4673301.714785655, 73.64650006323559, 4673375.361285718, 1.539222223830755e-07
                0.0027218009009,               0.05940945468664,               0.10270247328111,        0.29500659739189,            0.012706352436063197,   9.41451191838922,          87.96911749777921,      0.26323683009523335,               253.6068048745503,                  57.96917070319818, 4673301.772410464, 82.49965250346801, 4673384.272062967, 1.592751396916278e-07
                0.0027218009009,               0.05940945468664,               0.10270247328111,        0.29500659739189,            0.012706352436063197,   9.41451191838922,          87.96911749777921,      0.26323683009523335,               253.6068048745503,                  57.96917070319818, 4673301.772410464, 82.49965250346801, 4673384.272062967,1.6386296989682515e-07
               0.00074615601371,               0.05981246884889,               0.10450687945489,        0.18060987599032,            0.015122263663054136,   7.49026877093652,          88.03560254748217,      0.26807267128678064,                247.169152619717,                   57.0241688501149, 4673301.794861187, 69.85799771656448, 4673371.652858904,1.6407420745586718e-07
               0.00138311220322,               0.05915737038634,               0.10768960330036,        0.36633107841584,            0.014699381059981725,   9.82896639947483,           88.5782589181943,       0.2653020527180251,              246.53230542601688,                   57.8418944965305, 4673301.795434078, 71.79936386375488, 4673373.594797942,1.6513777320022877e-07
               0.00138311220322,               0.05915737038634,               0.10768960330036,        0.36633107841584,            0.014699381059981725,   9.82896639947483,           88.5782589181943,       0.2653020527180251,              246.53230542601688,                   57.8418944965305, 4673301.795434078, 71.79936386375488, 4673373.594797942,1.6518507609974484e-07
                8.232945434e-05,                0.0597196588938,               0.09896532032519,         0.7304057495536,            0.011028281760712244,   7.73423178270391,          88.13369235486483,       0.2661187925228847,               235.5014293295227,                  56.03985262481945, 4673301.870980498, 94.43367709532775, 4673396.304657593,1.6995826096140662e-07
                8.232945434e-05,                0.0597196588938,               0.09896532032519,         0.7304057495536,            0.011028281760712244,   7.73423178270391,          88.13369235486483,       0.2661187925228847,               235.5014293295227,                  56.03985262481945, 4673301.870980498, 94.43367709532775, 4673396.304657593,  1.76375078493536e-07
               0.00274217561409,                0.0594112147323,               0.09758830942299,        0.17553039213312,             0.00973485268648926,   9.24578596566773,          87.32586549226636,       0.2680040386755329,              252.29557646285687,                  57.87320864710617, 4673301.898644211,106.45497812643148, 4673408.353622337,1.7706914134193364e-07
                0.0002923949754,               0.05924537138718,               0.09872216959431,        0.12634460878171,            0.012051612977764659,   9.57383085084738,           86.6773731665165,        0.268309331441317,              239.68728394476116,                  55.57187544359849,4673301.9222233435, 86.70348633404365, 4673388.625709677,1.8075599078828187e-07
               0.00150592800956,               0.05981328780436,                0.0955252160746,        0.59766188797021,            0.008503339091734279,   8.65767103410201,           88.7298374641982,       0.2609901411440023,               246.4738333084478,                  59.78848077870362, 4673301.933082346, 121.4324235246411,  4673423.36550587,1.8297047028600532e-07
               0.00298967607374,                0.0593312719979,               0.09733772632046,        0.03974984459495,             0.00946736389000025,   9.36982319564693,            87.808922673202,      0.26975919691787725,              252.55380531771107,                  57.28805096208458,4673301.9522757875,109.33303327270069,4673411.2853090605,1.8482228909701516e-07
               0.00103349968057,               0.06003220697167,               0.09699427220017,         0.2319015663947,            0.008272377211815013,    8.3652353832593,          88.44726483152684,       0.2567923861046605,               247.1895523398188,                  58.47724001089335, 4673301.969279338,124.77843255866269, 4673426.747711896,1.8725958510612367e-07
                0.0009183846593,               0.05912417569637,               0.09851821029764,        0.21007828223999,            0.011213015827694715,   9.87207053395473,           88.0266008217792,      0.26901264229975685,                247.104515785168,                  55.75478386500445, 4673302.020138618, 92.89937076385742, 4673394.919509381, 1.928141636246412e-07
               0.00197407248422,               0.05993356820088,               0.10270191354272,         0.1919519457481,            0.011590372645039121,   7.45673660814329,           88.1998449410703,       0.2711970412087279,               248.9843463783141,                  57.12444449358484, 4673302.021526266, 89.96585877472828, 4673391.987385041,1.9686923107550442e-07
               0.00027773894587,               0.05968432856442,               0.09981402732673,        0.63029383623115,            0.011940939657033267,   8.69909995607254,          87.50908930703497,      0.26657961777634864,              239.81094320721212,                   57.2203516311185, 4673302.028091468, 87.49672770304848, 4673389.524819171,1.9667128630980509e-07
                0.0006354040962,               0.05926440040785,               0.09970182988377,        0.26819788588828,            0.011233937530121233,   9.49110840997669,          88.45437943775659,        0.270954346753581,              244.24118507276972,                  55.35700841429419, 4673302.073201383,  92.7066423306481, 4673394.779843714, 2.008649333967711e-07
               0.00207194692256,               0.05983445642422,                 0.101337474424,        0.59439585463929,            0.011521396081587885,   7.86853803641985,            88.754191938466,       0.2726093833700557,               247.7208581359371,                  59.66705828326353,  4673302.07735257, 90.46328937902871,4673392.5406419495,2.0479787773517434e-07
               0.00074894086523,               0.05895128877484,               0.09959122862932,         0.0757651597547,            0.011689122206552525,   9.02629705088597,          86.95765219559566,      0.26350265683324736,              242.86103334309033,                  57.65082908568598, 4673302.134222731, 89.34465132246764, 4673391.478874054,2.1017672636386302e-07
               0.00071497128943,               0.05962670888336,               0.10041586937962,        0.44410541017085,             0.01161585511864645,   8.00379954580167,          88.78830690013496,       0.2649582032580877,               244.5337537617428,                  55.66355377497824,4673302.1833959045, 89.86340820652387, 4673392.046804111, 2.204962865621278e-07
               0.00071497128943,               0.05962670888336,               0.10041586937962,        0.44410541017085,             0.01161585511864645,   8.00379954580167,          88.78830690013496,       0.2649582032580877,               244.5337537617428,                  55.66355377497824,4673302.1833959045, 89.86340820652387, 4673392.046804111,2.2591644560639554e-07
               0.00071497128943,               0.05962670888336,               0.10041586937962,        0.44410541017085,             0.01161585511864645,   8.00379954580167,          88.78830690013496,       0.2649582032580877,               244.5337537617428,                  55.66355377497824,4673302.1833959045, 89.86340820652387, 4673392.046804111,2.2591644560639554e-07
               0.00241600344279,               0.05981297960886,               0.09941742787549,        0.41310017247298,            0.009878112489011022,   8.62518302410206,           88.9117906361159,       0.2666281427225802,               250.1327924271253,                  58.87671039103678, 4673302.204473382,104.98445681384973, 4673407.188930196,2.2491478898354173e-07
               0.00089485832561,               0.05905887727852,               0.10253512198507,         0.1134482374326,            0.013782287497956186,   9.73208327694623,          86.83711686339542,       0.2595135623332213,              244.50100139608728,                  57.33582840751379, 4673302.299447809, 76.41025911182373, 4673378.709706921,2.3742020514341395e-07
               0.00089485832561,               0.05905887727852,               0.10253512198507,         0.1134482374326,            0.013782287497956186,   9.73208327694623,          86.83711686339542,       0.2595135623332213,              244.50100139608728,                  57.33582840751379, 4673302.299447809, 76.41025911182373, 4673378.709706921,2.4868616199934655e-07
               0.00249250072365,               0.05895943430698,               0.10287964081345,        0.21537494758098,            0.013302380954790444,   9.90219777189006,          87.26395835821647,       0.2625877687745467,              252.52984954222097,                  58.72784326317376, 4673302.349409373, 78.98276274040188, 4673381.332172113, 2.525184697090066e-07
               0.00249250072365,               0.05895943430698,               0.10287964081345,        0.21537494758098,            0.013302380954790444,   9.90219777189006,          87.26395835821647,       0.2625877687745467,              252.52984954222097,                  58.72784326317376, 4673302.349409373, 78.98276274040188, 4673381.332172113,2.5882526655774655e-07
               0.00249250072365,               0.05895943430698,               0.10287964081345,        0.21537494758098,            0.013302380954790444,   9.90219777189006,          87.26395835821647,       0.2625877687745467,              252.52984954222097,                  58.72784326317376, 4673302.349409373, 78.98276274040188, 4673381.332172113,2.5882526655774655e-07
               0.00249250072365,               0.05895943430698,               0.10287964081345,        0.21537494758098,            0.013302380954790444,   9.90219777189006,          87.26395835821647,       0.2625877687745467,              252.52984954222097,                  58.72784326317376, 4673302.349409373, 78.98276274040188, 4673381.332172113,2.5882526655774655e-07
               0.00249250072365,               0.05895943430698,               0.10287964081345,        0.21537494758098,            0.013302380954790444,   9.90219777189006,          87.26395835821647,       0.2625877687745467,              252.52984954222097,                  58.72784326317376, 4673302.349409373, 78.98276274040188, 4673381.332172113,2.5882526655774655e-07
               0.00249250072365,               0.05895943430698,               0.10287964081345,        0.21537494758098,            0.013302380954790444,   9.90219777189006,          87.26395835821647,       0.2625877687745467,              252.52984954222097,                  58.72784326317376, 4673302.349409373, 78.98276274040188, 4673381.332172113,2.5882526655774655e-07
               0.00249250072365,               0.05895943430698,               0.10287964081345,        0.21537494758098,            0.013302380954790444,   9.90219777189006,          87.26395835821647,       0.2625877687745467,              252.52984954222097,                  58.72784326317376, 4673302.349409373, 78.98276274040188, 4673381.332172113,2.5882526655774655e-07
               0.00249250072365,               0.05895943430698,               0.10287964081345,        0.21537494758098,            0.013302380954790444,   9.90219777189006,          87.26395835821647,       0.2625877687745467,              252.52984954222097,                  58.72784326317376, 4673302.349409373, 78.98276274040188, 4673381.332172113,2.5882526655774655e-07
               0.00249250072365,               0.05895943430698,               0.10287964081345,        0.21537494758098,            0.013302380954790444,   9.90219777189006,          87.26395835821647,       0.2625877687745467,              252.52984954222097,                  58.72784326317376, 4673302.349409373, 78.98276274040188, 4673381.332172113,2.5882526655774655e-07
               0.00019349644697,               0.05927056183166,               0.09853738142112,        0.23772525846908,            0.012922485977375851,   8.41190902509698,          88.14533248231642,      0.27032841653325745,              239.78835875194787,                  55.01048191710329, 4673302.415928738, 81.08369516328379, 4673383.499623901,2.5573872946406736e-07
               0.00120610430429,                0.0598141621748,               0.09624224635359,        0.05332519272475,            0.009475764051688235,   8.43027424723841,          88.17142459736749,         0.26472101856202,               245.4687799100629,                  54.83539023221104, 4673302.432217477,109.30994887519059, 4673411.742166352,2.6508565761081877e-07
               0.00211146483392,               0.05953031156842,               0.10112200126892,        0.53531561321614,            0.010972330522673029,   8.88594193232085,          87.78311499357511,      0.26201348396748336,              250.35616859582635,                  59.52460451233183, 4673302.468151184, 94.95493840248832, 4673397.423089586,2.7077952295493336e-07
                5.006619509e-05,               0.05918715382294,               0.10333343043765,        0.71002998359388,            0.011536905700914557,   9.18427042997469,          87.97714386971386,      0.27255140278457435,              240.96188452131247,                  58.88338189833043, 4673302.483452838, 90.34738697737689, 4673392.830839816,2.7638724160349673e-07
               0.00090148972847,               0.05978673025214,               0.09675352751372,        0.13505616280062,            0.009827169395286366,   9.04000047860624,          88.30084260581312,       0.2628990559079076,              243.68632344044812,                  55.66566172891061, 4673302.631650163,105.56244310923705, 4673408.194093272, 2.992497203457075e-07
               0.00090148972847,               0.05978673025214,               0.09675352751372,        0.13505616280062,            0.009827169395286366,   9.04000047860624,          88.30084260581312,       0.2628990559079076,              243.68632344044812,                  55.66566172891061, 4673302.631650163,105.56244310923705, 4673408.194093272,3.2138323041349586e-07
               0.00090148972847,               0.05978673025214,               0.09675352751372,        0.13505616280062,            0.009827169395286366,   9.04000047860624,          88.30084260581312,       0.2628990559079076,              243.68632344044812,                  55.66566172891061, 4673302.631650163,105.56244310923705, 4673408.194093272,3.2138323041349586e-07
               0.00090148972847,               0.05978673025214,               0.09675352751372,        0.13505616280062,            0.009827169395286366,   9.04000047860624,          88.30084260581312,       0.2628990559079076,              243.68632344044812,                  55.66566172891061, 4673302.631650163,105.56244310923705, 4673408.194093272,3.2138323041349586e-07
               0.00135436962921,               0.05955532487266,               0.09882959695785,        0.33663876716664,            0.011370298866136842,   8.94428167870937,          87.85786641981963,       0.2653544008320548,               240.9778116249439,                  57.93729227604961,4673302.6708764145, 91.71698081090803, 4673394.387857226,3.2128820260167284e-07
               0.00110464099708,               0.05961108772215,               0.10345129704323,        0.17756951959954,            0.014648516311297507,   7.62690562083336,           88.1099542819167,       0.2630311387284351,              245.81435827621593,                  55.89461905531276, 4673302.678111244, 72.06813062019503, 4673374.746241864,3.2714247017914314e-07
               0.00110464099708,               0.05961108772215,               0.10345129704323,        0.17756951959954,            0.014648516311297507,   7.62690562083336,           88.1099542819167,       0.2630311387284351,              245.81435827621593,                  55.89461905531276, 4673302.678111244, 72.06813062019503, 4673374.746241864,  3.28325874952741e-07
               0.00035923600861,               0.05967763444555,               0.10627722991247,        0.07767215874402,            0.012819572547526118,   8.58254214049766,           87.4717417203424,       0.2623347874207762,              242.04760317615143,                  56.10150952050255, 4673302.687133091, 81.81764400281833, 4673384.504777093, 3.265319009709528e-07
               0.00016454820525,                 0.059291625795,               0.09763721027095,        0.54839255123119,            0.012565182764363683,   9.06957613997537,          88.13526746112088,       0.2673604360593663,              237.28254444621035,                  57.95159380544041, 4673302.709172261, 83.32526358897393,  4673386.03443585,3.3000940605983705e-07
                 0.001662737867,               0.05893355995637,               0.10372775688407,        0.28631125316333,            0.013095848956281367,   9.89752649095678,          87.29333846930137,       0.2645982839327472,              250.88422093500884,                  58.34495716261212, 4673302.711317309, 80.13938835605141, 4673382.850705666, 3.323423413277165e-07
               0.00058772899145,                0.0592961648609,               0.10098103795564,        0.36857978127641,            0.012492399827899871,    9.5403572817097,          88.16835332356153,        0.266290455515688,               244.7276468697856,                   55.0789781570145, 4673302.741814313, 83.80396863749893, 4673386.545782951, 3.361692485534231e-07
               0.00058772899145,                0.0592961648609,               0.10098103795564,        0.36857978127641,            0.012492399827899871,    9.5403572817097,          88.16835332356153,        0.266290455515688,               244.7276468697856,                   55.0789781570145, 4673302.741814313, 83.80396863749893, 4673386.545782951,3.4129492885302686e-07
               0.00058772899145,                0.0592961648609,               0.10098103795564,        0.36857978127641,            0.012492399827899871,    9.5403572817097,          88.16835332356153,        0.266290455515688,               244.7276468697856,                   55.0789781570145, 4673302.741814313, 83.80396863749893, 4673386.545782951,3.4129492885302686e-07
               0.00084371349856,               0.05968155582837,               0.10172525154354,         0.1919792132707,            0.010326875219949462,   9.62859622946768,          88.04091739147661,      0.26293575410162584,              245.74424650921887,                   57.6818511096473, 4673302.784873777,100.63792360375696, 4673403.422797381, 3.435973916516994e-07
               0.00091561649816,               0.05908530585832,               0.09952468319002,        0.17177399795305,            0.012596209260632207,   9.64981978290876,          88.27867298557511,       0.2605856228554267,              238.27254457459995,                  55.47048390898558, 4673302.821612896, 83.22647397480158, 4673386.048086871, 3.557824014751878e-07
               0.00056317986673,               0.05907781835921,               0.09889255158907,        0.21156006959451,            0.013172140566291912,   8.96217153735865,           87.5091909857409,      0.26480903507085896,              242.06266007907328,                  59.73004779159864, 4673302.847120998, 79.69411127654048, 4673382.541232275,3.6517182685297116e-07
               0.00081259160969,               0.05928643262921,               0.10161465352992,        0.35077613009677,            0.012880643474688067,   9.04867114222121,          87.83939393288959,       0.2686509012619511,              242.02657066861653,                  54.47808574303685, 4673302.858424727, 81.35817571812771, 4673384.216600445,3.7008067285223563e-07
               0.00081259160969,               0.05928643262921,               0.10161465352992,        0.35077613009677,            0.012880643474688067,   9.04867114222121,          87.83939393288959,       0.2686509012619511,              242.02657066861653,                  54.47808574303685, 4673302.858424727, 81.35817571812771, 4673384.216600445,3.7217229646256834e-07
               0.00081259160969,               0.05928643262921,               0.10161465352992,        0.35077613009677,            0.012880643474688067,   9.04867114222121,          87.83939393288959,       0.2686509012619511,              242.02657066861653,                  54.47808574303685, 4673302.858424727, 81.35817571812771, 4673384.216600445,3.7217229646256834e-07
               0.00055386330689,               0.05955640967948,               0.10089889419807,        0.20078875873513,            0.013285209694705606,   8.05189315195842,          88.77978505996246,       0.2566126470507276,              238.19041967215816,                  56.97532160439737, 4673302.869580856,  79.1686000864426, 4673382.038180942, 3.686739518811187e-07
               0.00056431122281,               0.05936435912505,                0.1029416492751,        0.25965091370868,            0.013903931755103028,   8.22129203526709,            87.362608421213,       0.2690255979914682,              242.47804723397024,                   54.6105379373266, 4673302.876839478, 75.63922055028644, 4673378.516060028, 3.702296602757534e-07
               0.00058216037581,               0.05944426938974,               0.09873007591512,        0.15069336522269,            0.010940078439793893,   9.44594426218133,          87.50824699664246,       0.2639048422197771,              244.55591020286863,                  54.39255237974086, 4673302.893970152, 95.19626746312984, 4673398.090237616,3.7291880650461606e-07
               0.00022101385919,                0.0595904673009,               0.09847844362925,        0.27137819276014,            0.009422469147940123,   9.75227314861105,          87.80760419660207,       0.2631281024892864,              246.52791308257315,                   59.1840474001356, 4673302.918008945, 109.9297244177566, 4673412.847733363, 3.787943554897481e-07
                0.0014017494713,               0.05995712795338,               0.09906707487189,        0.20133185932786,            0.010356285575790766,   8.31457164857261,          88.96688838535876,      0.26397915116859555,              243.53487891816897,                  56.73295894531892, 4673303.059296074,100.34789452915221, 4673403.407190603,  4.10382574259548e-07
               0.00237577386526,               0.05974119990151,                0.1057582119513,        0.03803228720377,            0.014403912336564151,   8.65574642672737,           88.5456885117164,       0.2623389969670575,               250.1676935088281,                  59.62141646429762, 4673303.060462057, 73.23744400076272, 4673376.297906057,4.3739463052804424e-07
               0.00112717737838,               0.05926293585573,               0.10263218370404,        0.11419131811378,             0.01385175251921247,   8.14212029954768,           87.5321502638769,      0.26867711020254964,               242.4759586445726,                  54.98523162000027, 4673303.066106582, 75.91497075951446, 4673378.981077341,4.3670475890906894e-07
               0.00058525003595,               0.05932060146725,               0.09765473667904,        0.34546773256577,             0.01106221869170463,   9.85098121995981,          88.80936326662713,       0.2578034029231722,              237.00988933150683,                  58.41985022600235,  4673303.07427055, 94.27670370006621, 4673397.350974251, 4.375444986568702e-07
               0.00014926289471,               0.05954358209259,               0.10345590126408,        0.09992962845346,             0.01398537812155963,   8.84828602191518,          88.51860555297839,       0.2712834737679222,              241.49434531045543,                  55.43618019583194, 4673303.091766744, 75.18943189518525, 4673378.281198639,4.4100264952721027e-07
               0.00014926289471,               0.05954358209259,               0.10345590126408,        0.09992962845346,             0.01398537812155963,   8.84828602191518,          88.51860555297839,       0.2712834737679222,              241.49434531045543,                  55.43618019583194, 4673303.091766744, 75.18943189518525, 4673378.281198639,4.4486048513226386e-07
               0.00189376910919,               0.05997162362789,               0.09940960603129,        0.13988631012281,            0.012332278117031395,   6.64829344736006,          88.60891232355267,      0.27762858536542345,               248.1804190593687,                  58.66032310532005, 4673303.108832214,  84.6899533888722, 4673387.798785603,  4.44224369681685e-07
               0.00283745007802,               0.05966825479967,               0.10134878137392,        0.03101939549618,            0.010736897460399533,    9.7235992884901,          88.35537404709709,       0.2612024713731776,              254.06675605289223,                  59.43094568082922, 4673303.116163294, 96.96522242071406, 4673400.081385715,4.4742584760411454e-07
               0.00283745007802,               0.05966825479967,               0.10134878137392,        0.03101939549618,            0.010736897460399533,    9.7235992884901,          88.35537404709709,       0.2612024713731776,              254.06675605289223,                  59.43094568082922, 4673303.116163294, 96.96522242071406, 4673400.081385715,4.4906589754767555e-07
               0.00283745007802,               0.05966825479967,               0.10134878137392,        0.03101939549618,            0.010736897460399533,    9.7235992884901,          88.35537404709709,       0.2612024713731776,              254.06675605289223,                  59.43094568082922, 4673303.116163294, 96.96522242071406, 4673400.081385715,4.4906589754767555e-07
               0.00283745007802,               0.05966825479967,               0.10134878137392,        0.03101939549618,            0.010736897460399533,    9.7235992884901,          88.35537404709709,       0.2612024713731776,              254.06675605289223,                  59.43094568082922, 4673303.116163294, 96.96522242071406, 4673400.081385715,4.4906589754767555e-07
               0.00283745007802,               0.05966825479967,               0.10134878137392,        0.03101939549618,            0.010736897460399533,    9.7235992884901,          88.35537404709709,       0.2612024713731776,              254.06675605289223,                  59.43094568082922, 4673303.116163294, 96.96522242071406, 4673400.081385715,4.4906589754767555e-07
               0.00283745007802,               0.05966825479967,               0.10134878137392,        0.03101939549618,            0.010736897460399533,    9.7235992884901,          88.35537404709709,       0.2612024713731776,              254.06675605289223,                  59.43094568082922, 4673303.116163294, 96.96522242071406, 4673400.081385715,4.4906589754767555e-07
               0.00283745007802,               0.05966825479967,               0.10134878137392,        0.03101939549618,            0.010736897460399533,    9.7235992884901,          88.35537404709709,       0.2612024713731776,              254.06675605289223,                  59.43094568082922, 4673303.116163294, 96.96522242071406, 4673400.081385715,4.4906589754767555e-07
               0.00283745007802,               0.05966825479967,               0.10134878137392,        0.03101939549618,            0.010736897460399533,    9.7235992884901,          88.35537404709709,       0.2612024713731776,              254.06675605289223,                  59.43094568082922, 4673303.116163294, 96.96522242071406, 4673400.081385715,4.4906589754767555e-07
               0.00283745007802,               0.05966825479967,               0.10134878137392,        0.03101939549618,            0.010736897460399533,    9.7235992884901,          88.35537404709709,       0.2612024713731776,              254.06675605289223,                  59.43094568082922, 4673303.116163294, 96.96522242071406, 4673400.081385715,4.4906589754767555e-07
               0.00283745007802,               0.05966825479967,               0.10134878137392,        0.03101939549618,            0.010736897460399533,    9.7235992884901,          88.35537404709709,       0.2612024713731776,              254.06675605289223,                  59.43094568082922, 4673303.116163294, 96.96522242071406, 4673400.081385715,4.4906589754767555e-07
               0.00283745007802,               0.05966825479967,               0.10134878137392,        0.03101939549618,            0.010736897460399533,    9.7235992884901,          88.35537404709709,       0.2612024713731776,              254.06675605289223,                  59.43094568082922, 4673303.116163294, 96.96522242071406, 4673400.081385715,4.4906589754767555e-07
               0.00283745007802,               0.05966825479967,               0.10134878137392,        0.03101939549618,            0.010736897460399533,    9.7235992884901,          88.35537404709709,       0.2612024713731776,              254.06675605289223,                  59.43094568082922, 4673303.116163294, 96.96522242071406, 4673400.081385715,4.4906589754767555e-07
               0.00102827478017,               0.05918512494865,               0.09868662663886,        0.19953854138595,            0.012246991621543201,   8.61655505170475,          87.64197845559639,      0.26642953056295327,              243.96001999749367,                   56.8831864404508, 4673303.137595861, 85.40604318352842, 4673388.543639045, 4.268298474396053e-07
               0.00074401310661,               0.05907171246937,               0.10278763843935,        0.45223597201405,            0.012498444935798932,   9.18338269794396,          87.50373473255446,       0.2689640593687018,              245.42852534989083,                  56.52766666626106, 4673303.186133819, 83.72792251961188, 4673386.914056338,4.3993202015412587e-07
               0.00137506105962,               0.05918468630775,               0.10217516477595,        0.21307495640445,             0.01184215173071173,   9.65500860532512,          87.71190700558746,      0.26737236082583876,               245.4014216527902,                  55.18324238721698, 4673303.211474668, 88.18421546044303, 4673391.395690129, 4.541183667465997e-07
               0.00021113977173,               0.05897412624388,               0.10459986735161,        0.55145771522947,             0.01439257945822067,   8.51150070324152,          87.80055186804108,       0.2696609880738184,              238.96977494872732,                  59.58856099753889, 4673303.229050303, 73.18860860608643, 4673376.417658909,  4.61640721290644e-07
               0.00114630045799,                0.0598277891785,               0.09740147850719,        0.22894843588029,             0.00948252247648163,   8.86789258941834,          88.06538448228804,        0.261360132484605,              245.27463871123456,                  56.14498019579739, 4673303.288042268,109.28330984995382, 4673412.571352118, 4.774595852091464e-07
               0.00046046791042,                0.0596861218097,               0.09991304944834,        0.22342992368613,            0.010591559379043105,   9.28666474953804,          87.57575489662014,       0.2625799950232642,              247.46170876013448,                  59.74876218548988, 4673303.322668333, 98.22316697080832, 4673401.545835303, 4.977091701138331e-07
               0.00080717463265,               0.05982732039155,               0.09592571822004,        0.38403526606749,             0.00731197161618302,   9.39937693240382,           88.4808745471933,       0.2612409700201659,              246.06927685912336,                   59.9426644418395,  4673303.36660609,140.58990235469113, 4673443.956508445, 5.151209429810958e-07
               0.00161832751629,               0.05922898772911,               0.10114803610407,        0.20164106976653,            0.012899292738925705,    9.3897996273404,          87.75327339604367,       0.2717129987883384,              248.88927773859191,                  56.57426375454016, 4673303.430855037, 81.20398410885343,4673384.6348391455, 5.411963380296077e-07
               0.00174515520043,               0.06005418064406,               0.09765673587654,        0.03162049752528,            0.010372373199855867,   7.76688220497407,           87.8713956133738,      0.26069327224720806,              245.46377362723885,                  57.40270875067471, 4673303.437552258, 100.2458773883501, 4673403.683429646, 5.576644160416678e-07
               0.00094843383539,               0.05987262716431,               0.10045000800843,        0.18639396902066,            0.012591982087374347,   7.55903433891838,          88.08517005660825,        0.266913488665779,              239.93146235994925,                  55.37997789668055, 4673303.477660703, 83.16214715317605, 4673386.639807856, 5.681401517352788e-07
               0.00094843383539,               0.05987262716431,               0.10045000800843,        0.18639396902066,            0.012591982087374347,   7.55903433891838,          88.08517005660825,        0.266913488665779,              239.93146235994925,                  55.37997789668055, 4673303.477660703, 83.16214715317605, 4673386.639807856, 5.795322332995808e-07
               0.00101972107538,               0.05958532886421,               0.10265390166705,         0.3283686415682,            0.012535929927236896,   8.44812383816092,          88.37232113980544,       0.2552428344119729,              241.63245514232287,                  58.98067470350579, 4673303.488548595, 83.68854524527603, 4673387.177093841, 5.769063596141736e-07
               0.00147833079239,               0.05996061170986,                0.1025770339646,        0.08618095872598,            0.013764492701861836,   7.24465959337998,          88.29607541751461,      0.25853026320799954,              244.51586360977268,                  56.09801018926332, 4673303.504989844, 76.51871694059818,4673380.0237067845, 5.819450136863823e-07
               0.00127258195934,               0.05984022026482,               0.09775509474189,        0.02828398960425,            0.010582855369036071,   8.03218947300027,          87.63211738004989,      0.25955514482833164,              243.07590635757384,                  56.42296937712634, 4673303.524509103, 98.34520226559476, 4673401.869711368, 5.895635476848405e-07
               0.00127258195934,               0.05984022026482,               0.09775509474189,        0.02828398960425,            0.010582855369036071,   8.03218947300027,          87.63211738004989,      0.25955514482833164,              243.07590635757384,                  56.42296937712634, 4673303.524509103, 98.34520226559476, 4673401.869711368, 5.953172867735919e-07
               0.00127258195934,               0.05984022026482,               0.09775509474189,        0.02828398960425,            0.010582855369036071,   8.03218947300027,          87.63211738004989,      0.25955514482833164,              243.07590635757384,                  56.42296937712634, 4673303.524509103, 98.34520226559476, 4673401.869711368, 5.953172867735919e-07
               0.00064694945941,               0.06042884162372,               0.10099135704527,        0.31100335212555,            0.010777912139853029,   6.05564033983423,          88.18673068558348,       0.2608108315664757,              242.43447349308977,                  55.78513123804991, 4673303.547020477, 96.61654506173153, 4673400.163565539, 5.931075046456199e-07
               0.00174717955389,               0.05938428679852,               0.09899020657318,         0.0624244979763,             0.01074631113190101,   9.28870716391446,          87.17324929798367,      0.26588834963323343,              247.85097349584012,                  55.43506608120234, 4673303.548911052, 96.81616487218322, 4673400.365075924, 5.973637399417228e-07
                0.0014178230364,               0.05988150421941,               0.09623425503531,        0.17960652449755,            0.009075133819866237,   8.83260178711121,          87.98933631896581,       0.2635147545766051,              247.72523936230192,                  57.74052538920085,   4673303.6300942,113.98606650930294, 4673417.616160709, 6.201111227955462e-07
               0.00223998743995,               0.05923799552544,               0.09971537825927,        0.22751192433949,            0.011071043875328198,   9.10769343102947,          88.10951095000875,      0.26994609089647603,              249.37279344778025,                  56.76794323253799, 4673303.662452823, 94.03016251511008, 4673397.692615338, 6.526162631327968e-07
               0.00160475084072,               0.05969137625954,               0.09564521965398,        0.15747977467009,            0.007809346658125071,   9.87241059909069,          88.44040566219513,       0.2637092335344993,              247.04888798198368,                  58.43432842464623, 4673303.690722981,131.84374052744295, 4673435.534463508, 6.693353265771087e-07
               0.00022925577418,               0.05926086658132,               0.10196134242681,        0.29915692733521,             0.01197507734935504,   8.62179662185299,            87.656527767065,       0.2693762155534476,              239.63756731494567,                  54.46969876184895, 4673303.714588551,  87.2190477315177, 4673390.933636283, 6.835752801402568e-07
                0.0016494137622,               0.05913731276986,               0.10455783664496,        0.41296770060996,            0.012485146818956303,   9.89620338336202,          88.58528322272988,       0.2606970050485642,              248.67324277611203,                  57.85910104607991, 4673303.773803159,  83.9310441365153, 4673387.704847295, 7.092842589969914e-07
                0.0016494137622,               0.05913731276986,               0.10455783664496,        0.41296770060996,            0.012485146818956303,   9.89620338336202,          88.58528322272988,       0.2606970050485642,              248.67324277611203,                  57.85910104607991, 4673303.773803159,  83.9310441365153, 4673387.704847295, 7.302781194406461e-07
                0.0016494137622,               0.05913731276986,               0.10455783664496,        0.41296770060996,            0.012485146818956303,   9.89620338336202,          88.58528322272988,       0.2606970050485642,              248.67324277611203,                  57.85910104607991, 4673303.773803159,  83.9310441365153, 4673387.704847295, 7.302781194406461e-07
                0.0016494137622,               0.05913731276986,               0.10455783664496,        0.41296770060996,            0.012485146818956303,   9.89620338336202,          88.58528322272988,       0.2606970050485642,              248.67324277611203,                  57.85910104607991, 4673303.773803159,  83.9310441365153, 4673387.704847295, 7.302781194406461e-07
                0.0016494137622,               0.05913731276986,               0.10455783664496,        0.41296770060996,            0.012485146818956303,   9.89620338336202,          88.58528322272988,       0.2606970050485642,              248.67324277611203,                  57.85910104607991, 4673303.773803159,  83.9310441365153, 4673387.704847295, 7.302781194406461e-07
               0.00081526530957,                0.0597390439093,               0.10418353463995,        0.31506917080767,             0.01340076600515458,   7.52718616940348,           87.7232990465682,       0.2745714504770106,              242.17213346603432,                  58.06316282758591, 4673303.794181411, 78.26463915484868, 4673382.058820566, 7.194422308933841e-07
               0.00066952774894,               0.05975882629923,               0.10404433746367,        0.18689288611401,             0.01147526804882982,   7.97335873225493,          88.32697127299313,       0.2569437182164981,              244.72042066864788,                    57.766063685296, 4673303.805853419, 91.03583676303631, 4673394.841690182, 7.274017530451876e-07
               0.00066952774894,               0.05975882629923,               0.10404433746367,        0.18689288611401,             0.01147526804882982,   7.97335873225493,          88.32697127299313,       0.2569437182164981,              244.72042066864788,                    57.766063685296, 4673303.805853419, 91.03583676303631, 4673394.841690182, 7.316468240998204e-07
               0.00112698379772,               0.05957195972361,               0.10226581779563,         0.7344474154839,            0.011525882238908798,   9.11568905337377,          88.71020463638116,       0.2656915167175751,              244.13931518013675,                  58.67639237999919, 4673303.829732021, 90.52501767955535, 4673394.354749701, 7.331192722621444e-07
               0.00032176078085,               0.05939719746252,                0.1006250512805,        0.46906738179846,             0.01232044968639193,    8.4392172983947,          88.82682983284538,      0.26912281783065634,              242.74101611024457,                  55.90904575297046, 4673303.873719572, 84.88164417289488, 4673388.755363745, 7.547786396604417e-07
               0.00032176078085,               0.05939719746252,                0.1006250512805,        0.46906738179846,             0.01232044968639193,    8.4392172983947,          88.82682983284538,      0.26912281783065634,              242.74101611024457,                  55.90904575297046, 4673303.873719572, 84.88164417289488, 4673388.755363745, 7.713763954064775e-07
               0.00032176078085,               0.05939719746252,                0.1006250512805,        0.46906738179846,             0.01232044968639193,    8.4392172983947,          88.82682983284538,      0.26912281783065634,              242.74101611024457,                  55.90904575297046, 4673303.873719572, 84.88164417289488, 4673388.755363745, 7.713763954064775e-07
               0.00032176078085,               0.05939719746252,                0.1006250512805,        0.46906738179846,             0.01232044968639193,    8.4392172983947,          88.82682983284538,      0.26912281783065634,              242.74101611024457,                  55.90904575297046, 4673303.873719572, 84.88164417289488, 4673388.755363745, 7.713763954064775e-07
               0.00032176078085,               0.05939719746252,                0.1006250512805,        0.46906738179846,             0.01232044968639193,    8.4392172983947,          88.82682983284538,      0.26912281783065634,              242.74101611024457,                  55.90904575297046, 4673303.873719572, 84.88164417289488, 4673388.755363745, 7.713763954064775e-07
               0.00061264626615,               0.05920624353189,               0.10436436218264,        0.49085788892639,            0.012611886090242564,   8.96131451995329,           88.5351740155324,       0.2624642707138983,              243.45789169912143,                  57.21346007444589, 4673303.904740663, 83.10032403188322, 4673387.005064695, 7.640376176285105e-07
               0.00083765534877,               0.06019726016136,               0.10079820059293,        0.64040581135712,            0.011299603824504421,   6.61483222696168,           88.9969166709097,      0.25857224428999076,              241.31742141701568,                   57.6257461554113, 4673303.918419105,  92.3660690796838, 4673396.284488184, 7.773435126514073e-07
               0.00083765534877,               0.06019726016136,               0.10079820059293,        0.64040581135712,            0.011299603824504421,   6.61483222696168,           88.9969166709097,      0.25857224428999076,              241.31742141701568,                   57.6257461554113, 4673303.918419105,  92.3660690796838, 4673396.284488184, 7.826598540409877e-07
                3.634665756e-05,               0.05966749324841,               0.10073971398463,         0.2031305772612,            0.011720483950216524,   7.98123880664642,          87.33674479480975,         0.26173463627441,              241.10723180046364,                  54.28438302440253, 4673303.947062456,  89.1413725700195, 4673393.088435026, 7.861301244385308e-07
               0.00078726409192,               0.05969366964978,               0.09709272908176,        0.38178017932786,            0.010215954230537666,   8.32045513606036,          88.26532931933627,      0.26389069750562877,              245.90679365601247,                  58.24653400834043,  4673304.00312271, 101.6755557972733, 4673405.678678507, 8.162958363154482e-07
               0.00078726409192,               0.05969366964978,               0.09709272908176,        0.38178017932786,            0.010215954230537666,   8.32045513606036,          88.26532931933627,      0.26389069750562877,              245.90679365601247,                  58.24653400834043,  4673304.00312271, 101.6755557972733, 4673405.678678507, 8.391707218493799e-07
               0.00078726409192,               0.05969366964978,               0.09709272908176,        0.38178017932786,            0.010215954230537666,   8.32045513606036,          88.26532931933627,      0.26389069750562877,              245.90679365601247,                  58.24653400834043,  4673304.00312271, 101.6755557972733, 4673405.678678507, 8.391707218493799e-07
               0.00078726409192,               0.05969366964978,               0.09709272908176,        0.38178017932786,            0.010215954230537666,   8.32045513606036,          88.26532931933627,      0.26389069750562877,              245.90679365601247,                  58.24653400834043,  4673304.00312271, 101.6755557972733, 4673405.678678507, 8.391707218493799e-07
               0.00102667675256,               0.06024060428194,               0.10136317452137,        0.68250030139673,            0.012298588811028133,   6.22878923086483,          88.75633152685756,       0.2608699535306834,               241.9848716484964,                  58.44875234295341, 4673304.116201269, 85.14346941391082, 4673389.259670683, 8.717038661254626e-07
                0.0002996287234,               0.05956953648203,               0.10155144137679,        0.13224917039382,             0.01039698014531485,   9.90358489264019,          88.07066694919577,      0.26044095452327476,              241.65697138315684,                  56.11072613209724, 4673304.126691803,100.02141641191918, 4673404.148108215, 9.211869763514099e-07
                0.0002996287234,               0.05956953648203,               0.10155144137679,        0.13224917039382,             0.01039698014531485,   9.90358489264019,          88.07066694919577,      0.26044095452327476,              241.65697138315684,                  56.11072613209724, 4673304.126691803,100.02141641191918, 4673404.148108215, 9.260188038700228e-07
                0.0002996287234,               0.05956953648203,               0.10155144137679,        0.13224917039382,             0.01039698014531485,   9.90358489264019,          88.07066694919577,      0.26044095452327476,              241.65697138315684,                  56.11072613209724, 4673304.126691803,100.02141641191918, 4673404.148108215, 9.260188038700228e-07
               0.00122258965776,                0.0594885531079,               0.09939205540367,        0.20419573188301,            0.010723176919443833,    8.4479305528321,          87.78270796462654,       0.2586766954904374,              244.09242577330176,                  58.41053064969519, 4673304.221418449, 97.12177477593802, 4673401.343193225, 9.575148304374137e-07
               0.00122258965776,                0.0594885531079,               0.09939205540367,        0.20419573188301,            0.010723176919443833,    8.4479305528321,          87.78270796462654,       0.2586766954904374,              244.09242577330176,                  58.41053064969519, 4673304.221418449, 97.12177477593802, 4673401.343193225,1.0028320325644362e-06
               0.00089037576492,               0.05933899167222,               0.09993611830808,        0.22360893824269,            0.010347451202699986,   9.55550105621546,          88.03261665849524,       0.2648793903530941,               248.3819967396207,                  57.47902952129168, 4673304.247981674, 100.4174598064375,  4673404.66544148, 1.006217002923731e-06
               0.00220231523256,               0.05947148144466,                0.0995021147226,        0.17359534106865,             0.01131587477509388,   9.47072502162798,          87.68316095884524,      0.26444797458934693,              246.06920432012723,                  59.40467052755955, 4673304.248750556, 92.15288898131752, 4673396.401639538,1.0148980308184495e-06
               0.00311412400071,               0.05926962126142,               0.10166591048478,        0.30818187079225,            0.012261066551201674,   8.82448367128841,           87.9117675471109,      0.26633870368189344,                253.465611774282,                  59.45142989196262, 4673304.283644214, 85.31359100104626, 4673389.597235215,1.0281735626489157e-06
               0.00125865514155,               0.05904257521088,               0.10471008097002,        0.68963363897387,            0.012842383797492193,   9.64456955125586,          88.54492539131527,       0.2644609129461987,              244.83454386804013,                  58.57868543909906, 4673304.292651653, 81.64844070931112, 4673385.941092363, 1.045614706879166e-06
               0.00195809375369,                0.0597425127994,               0.09742501913668,        0.02409328281416,            0.010179116593463482,   9.28471200861378,          87.89049135915614,      0.26150232791210626,               247.4679228131241,                  59.06415962046667, 4673304.336748284,102.06441001183646,4673406.4011582965,1.0686565982857376e-06
               0.00039538407423,               0.05905629424568,               0.10905130150259,        0.31073652187957,             0.01470074962036618,    9.8326613872294,          88.13592948818923,      0.26114706138120947,              242.30215127460568,                  58.98129508020753, 4673304.338593111, 71.85300205631614, 4673376.191595168, 1.087784342357543e-06
               0.00039538407423,               0.05905629424568,               0.10905130150259,        0.31073652187957,             0.01470074962036618,    9.8326613872294,          88.13592948818923,      0.26114706138120947,              242.30215127460568,                  58.98129508020753, 4673304.338593111, 71.85300205631614, 4673376.191595168,1.0887877288740031e-06
               0.00039538407423,               0.05905629424568,               0.10905130150259,        0.31073652187957,             0.01470074962036618,    9.8326613872294,          88.13592948818923,      0.26114706138120947,              242.30215127460568,                  58.98129508020753, 4673304.338593111, 71.85300205631614, 4673376.191595168,1.0887877288740031e-06
               0.00104982425323,               0.05963843774688,                0.1004956903746,        0.20808739165545,            0.011611408648654958,   8.79304591126958,          88.69238589244766,      0.25510632650032367,              239.87407509528657,                  58.25118149425316, 4673304.361460233, 90.04212915727157,  4673394.40358939,1.0849413681568086e-06
               0.00301123638111,               0.05974301346449,               0.10069168989065,        0.26543069429302,            0.010162283491675497,     8.720676379888,          88.83544228537515,        0.261965014117273,               253.2201291592006,                   59.1304033617746, 4673304.415922343,102.22038408385906,4673406.6363064265,1.1224439188863826e-06
               0.00217413692669,               0.05904133393065,               0.10207850839691,        0.34355966880656,            0.014517037331464203,   9.10261853905943,           88.0157805715575,      0.26937162025242556,              246.29259563267564,                  59.81364974717598, 4673304.422184962, 72.59692222325535, 4673377.019107185,1.1508690869565528e-06
               0.00075461513929,                0.0597748586238,               0.09991764802879,         0.0489920808505,            0.012733897996551675,   7.99147881304273,          88.34126385620526,       0.2591110866402461,              241.19889532032235,                  54.33892897476267, 4673304.454780247,  82.3898975179687, 4673386.844677765,1.1677591936778745e-06
               0.00034006563597,               0.05968891859167,               0.10449135457854,        0.53325765266022,            0.012819060099873865,   8.10615943799516,          87.77952832055544,       0.2611948515462033,              242.69020558032375,                  57.46772275587614, 4673304.519847808, 81.83739873820498, 4673386.357246547,1.2205809140690758e-06
               0.00326323032544,               0.05937130105612,               0.10325742834596,        0.25293747529231,            0.012920855168608992,   9.27723113021417,          88.95429038300098,      0.26325479337816116,               253.2084596719907,                   58.5571231685586,  4673304.52645552, 81.19285941473659, 4673385.719314935,1.2581637626513759e-06
               0.00326323032544,               0.05937130105612,               0.10325742834596,        0.25293747529231,            0.012920855168608992,   9.27723113021417,          88.95429038300098,      0.26325479337816116,               253.2084596719907,                   58.5571231685586,  4673304.52645552, 81.19285941473659, 4673385.719314935,1.2623205392081175e-06
               0.00326323032544,               0.05937130105612,               0.10325742834596,        0.25293747529231,            0.012920855168608992,   9.27723113021417,          88.95429038300098,      0.26325479337816116,               253.2084596719907,                   58.5571231685586,  4673304.52645552, 81.19285941473659, 4673385.719314935,1.2623205392081175e-06
               0.00218754810488,                0.0600935011855,               0.09610992852604,        0.00632811480951,            0.009715815245056486,   7.44275281627026,          88.83554770176671,        0.259843811768154,              247.06968117647716,                  58.38708174068504, 4673304.527711187,106.77343647102879, 4673411.301147657,1.2442611230460796e-06
               0.00218754810488,                0.0600935011855,               0.09610992852604,        0.00632811480951,            0.009715815245056486,   7.44275281627026,          88.83554770176671,        0.259843811768154,              247.06968117647716,                  58.38708174068504, 4673304.527711187,106.77343647102879, 4673411.301147657, 1.245042311218389e-06
               0.00218754810488,                0.0600935011855,               0.09610992852604,        0.00632811480951,            0.009715815245056486,   7.44275281627026,          88.83554770176671,        0.259843811768154,              247.06968117647716,                  58.38708174068504, 4673304.527711187,106.77343647102879, 4673411.301147657, 1.245042311218389e-06
                3.424520293e-05,               0.05994664763604,               0.09808526909177,        0.23521740707896,            0.010747847240977666,   8.21800080509001,          88.48057258951646,       0.2605272108145266,              242.18770820803704,                  55.47394146935971, 4673304.529289935, 96.88025872292431, 4673401.409548658,1.2274284894756683e-06
               0.00046653176669,               0.05965510582709,               0.10372967690016,         0.2975350956602,            0.012263487916394611,   7.92458023204054,          88.50060763276818,      0.25662940459306344,              241.23852809880356,                  57.08788213514816, 4673304.566041522, 85.43953952809686,  4673390.00558105,1.2451642667527403e-06
                0.0005924175246,               0.05967942448915,               0.10545523577806,        0.09431450835157,            0.015606024607757948,   7.10901340290928,          88.99892260209229,       0.2641226930108851,              243.15824659431956,                  56.93014774343503, 4673304.598787315, 67.86393691356884, 4673372.462724228,1.2827340992357154e-06
                0.0005924175246,               0.05967942448915,               0.10545523577806,        0.09431450835157,            0.015606024607757948,   7.10901340290928,          88.99892260209229,       0.2641226930108851,              243.15824659431956,                  56.93014774343503, 4673304.598787315, 67.86393691356884, 4673372.462724228,1.3037342962890282e-06
                0.0005924175246,               0.05967942448915,               0.10545523577806,        0.09431450835157,            0.015606024607757948,   7.10901340290928,          88.99892260209229,       0.2641226930108851,              243.15824659431956,                  56.93014774343503, 4673304.598787315, 67.86393691356884, 4673372.462724228,1.3037342962890282e-06
                 9.77644506e-06,               0.05911190018929,               0.09879581345781,        0.02994914097189,            0.013112541135368364,    9.0467289413965,          87.94062779940784,       0.2627301860494101,              240.74798607566467,                  55.88667935499759, 4673304.654612461, 80.06905464433567, 4673384.723667106, 1.321142488457765e-06
               0.00146783194881,               0.05965155236089,               0.09719637770025,        0.11268650301318,            0.010154133625463437,   8.86223723568791,          88.32815260003163,      0.26300650607964227,              249.50509457539505,                  57.41518786564492,  4673304.68496252,102.28424761080007, 4673406.969210131,1.3720727823468427e-06
               0.00146783194881,               0.05965155236089,               0.09719637770025,        0.11268650301318,            0.010154133625463437,   8.86223723568791,          88.32815260003163,      0.26300650607964227,              249.50509457539505,                  57.41518786564492,  4673304.68496252,102.28424761080007, 4673406.969210131, 1.392892428999104e-06
                0.0016114873257,               0.05951113472092,               0.10154672664267,        0.06854411575798,             0.01064638806044935,   9.23988191626193,          88.29180616604853,      0.25651653105156363,              249.24114327931508,                  57.39743330404537, 4673304.703404671, 97.82695365162674, 4673402.530358322,1.3918669476986269e-06
               0.00186618620653,               0.05968838381117,               0.09896404489447,        0.19476420594531,            0.009736551326860821,   8.39130282951104,          88.70463765697119,       0.2585238018032885,               243.9776544974086,                  58.97336440573885, 4673304.713393444,106.57388567045385, 4673411.287279115,1.4047282298679852e-06
               0.00299688610802,               0.05932210316572,               0.10239286190041,        0.01899935753836,            0.012259549221992449,   9.63415990804278,          88.37348037880494,       0.2670982508570823,              254.72330521794436,                  57.21740902936526, 4673304.727446948, 85.31300831647772, 4673390.040455265,1.4146606306739152e-06
               0.00083885814984,                0.0601250537768,               0.09662025780549,        0.59556695152193,             0.00960881999454718,   7.23161285483412,          88.21695000544368,        0.265276167327887,              243.51875723781592,                  58.46022094159301, 4673304.736273669,107.84070783996762, 4673412.576981509,1.4237970579669701e-06
               0.00069838750457,               0.05933263042512,               0.10050415614972,        0.47938366989364,            0.012274197677883743,    9.1737071375588,          88.57792348853722,       0.2730491614430998,              243.45731784150567,                  57.18380549058081, 4673304.796374972,  85.1340644436609, 4673389.930439415,1.4670381024514663e-06
               0.00036226526077,               0.05935571833248,               0.10202060402239,        0.14920815093562,            0.013500676500503015,   8.89926703566074,          88.07523005241727,        0.262141631798958,               245.7494209263263,                  56.55670669203042, 4673304.812847932,  77.8850940509549, 4673382.697941983, 1.516079200599559e-06
               0.00211131664733,               0.05941498333509,               0.09735789736194,        0.41081700745361,             0.00965393412623373,   9.12765883253805,          88.17414752311917,       0.2641324256242905,              249.21975323286685,                  59.17012006857311, 4673304.826841697,107.37069313064552,4673412.1975348275, 1.531678063250597e-06
               0.00211131664733,               0.05941498333509,               0.09735789736194,        0.41081700745361,             0.00965393412623373,   9.12765883253805,          88.17414752311917,       0.2641324256242905,              249.21975323286685,                  59.17012006857311, 4673304.826841697,107.37069313064552,4673412.1975348275,1.5423948607445454e-06
               0.00100301295317,               0.06005507602606,                0.0982431557041,        0.18195181449502,            0.009875945543353701,   8.04102573277613,          87.83501390807395,      0.25823516454564666,              243.75169629811504,                  58.47327311963622, 4673304.903709929,105.12856668716813, 4673410.032276616,  1.58805302734897e-06
                0.0009681143129,               0.05900877228487,               0.10264712642304,        0.05966492467465,            0.014120078191472417,   9.96583227272065,          88.55082435774442,       0.2640976662826901,              247.11783136221132,                  55.59390156736185,   4673304.9194392, 74.60761555086711, 4673379.527054751, 1.653860880146127e-06
                9.527233291e-05,               0.05901618210256,               0.10554717408078,        0.08446957667114,            0.014970833955395143,   9.60762357728598,          86.93403746044302,       0.2676924341480775,              240.20408596448473,                  55.30592823509095, 4673304.961115899, 70.53217648869939, 4673375.493292388,1.6938670357480097e-06
                9.527233291e-05,               0.05901618210256,               0.10554717408078,        0.08446957667114,            0.014970833955395143,   9.60762357728598,          86.93403746044302,       0.2676924341480775,              240.20408596448473,                  55.30592823509095, 4673304.961115899, 70.53217648869939, 4673375.493292388,1.7291593205335663e-06
               0.00059945927902,               0.05989890971325,               0.10553873298037,        0.32926329644222,             0.01256027503891381,    7.5066839113482,          88.94211307625439,       0.2571656290962772,              243.92320474052264,                  59.41206567960678,4673304.9805649575, 83.50463549026128, 4673388.485200448, 1.728764647237111e-06
               0.00236135287057,               0.05948457804099,               0.09990062147007,        0.12206406230147,            0.009592416957771998,   9.43530556519143,          87.37542060022555,       0.2630322185917574,              251.24003544372312,                  59.72095286169902, 4673304.985952986,108.05082861684352,4673413.0367816035,1.7415829223136329e-06
               0.00093900688584,               0.05928432828839,               0.09975428969482,         0.3194313051606,             0.01150441007025175,   8.94820536419752,          88.60770993255623,        0.265803102567401,              244.73848217669996,                  55.72853841078855, 4673305.069852647,  90.6853713793464, 4673395.755224027, 1.813623425258248e-06
               0.00136424598329,               0.05946993917485,               0.10345983058456,        0.05852021042632,            0.011104412861416316,   9.44174484843301,          87.36555767103837,       0.2598386700706594,               247.4182104321169,                  58.40788927171262, 4673305.122672313, 93.90283041530691, 4673399.025502728,1.9312508871055825e-06
               0.00136424598329,               0.05946993917485,               0.10345983058456,        0.05852021042632,            0.011104412861416316,   9.44174484843301,          87.36555767103837,       0.2598386700706594,               247.4182104321169,                  58.40788927171262, 4673305.122672313, 93.90283041530691, 4673399.025502728, 1.982243044926713e-06
               0.00089120405454,               0.05935154816771,               0.10394139498416,        0.37054706178804,            0.012098706185294447,   9.14108310144726,          88.97334296132475,      0.27123600151221133,              243.71094451652985,                  58.04476976381293, 4673305.131242328,  86.3402921846568, 4673391.471534513,1.9709647831694994e-06
               0.00014571741659,               0.05934140386505,               0.09551063700332,        0.16422514385406,            0.010222477559232012,   9.71880005450564,          88.38053021391536,       0.2712630717537726,              240.42020206793435,                  57.43169586995009, 4673305.161109078,101.51010174818978, 4673406.671210826, 1.999418361969223e-06
               0.00014571741659,               0.05934140386505,               0.09551063700332,        0.16422514385406,            0.010222477559232012,   9.71880005450564,          88.38053021391536,       0.2712630717537726,              240.42020206793435,                  57.43169586995009, 4673305.161109078,101.51010174818978, 4673406.671210826,2.0292742059105076e-06
               0.00023235487616,               0.05913567113333,               0.10318503069239,        0.03980109127093,            0.014321460697459334,   9.70208383232864,          87.07033867419706,      0.26600670821580824,              240.59717401485727,                  54.57344853913085, 4673305.208241217, 73.58458346682474, 4673378.792824684,2.0575620989075453e-06
               0.00220264603394,               0.05958405845979,               0.10280672778661,        0.10391784682186,            0.011952729517672372,   9.15034655150683,          88.33685242656571,       0.2641976121690072,              254.26004879588373,                  59.30932390644566, 4673305.268117564, 87.44794436241267, 4673392.716061926, 2.160217610582258e-06
               0.00220264603394,               0.05958405845979,               0.10280672778661,        0.10391784682186,            0.011952729517672372,   9.15034655150683,          88.33685242656571,       0.2641976121690072,              254.26004879588373,                  59.30932390644566, 4673305.268117564, 87.44794436241267, 4673392.716061926, 2.224871265989446e-06
               0.00106408947606,               0.05986219531111,               0.10206969645149,        0.33307633139796,             0.01189593170863265,   8.36841028829964,          88.09003385145348,       0.2616292692526188,               247.3492114193247,                  58.02365504911863,4673305.2854617825, 87.88455443304055, 4673393.170016215,2.2220022066762718e-06
               0.00262299506623,               0.05941610969379,                 0.101601318888,        0.06216909502301,            0.010766169740588433,   8.92057327120629,          88.00503675383216,       0.2682350459246991,              251.78732021015233,                  57.69795865231445, 4673305.445807916, 96.61161754958623, 4673402.057425465, 2.424048654006914e-06
               0.00111485952947,               0.05931787046036,               0.10086087444726,        0.54739696203413,            0.012488742252631692,   9.91529711118309,          88.54452171807712,       0.2678162775525918,               245.7099159238572,                  58.76923875716687,4673305.4495653715, 83.80601752270708, 4673389.255582894,2.6098551834382345e-06
               0.00112953486716,               0.05942422896821,               0.10235828999536,         0.0806689560455,            0.012270366255036426,   9.44783873656334,          87.69694950262634,       0.2634521678384103,              246.37411823934923,                  55.08870607500046, 4673305.520255497, 85.29291528430078, 4673390.813170781,2.6970368990666135e-06
               0.00112953486716,               0.05942422896821,               0.10235828999536,         0.0806689560455,            0.012270366255036426,   9.44783873656334,          87.69694950262634,       0.2634521678384103,              246.37411823934923,                  55.08870607500046, 4673305.520255497, 85.29291528430078, 4673390.813170781,2.7923241604280577e-06
               0.00134833303656,               0.05917822394521,               0.10090767841034,         0.2186544795652,            0.010559402295379114,   9.75919966081287,           87.5678068181507,      0.26322294041116434,              248.13620694680688,                  57.05764595392648, 4673305.523406597, 98.50139089872137, 4673404.024797495, 2.768902381176626e-06
                0.0007448239548,               0.05966490445716,               0.10048953202049,        0.39819684691807,            0.010482652918199931,   8.58960166143421,          88.45751323563839,       0.2613846905233328,               245.8052250435976,                  57.43984463954499, 4673305.584765731, 99.22147753166914, 4673404.806243263,2.8467781109459533e-06
               0.00040031805878,               0.05910953278912,               0.09943656714031,         0.0495921134516,            0.012800803228444355,   9.66735385018795,          87.03823554440854,       0.2668501994152455,              240.84623353566957,                  54.61873437803428,4673305.6119445935,  81.8675186360843,  4673387.47946323, 2.959709477554075e-06
               0.00040031805878,               0.05910953278912,               0.09943656714031,         0.0495921134516,            0.012800803228444355,   9.66735385018795,          87.03823554440854,       0.2668501994152455,              240.84623353566957,                  54.61873437803428,4673305.6119445935,  81.8675186360843,  4673387.47946323,2.9999277692504267e-06
               0.00040031805878,               0.05910953278912,               0.09943656714031,         0.0495921134516,            0.012800803228444355,   9.66735385018795,          87.03823554440854,       0.2668501994152455,              240.84623353566957,                  54.61873437803428,4673305.6119445935,  81.8675186360843,  4673387.47946323,2.9999277692504267e-06
               0.00040031805878,               0.05910953278912,               0.09943656714031,         0.0495921134516,            0.012800803228444355,   9.66735385018795,          87.03823554440854,       0.2668501994152455,              240.84623353566957,                  54.61873437803428,4673305.6119445935,  81.8675186360843,  4673387.47946323,2.9999277692504267e-06
               0.00040031805878,               0.05910953278912,               0.09943656714031,         0.0495921134516,            0.012800803228444355,   9.66735385018795,          87.03823554440854,       0.2668501994152455,              240.84623353566957,                  54.61873437803428,4673305.6119445935,  81.8675186360843,  4673387.47946323,2.9999277692504267e-06
               0.00040031805878,               0.05910953278912,               0.09943656714031,         0.0495921134516,            0.012800803228444355,   9.66735385018795,          87.03823554440854,       0.2668501994152455,              240.84623353566957,                  54.61873437803428,4673305.6119445935,  81.8675186360843,  4673387.47946323,2.9999277692504267e-06
               0.00040031805878,               0.05910953278912,               0.09943656714031,         0.0495921134516,            0.012800803228444355,   9.66735385018795,          87.03823554440854,       0.2668501994152455,              240.84623353566957,                  54.61873437803428,4673305.6119445935,  81.8675186360843,  4673387.47946323,2.9999277692504267e-06
               0.00040031805878,               0.05910953278912,               0.09943656714031,         0.0495921134516,            0.012800803228444355,   9.66735385018795,          87.03823554440854,       0.2668501994152455,              240.84623353566957,                  54.61873437803428,4673305.6119445935,  81.8675186360843,  4673387.47946323,2.9999277692504267e-06
               0.00040031805878,               0.05910953278912,               0.09943656714031,         0.0495921134516,            0.012800803228444355,   9.66735385018795,          87.03823554440854,       0.2668501994152455,              240.84623353566957,                  54.61873437803428,4673305.6119445935,  81.8675186360843,  4673387.47946323,2.9999277692504267e-06
               0.00040031805878,               0.05910953278912,               0.09943656714031,         0.0495921134516,            0.012800803228444355,   9.66735385018795,          87.03823554440854,       0.2668501994152455,              240.84623353566957,                  54.61873437803428,4673305.6119445935,  81.8675186360843,  4673387.47946323,2.9999277692504267e-06
               0.00040031805878,               0.05910953278912,               0.09943656714031,         0.0495921134516,            0.012800803228444355,   9.66735385018795,          87.03823554440854,       0.2668501994152455,              240.84623353566957,                  54.61873437803428,4673305.6119445935,  81.8675186360843,  4673387.47946323,2.9999277692504267e-06
               0.00040031805878,               0.05910953278912,               0.09943656714031,         0.0495921134516,            0.012800803228444355,   9.66735385018795,          87.03823554440854,       0.2668501994152455,              240.84623353566957,                  54.61873437803428,4673305.6119445935,  81.8675186360843,  4673387.47946323,2.9999277692504267e-06
               0.00040031805878,               0.05910953278912,               0.09943656714031,         0.0495921134516,            0.012800803228444355,   9.66735385018795,          87.03823554440854,       0.2668501994152455,              240.84623353566957,                  54.61873437803428,4673305.6119445935,  81.8675186360843,  4673387.47946323,2.9999277692504267e-06
               0.00040031805878,               0.05910953278912,               0.09943656714031,         0.0495921134516,            0.012800803228444355,   9.66735385018795,          87.03823554440854,       0.2668501994152455,              240.84623353566957,                  54.61873437803428,4673305.6119445935,  81.8675186360843,  4673387.47946323,2.9999277692504267e-06
               0.00040031805878,               0.05910953278912,               0.09943656714031,         0.0495921134516,            0.012800803228444355,   9.66735385018795,          87.03823554440854,       0.2668501994152455,              240.84623353566957,                  54.61873437803428,4673305.6119445935,  81.8675186360843,  4673387.47946323,2.9999277692504267e-06
               0.00040031805878,               0.05910953278912,               0.09943656714031,         0.0495921134516,            0.012800803228444355,   9.66735385018795,          87.03823554440854,       0.2668501994152455,              240.84623353566957,                  54.61873437803428,4673305.6119445935,  81.8675186360843,  4673387.47946323,2.9999277692504267e-06
               0.00040031805878,               0.05910953278912,               0.09943656714031,         0.0495921134516,            0.012800803228444355,   9.66735385018795,          87.03823554440854,       0.2668501994152455,              240.84623353566957,                  54.61873437803428,4673305.6119445935,  81.8675186360843,  4673387.47946323,2.9999277692504267e-06
               0.00040031805878,               0.05910953278912,               0.09943656714031,         0.0495921134516,            0.012800803228444355,   9.66735385018795,          87.03823554440854,       0.2668501994152455,              240.84623353566957,                  54.61873437803428,4673305.6119445935,  81.8675186360843,  4673387.47946323,2.9999277692504267e-06
                0.0019351562112,                0.0592386302502,                0.1054291218918,        0.36454781887282,            0.013582492675856478,   8.90989438202038,          88.21397856437152,      0.26922982338637047,               248.7281821548763,                  58.36053013690911, 4673305.671595897, 77.33848718455732, 4673383.010083081,  2.81521835573303e-06
               0.00093947411936,               0.05997272700057,               0.09882195851107,        0.00863176615401,            0.009840644001412224,   7.58992360485734,           88.2029041320171,       0.2555274525488316,              242.48520181642652,                  56.83416683347641, 4673305.793207843,105.53283938353962, 4673411.326047227,3.0712564235880748e-06
               0.00093947411936,               0.05997272700057,               0.09882195851107,        0.00863176615401,            0.009840644001412224,   7.58992360485734,           88.2029041320171,       0.2555274525488316,              242.48520181642652,                  56.83416683347641, 4673305.793207843,105.53283938353962, 4673411.326047227, 3.257777336908423e-06
               0.00093947411936,               0.05997272700057,               0.09882195851107,        0.00863176615401,            0.009840644001412224,   7.58992360485734,           88.2029041320171,       0.2555274525488316,              242.48520181642652,                  56.83416683347641, 4673305.793207843,105.53283938353962, 4673411.326047227, 3.257777336908423e-06
               0.00070248738476,               0.05931901266102,               0.10203675466037,        0.10259055813402,            0.012600505094042985,   9.05520042028538,          88.92511143364412,      0.25553197828199636,              243.68949020867484,                  56.67864780869117, 4673305.794129963, 83.27530252290441, 4673389.069432486, 3.210634090428763e-06
               0.00070248738476,               0.05931901266102,               0.10203675466037,        0.10259055813402,            0.012600505094042985,   9.05520042028538,          88.92511143364412,      0.25553197828199636,              243.68949020867484,                  56.67864780869117, 4673305.794129963, 83.27530252290441, 4673389.069432486, 3.212114384441976e-06
               0.00070248738476,               0.05931901266102,               0.10203675466037,        0.10259055813402,            0.012600505094042985,   9.05520042028538,          88.92511143364412,      0.25553197828199636,              243.68949020867484,                  56.67864780869117, 4673305.794129963, 83.27530252290441, 4673389.069432486, 3.212114384441976e-06
               0.00070248738476,               0.05931901266102,               0.10203675466037,        0.10259055813402,            0.012600505094042985,   9.05520042028538,          88.92511143364412,      0.25553197828199636,              243.68949020867484,                  56.67864780869117, 4673305.794129963, 83.27530252290441, 4673389.069432486, 3.212114384441976e-06
               0.00070248738476,               0.05931901266102,               0.10203675466037,        0.10259055813402,            0.012600505094042985,   9.05520042028538,          88.92511143364412,      0.25553197828199636,              243.68949020867484,                  56.67864780869117, 4673305.794129963, 83.27530252290441, 4673389.069432486, 3.212114384441976e-06
               0.00046901700571,               0.05877075225851,               0.10394044776092,        0.06702194745814,             0.01447308852701109,    9.6199017372054,          87.64228361661462,        0.261549827722885,              242.49973914307003,                  55.37030232245281, 4673305.817061649,  72.9171159876513, 4673378.734177636,3.1685394224006113e-06
               0.00046901700571,               0.05877075225851,               0.10394044776092,        0.06702194745814,             0.01447308852701109,    9.6199017372054,          87.64228361661462,        0.261549827722885,              242.49973914307003,                  55.37030232245281, 4673305.817061649,  72.9171159876513, 4673378.734177636, 3.204867806918899e-06
               0.00046901700571,               0.05877075225851,               0.10394044776092,        0.06702194745814,             0.01447308852701109,    9.6199017372054,          87.64228361661462,        0.261549827722885,              242.49973914307003,                  55.37030232245281, 4673305.817061649,  72.9171159876513, 4673378.734177636, 3.204867806918899e-06
               0.00166836371371,               0.05933648394034,                0.1007888367361,        0.32013154307486,            0.013401919710412009,   8.60156577282841,          87.64345206978963,      0.26765325797022277,              245.20225972499713,                  58.40038566889875, 4673305.831235811,  78.3523532114409, 4673384.183589023, 3.179567432419193e-06
               0.00172458197937,               0.05915435283306,               0.09985466182083,        0.40321952687411,            0.011414090716620298,   9.99894831672409,          88.84252469796837,       0.2637569672153833,               250.1952786768676,                  59.07120463275683, 4673305.864391648, 91.40237764726918, 4673397.266769296, 3.239875532969562e-06
               0.00030735257321,               0.05949209483798,                0.1025532181114,        0.40927567481806,            0.014198097212794936,   9.17903723411946,          88.70758384645478,      0.26140695396260943,               238.1428038334359,                  59.60630447983242, 4673305.867865194,  74.2574259700002, 4673380.125291164, 3.282896672093251e-06
               0.00062777140357,               0.05997136347987,               0.10027313344431,        0.53087649836642,            0.011079223664402707,   8.13913987868133,           88.6557553060942,       0.2574783094838241,              243.56880066275824,                  59.53584198072378, 4673305.887529368, 94.14285400517002, 4673400.030383373, 3.304728454832433e-06
               0.00062777140357,               0.05997136347987,               0.10027313344431,        0.53087649836642,            0.011079223664402707,   8.13913987868133,           88.6557553060942,       0.2574783094838241,              243.56880066275824,                  59.53584198072378, 4673305.887529368, 94.14285400517002, 4673400.030383373, 3.337219786816903e-06
               0.00062777140357,               0.05997136347987,               0.10027313344431,        0.53087649836642,            0.011079223664402707,   8.13913987868133,           88.6557553060942,       0.2574783094838241,              243.56880066275824,                  59.53584198072378, 4673305.887529368, 94.14285400517002, 4673400.030383373, 3.337219786816903e-06
               0.00062777140357,               0.05997136347987,               0.10027313344431,        0.53087649836642,            0.011079223664402707,   8.13913987868133,           88.6557553060942,       0.2574783094838241,              243.56880066275824,                  59.53584198072378, 4673305.887529368, 94.14285400517002, 4673400.030383373, 3.337219786816903e-06
               0.00132359365533,               0.05949778473055,               0.10320413621579,        0.13182902305675,            0.012284941210499783,   9.19540209552831,          87.76007806655346,      0.26159444440768104,               247.8536127344346,                  56.33651325575396, 4673305.954496611,  85.2231820918366, 4673391.177678702, 3.384076254341797e-06
               0.00132359365533,               0.05949778473055,               0.10320413621579,        0.13182902305675,            0.012284941210499783,   9.19540209552831,          87.76007806655346,      0.26159444440768104,               247.8536127344346,                  56.33651325575396, 4673305.954496611,  85.2231820918366, 4673391.177678702,3.4973450557806688e-06
               0.00089986857078,                0.0593029691567,               0.09809441625434,        0.51478726011359,             0.01080193239629744,   9.36720213974498,          88.34928466529989,      0.27096563948971414,              244.31333536934773,                   57.7452763778277, 4673305.964615427, 96.26653319793455, 4673402.231148625,3.4801529666349075e-06
               0.00089986857078,                0.0593029691567,               0.09809441625434,        0.51478726011359,             0.01080193239629744,   9.36720213974498,          88.34928466529989,      0.27096563948971414,              244.31333536934773,                   57.7452763778277, 4673305.964615427, 96.26653319793455, 4673402.231148625,3.4977603287887082e-06
               0.00089986857078,                0.0593029691567,               0.09809441625434,        0.51478726011359,             0.01080193239629744,   9.36720213974498,          88.34928466529989,      0.27096563948971414,              244.31333536934773,                   57.7452763778277, 4673305.964615427, 96.26653319793455, 4673402.231148625,3.4977603287887082e-06
               0.00089986857078,                0.0593029691567,               0.09809441625434,        0.51478726011359,             0.01080193239629744,   9.36720213974498,          88.34928466529989,      0.27096563948971414,              244.31333536934773,                   57.7452763778277, 4673305.964615427, 96.26653319793455, 4673402.231148625,3.4977603287887082e-06
               0.00050675411624,               0.05917781070019,                0.1016119261128,        0.15552939799887,            0.013750403874855988,   9.27420445967462,          86.82117662421537,      0.26492283675952916,               241.0425774319577,                  57.27364042238013,  4673305.96968493, 76.49982061828497, 4673382.469505548,3.4368647370628244e-06
                0.0004962865347,               0.05931827213902,               0.10028122270192,        0.27329302534248,             0.01064770369266623,   9.43300577340611,          88.95121197699862,       0.2667346916724829,              244.40645218651628,                  56.43110842965373, 4673306.016174598, 97.66600723032153, 4673403.682181828, 3.510009031035892e-06
                0.0004962865347,               0.05931827213902,               0.10028122270192,        0.27329302534248,             0.01064770369266623,   9.43300577340611,          88.95121197699862,       0.2667346916724829,              244.40645218651628,                  56.43110842965373, 4673306.016174598, 97.66600723032153, 4673403.682181828,3.5915839157605185e-06
                0.0004962865347,               0.05931827213902,               0.10028122270192,        0.27329302534248,             0.01064770369266623,   9.43300577340611,          88.95121197699862,       0.2667346916724829,              244.40645218651628,                  56.43110842965373, 4673306.016174598, 97.66600723032153, 4673403.682181828,3.5915839157605185e-06
               0.00022707667552,               0.05936046271808,               0.10437796823976,        0.89079839546363,            0.012297801795974853,    9.3571357986983,          88.80264544455754,      0.26406680497947926,              239.92346881097825,                  59.28267395875572,  4673306.02401084, 85.10226585385061, 4673391.126276693,3.5518948671296248e-06
               0.00114618245556,               0.05931685131813,               0.10114070217166,        0.05789287940131,            0.011552081852084879,   8.53202435950771,          87.99658816378893,       0.2667401184509336,              244.61158417814937,                  54.99220973394893, 4673306.073079382, 90.31345096606205, 4673396.386530348, 3.637291590443733e-06
               0.00114618245556,               0.05931685131813,               0.10114070217166,        0.05789287940131,            0.011552081852084879,   8.53202435950771,          87.99658816378893,       0.2667401184509336,              244.61158417814937,                  54.99220973394893, 4673306.073079382, 90.31345096606205, 4673396.386530348,3.7265119894876635e-06
               0.00114618245556,               0.05931685131813,               0.10114070217166,        0.05789287940131,            0.011552081852084879,   8.53202435950771,          87.99658816378893,       0.2667401184509336,              244.61158417814937,                  54.99220973394893, 4673306.073079382, 90.31345096606205, 4673396.386530348,3.7265119894876635e-06
               0.00114618245556,               0.05931685131813,               0.10114070217166,        0.05789287940131,            0.011552081852084879,   8.53202435950771,          87.99658816378893,       0.2667401184509336,              244.61158417814937,                  54.99220973394893, 4673306.073079382, 90.31345096606205, 4673396.386530348,3.7265119894876635e-06
                0.0006877452295,                0.0596892911487,                0.0983687412933,        0.52431913338163,            0.011053620515493238,     8.175604367091,          88.94843378624418,      0.26425659097530546,              243.24901841549348,                   57.1500802945369, 4673306.121590857, 94.25229661294702,  4673400.37388747,3.7431270528110854e-06
                1.268197986e-05,               0.05927585584156,               0.09972071514701,        0.63879608789387,            0.010675413289843713,   9.75798530274009,          88.93932733189588,      0.25695239346256876,              240.39288604379772,                  59.80674684217751, 4673306.165553281, 97.56495986070857,4673403.7305131415,3.9005524846097515e-06
                9.451185126e-05,               0.05930936334455,               0.09862232757721,        0.08106976475785,             0.01195082432211385,   8.93549325236944,           86.8205644571366,      0.26678758450654555,               240.4027359645767,                  55.46501814944268, 4673306.170261366, 87.42453666716234, 4673393.594798033,  3.97580451944305e-06
                9.451185126e-05,               0.05930936334455,               0.09862232757721,        0.08106976475785,             0.01195082432211385,   8.93549325236944,           86.8205644571366,      0.26678758450654555,               240.4027359645767,                  55.46501814944268, 4673306.170261366, 87.42453666716234, 4673393.594798033,3.9851637156644425e-06
               0.00133785990862,               0.05963995991598,               0.09714617350472,        0.00089981451398,            0.009483859177838295,   9.28469123135313,          88.13080912630521,      0.26485371884503095,              246.74742750126447,                  55.86042802378376, 4673306.285546562,109.21797704313545, 4673415.503523605, 4.186568080267637e-06
                0.0003373607834,               0.05983520646553,               0.10178178981658,        0.08037910804189,            0.011879751619791552,   7.57488395214988,          88.02757201912365,      0.26335198781287156,              239.30161636254667,                  53.45394721684256, 4673306.344594766, 87.97404345773826, 4673394.318638224, 4.539586100899114e-06
                0.0007081543158,               0.05977331552592,               0.10233505330199,        0.47437809157963,            0.013826486584359086,   7.95973543325242,           88.6184806615984,       0.2601767116597403,               242.8948756132717,                  59.39326327381847, 4673306.355063827, 76.16849509574389, 4673382.523558922, 4.674792882649901e-06
               0.00063696847765,               0.06027559217627,               0.10129850713772,        0.42336711386676,            0.011316437181722325,   7.08583164185268,          88.80185720012342,      0.25761035908690844,               244.1453693312292,                  57.92338108618827, 4673306.406398454, 92.24886642897071, 4673398.655264882, 4.799034877945864e-06
               0.00063696847765,               0.06027559217627,               0.10129850713772,        0.42336711386676,            0.011316437181722325,   7.08583164185268,          88.80185720012342,      0.25761035908690844,               244.1453693312292,                  57.92338108618827, 4673306.406398454, 92.24886642897071, 4673398.655264882, 4.922186165574783e-06
               0.00063696847765,               0.06027559217627,               0.10129850713772,        0.42336711386676,            0.011316437181722325,   7.08583164185268,          88.80185720012342,      0.25761035908690844,               244.1453693312292,                  57.92338108618827, 4673306.406398454, 92.24886642897071, 4673398.655264882, 4.922186165574783e-06
               0.00063696847765,               0.06027559217627,               0.10129850713772,        0.42336711386676,            0.011316437181722325,   7.08583164185268,          88.80185720012342,      0.25761035908690844,               244.1453693312292,                  57.92338108618827, 4673306.406398454, 92.24886642897071, 4673398.655264882, 4.922186165574783e-06
               0.00063696847765,               0.06027559217627,               0.10129850713772,        0.42336711386676,            0.011316437181722325,   7.08583164185268,          88.80185720012342,      0.25761035908690844,               244.1453693312292,                  57.92338108618827, 4673306.406398454, 92.24886642897071, 4673398.655264882, 4.922186165574783e-06
               0.00104260525052,                0.0593990007035,                0.1023956319936,        0.35788584479042,            0.011667638025361058,   9.10351283591954,          88.64342387935844,       0.2656867345215653,              247.34105718483275,                  57.57404281383348, 4673306.439435138,  89.4709809172038,4673395.9104160555,4.8803517131092854e-06
                0.0009624565133,               0.05999547181873,                0.0989005462251,         0.2176417370464,            0.011239284290763006,   7.22078511808639,          87.89362828865703,      0.26824596242622545,              246.09691965158245,                  56.57952845735863, 4673306.445010271, 92.70155885206073, 4673399.146569123,4.9500769387708875e-06
               0.00040690575435,               0.05962951964462,               0.09843146702726,        0.42579084227648,            0.011390363577122885,   7.89997673480302,          88.44604163145232,      0.26127752764435025,              240.33015095273615,                  59.32299961259493, 4673306.468205381,  91.6208580343284, 4673398.089063415,4.9971315825671804e-06
                0.0007166328488,               0.05968220805079,               0.09860840132373,        0.88964236658454,            0.010679393637465144,   8.11515292838973,          88.55426736736199,      0.26634892783167446,              242.13184006415233,                  59.60996257743725, 4673306.503876466, 97.39274869577163, 4673403.896625162, 5.121264679382597e-06
                0.0007166328488,               0.05968220805079,               0.09860840132373,        0.88964236658454,            0.010679393637465144,   8.11515292838973,          88.55426736736199,      0.26634892783167446,              242.13184006415233,                  59.60996257743725, 4673306.503876466, 97.39274869577163, 4673403.896625162, 5.212595529980398e-06
               0.00035250242519,               0.05979421157167,               0.09848619297948,        0.25121949147837,            0.010150842982590218,   7.93937453491541,          88.48907804658279,       0.2610758642575875,               241.5750752261659,                  55.10739017439576, 4673306.575500222,102.34428993661871, 4673408.919790159, 5.352323773306911e-06
               0.00035837754257,               0.05932536240689,               0.09952139403713,        0.45426696040462,            0.010658380625096437,   9.34549980662372,          88.66744451309715,       0.2689311502681973,              241.90311005531623,                  56.58426676231453, 4673306.602768344, 97.54130699229796, 4673404.144075336, 5.592581829792938e-06
               0.00019175573805,               0.06030382213277,               0.09615542292661,        0.03789046851052,            0.010100171836936865,   6.23703394524594,          88.54256603315228,      0.26729883071252036,              238.59849427207436,                  54.89482219540868, 4673306.615370845,102.74934772562989, 4673409.364718571,  5.67639148079031e-06
                0.0002365574092,               0.05979303633784,               0.10052608578191,         0.3930521261007,             0.01268819519629655,   8.32464026259621,           88.9518292059369,       0.2647198943317504,              239.28070717910532,                  56.26722789643463, 4673306.616886373, 82.59099331881241, 4673389.207879691, 5.688050869465442e-06
                0.0010062901147,               0.05933391696567,               0.09895213941379,        0.47540491176987,             0.01011473421016316,   9.42192769934435,          88.19096981750322,      0.26507084849271434,               247.4622300587181,                  59.87180806133033, 4673306.637442283,102.63824881198624, 4673409.275691096, 5.722858071457401e-06
                0.0010062901147,               0.05933391696567,               0.09895213941379,        0.47540491176987,             0.01011473421016316,   9.42192769934435,          88.19096981750322,      0.26507084849271434,               247.4622300587181,                  59.87180806133033, 4673306.637442283,102.63824881198624, 4673409.275691096, 5.781675277806847e-06
               0.00062397112368,               0.05903767287942,               0.10282868949785,        0.14102199375416,             0.01260505139253986,   9.47267416318306,           88.5992933590688,       0.2577454395601028,              242.99460970320104,                   56.6800998048318,4673306.6526740175, 83.21307138989734,4673389.8657454075, 5.768074206293446e-06
                0.0012971121445,               0.05936209678829,               0.09969070984942,        0.13189494859071,            0.010873231345125418,    9.6730211728438,          86.81403718463089,       0.2682250837293413,              246.30121976770647,                  58.77649286125404, 4673306.652828881, 95.69719244727624, 4673402.350021328, 5.783534638421277e-06
               0.00057274632473,                0.0597511071464,               0.10173395779473,        0.00071372731529,            0.011475371333040281,   8.66857004387744,          87.30218876120341,      0.25871354017405007,              243.65629875126527,                  56.75213411278441,4673306.6798322955, 91.00842847756189, 4673397.688260773, 5.833970208116548e-06
               0.00013263115667,               0.05860672207444,               0.10568957849105,         0.1316729814445,            0.014524346021234912,   9.88599425977949,          87.47774431138832,       0.2671949829464916,              241.65537323010713,                  55.15781397216456,  4673306.74808636, 72.59250100018716, 4673379.340587361, 6.091108182444816e-06
                0.0024881566874,               0.05942721733411,               0.09973660813955,        0.07027012701696,            0.010838727965838187,   9.53604137978232,          88.59244975794732,       0.2636279344144966,              252.72038091169813,                  57.07616523943352, 4673306.800678262,  96.0549738151191, 4673402.855652077,  6.43678349646734e-06
                0.0024881566874,               0.05942721733411,               0.09973660813955,        0.07027012701696,            0.010838727965838187,   9.53604137978232,          88.59244975794732,       0.2636279344144966,              252.72038091169813,                  57.07616523943352, 4673306.800678262,  96.0549738151191, 4673402.855652077, 6.606005835647982e-06
                0.0024881566874,               0.05942721733411,               0.09973660813955,        0.07027012701696,            0.010838727965838187,   9.53604137978232,          88.59244975794732,       0.2636279344144966,              252.72038091169813,                  57.07616523943352, 4673306.800678262,  96.0549738151191, 4673402.855652077, 6.606005835647982e-06
                0.0024881566874,               0.05942721733411,               0.09973660813955,        0.07027012701696,            0.010838727965838187,   9.53604137978232,          88.59244975794732,       0.2636279344144966,              252.72038091169813,                  57.07616523943352, 4673306.800678262,  96.0549738151191, 4673402.855652077, 6.606005835647982e-06
               0.00064941530759,               0.06005626957135,                 0.100706487768,        0.18860676801807,            0.010579681257717199,   8.40073798061493,          88.63005323848785,      0.26135616323453975,              244.16660413251213,                  57.73007017281981,4673306.8104669815,  98.3470023864665, 4673405.157469368, 6.506387382952498e-06
               0.00139092634166,               0.05903924037123,               0.10416867478014,        0.53550355274971,            0.014457406580786234,   9.01258954403907,          88.25366818591793,      0.26785364452042565,              244.27668656382951,                  59.40433121098315, 4673306.820733149, 72.90208080893252, 4673379.722813957, 6.539269532258192e-06
               0.00147784335208,               0.06003854125819,               0.10100184340394,        0.08979138496652,            0.011289028294950777,   7.46054230318477,          88.63561518984042,      0.26342742914128586,              242.45135864280857,                  56.43893579174908, 4673306.843621592, 92.37769518023879,4673399.2213167725,  6.61584507147203e-06
               0.00147784335208,               0.06003854125819,               0.10100184340394,        0.08979138496652,            0.011289028294950777,   7.46054230318477,          88.63561518984042,      0.26342742914128586,              242.45135864280857,                  56.43893579174908, 4673306.843621592, 92.37769518023879,4673399.2213167725,  6.69155496447747e-06
               0.00020543284937,               0.05932166652617,                0.0988706344821,        0.07187810636583,            0.011904011652430452,   8.53494526717023,           87.9208270204206,      0.26474819376464426,               241.5596483762559,                   54.7083823964803, 4673306.867863069,  87.7824681366238, 4673394.650331206, 6.706253086690917e-06
               0.00020543284937,               0.05932166652617,                0.0988706344821,        0.07187810636583,            0.011904011652430452,   8.53494526717023,           87.9208270204206,      0.26474819376464426,               241.5596483762559,                   54.7083823964803, 4673306.867863069,  87.7824681366238, 4673394.650331206, 6.787533847244367e-06
               0.00020543284937,               0.05932166652617,                0.0988706344821,        0.07187810636583,            0.011904011652430452,   8.53494526717023,           87.9208270204206,      0.26474819376464426,               241.5596483762559,                   54.7083823964803, 4673306.867863069,  87.7824681366238, 4673394.650331206, 6.787533847244367e-06
               0.00019549607171,               0.05934478743609,               0.10427611404226,        0.15642162136249,            0.013580014126604518,   8.98902148525602,           87.7294703067061,       0.2607725305343392,              236.78626307414507,                  56.13287222758071, 4673306.878614301, 77.47238563675576, 4673384.350999937, 6.722363865131891e-06
               0.00192393703764,               0.05940005290188,               0.09746516739141,        0.02867866648553,             0.00953290064026904,   9.09457812848819,          88.31301524925793,       0.2683601910520477,               251.0006337934099,                  57.92336000133954, 4673306.884728626,108.62620112802922, 4673415.510929754, 6.745498004747771e-06
               0.00124081859028,                 0.059044382412,               0.09857783881752,        0.23356194432304,            0.012109025192182163,   9.22447437209119,          87.71523157043138,       0.2692303168347968,              242.16050896849717,                  57.54680752805145,  4673306.88880834, 86.29732272215425, 4673393.186131062, 6.746219042778528e-06
               0.00082466923861,               0.05915568929064,               0.09830334594366,        0.32775350814112,            0.011436921994522953,   9.11052458879885,          87.54271466260697,      0.26519856903686134,              243.90040849623196,                   58.8176849379846, 4673306.892925601, 91.20687207136235, 4673398.099797673,6.7402242154072515e-06
               0.00082466923861,               0.05915568929064,               0.09830334594366,        0.32775350814112,            0.011436921994522953,   9.11052458879885,          87.54271466260697,      0.26519856903686134,              243.90040849623196,                   58.8176849379846, 4673306.892925601, 91.20687207136235, 4673398.099797673, 6.754099830522735e-06
               0.00082466923861,               0.05915568929064,               0.09830334594366,        0.32775350814112,            0.011436921994522953,   9.11052458879885,          87.54271466260697,      0.26519856903686134,              243.90040849623196,                   58.8176849379846, 4673306.892925601, 91.20687207136235, 4673398.099797673, 6.754099830522735e-06
               0.00082466923861,               0.05915568929064,               0.09830334594366,        0.32775350814112,            0.011436921994522953,   9.11052458879885,          87.54271466260697,      0.26519856903686134,              243.90040849623196,                   58.8176849379846, 4673306.892925601, 91.20687207136235, 4673398.099797673, 6.754099830522735e-06
               0.00010863114087,                0.0595937403986,               0.10043281655803,        0.42568502304997,            0.013220624576093834,   7.70061736860308,          88.67255490749677,      0.26710162839517687,              239.40603000449556,                  55.74740072022874, 4673306.983452432,  79.3832849485861, 4673386.366737381, 6.933300602028332e-06
               0.00010863114087,                0.0595937403986,               0.10043281655803,        0.42568502304997,            0.013220624576093834,   7.70061736860308,          88.67255490749677,      0.26710162839517687,              239.40603000449556,                  55.74740072022874, 4673306.983452432,  79.3832849485861, 4673386.366737381, 7.246911324157519e-06
                0.0011901437335,               0.05953391000371,               0.10094377820236,        0.08317888010162,            0.012458929530620465,   9.24346451319309,          87.89149596915453,      0.26425561767792705,              246.31511814711857,                  56.11283007630876, 4673307.080214796, 84.04793221068388, 4673391.128147006, 7.539277575223592e-06
               0.00096841616046,               0.05901055316858,               0.10081723136932,        0.55144404742926,            0.012772282240145478,   9.21884820273102,          88.66316932522935,       0.2702159555372417,              244.81941213640476,                  59.30637911451264, 4673307.118814536, 81.99528663522604,4673389.1141011715, 8.019180172714861e-06
               0.00186442914244,               0.05889058172024,               0.10174366082319,        0.01240299196755,            0.011626263395203066,    9.9168204361441,          87.78325906869789,       0.2653538673465176,              250.21085163103203,                  56.77461966573749, 4673307.119959609, 89.78071022225507, 4673396.900669831, 8.137923031625508e-06
               0.00186442914244,               0.05889058172024,               0.10174366082319,        0.01240299196755,            0.011626263395203066,    9.9168204361441,          87.78325906869789,       0.2653538673465176,              250.21085163103203,                  56.77461966573749, 4673307.119959609, 89.78071022225507, 4673396.900669831, 8.142582286048372e-06
               0.00186442914244,               0.05889058172024,               0.10174366082319,        0.01240299196755,            0.011626263395203066,    9.9168204361441,          87.78325906869789,       0.2653538673465176,              250.21085163103203,                  56.77461966573749, 4673307.119959609, 89.78071022225507, 4673396.900669831, 8.142582286048372e-06
               0.00186442914244,               0.05889058172024,               0.10174366082319,        0.01240299196755,            0.011626263395203066,    9.9168204361441,          87.78325906869789,       0.2653538673465176,              250.21085163103203,                  56.77461966573749, 4673307.119959609, 89.78071022225507, 4673396.900669831, 8.142582286048372e-06
               0.00186442914244,               0.05889058172024,               0.10174366082319,        0.01240299196755,            0.011626263395203066,    9.9168204361441,          87.78325906869789,       0.2653538673465176,              250.21085163103203,                  56.77461966573749, 4673307.119959609, 89.78071022225507, 4673396.900669831, 8.142582286048372e-06
               0.00186442914244,               0.05889058172024,               0.10174366082319,        0.01240299196755,            0.011626263395203066,    9.9168204361441,          87.78325906869789,       0.2653538673465176,              250.21085163103203,                  56.77461966573749, 4673307.119959609, 89.78071022225507, 4673396.900669831, 8.142582286048372e-06
               0.00186442914244,               0.05889058172024,               0.10174366082319,        0.01240299196755,            0.011626263395203066,    9.9168204361441,          87.78325906869789,       0.2653538673465176,              250.21085163103203,                  56.77461966573749, 4673307.119959609, 89.78071022225507, 4673396.900669831, 8.142582286048372e-06
               0.00228225658932,               0.05925600550804,               0.10369001723023,        0.25760299083027,            0.013157111292982578,   9.19145603701884,          88.24757496849229,       0.2661922490428598,               247.9529589927962,                   57.6077615197034, 4673307.138654329, 79.76120882920901, 4673386.899863158, 7.933161728586911e-06
                0.0011142033261,               0.06020571613816,                0.1021134957552,        0.02313695084523,            0.011670162451678161,   6.81365914180746,          88.89845089068695,      0.26027537774914344,              245.41791158674857,                  54.57288867532042, 4673307.158930532, 89.53069461006305, 4673396.689625142,  8.04907585939091e-06
                4.027739223e-05,               0.05947714547694,               0.09853703869488,        0.42426394890434,             0.01184739582751951,   8.77539224353634,          87.51051179390011,       0.2645553537977649,               237.9442093458152,                  56.92175081104134, 4673307.185035785, 88.18666227967532, 4673395.371698065, 8.197213378360155e-06
               0.00101627830626,                0.0598064473407,               0.10116076395456,        0.10554403938091,            0.012528775760453173,   8.24435272089288,          87.69965985800658,      0.25944763251128244,               243.8532524336378,                  59.22752283882068, 4673307.186772959,  83.6706004773579, 4673390.857373437, 8.270071296703808e-06
               0.00060470633618,                0.0594687494378,               0.10025001442963,        0.11169248579487,            0.010601635036245763,    9.5925134671959,          88.79356197445455,      0.25353196740433825,              243.23788373739953,                  57.69599879935781, 4673307.250614151, 98.26934890733486, 4673405.519963059, 8.507548011748783e-06
               0.00060470633618,                0.0594687494378,               0.10025001442963,        0.11169248579487,            0.010601635036245763,    9.5925134671959,          88.79356197445455,      0.25353196740433825,              243.23788373739953,                  57.69599879935781, 4673307.250614151, 98.26934890733486, 4673405.519963059, 8.779021817720863e-06
                0.0008404756733,               0.05949790898823,                0.1002797877854,        0.65152852612727,            0.012584582543994798,    8.4832488123435,           88.8431175442051,        0.270276967446352,               244.9174074007098,                   59.3358887260767, 4673307.302839644, 83.16221837105158, 4673390.465058016, 8.924662871603427e-06
               0.00225657125543,                0.0591311869178,               0.09857741345368,        0.09179169951348,            0.010471451657912986,   9.73772993164396,          87.52281479067108,      0.26540092693934675,              248.66028154299977,                   57.0841005711298, 4673307.333858455, 99.26562742368566, 4673406.599485878, 9.255634778635709e-06
               0.00092038725213,               0.05930018998741,               0.10180811169809,        0.18215733988362,            0.013190292009848685,    9.6497259835917,           87.9678306672815,      0.26735118306506567,              246.87595575555827,                   57.1424828115662, 4673307.410255055, 79.55373159558663,  4673386.96398665, 9.723657236284607e-06
               0.00031482463873,               0.05924956248818,               0.09655819992994,        0.43398039055756,            0.010285150414366728,   9.27999753313992,          88.52751868629373,      0.26244342533708087,              237.42454683798343,                  59.47799473483705,  4673307.42571545,101.03789734160361, 4673408.463612792, 1.012293116003187e-05
               0.00043689380366,               0.05960670218848,               0.09872945919965,        0.41583552478448,            0.010654536437690449,   8.92802606372604,          88.99326258767248,       0.2666216285609998,              242.59799056079004,                   56.5828147661739, 4673307.450061707, 97.60736817563928, 4673405.057429883,1.0275508618473152e-05
               0.00043689380366,               0.05960670218848,               0.09872945919965,        0.41583552478448,            0.010654536437690449,   8.92802606372604,          88.99326258767248,       0.2666216285609998,              242.59799056079004,                   56.5828147661739, 4673307.450061707, 97.60736817563928, 4673405.057429883, 1.040058752787678e-05
               0.00043689380366,               0.05960670218848,               0.09872945919965,        0.41583552478448,            0.010654536437690449,   8.92802606372604,          88.99326258767248,       0.2666216285609998,              242.59799056079004,                   56.5828147661739, 4673307.450061707, 97.60736817563928, 4673405.057429883, 1.040058752787678e-05
               0.00113970083601,               0.05888578275324,               0.10381732855692,        0.20648184571895,            0.012738382324274496,   9.84686146276874,          87.13851694592285,      0.26557771416824183,               246.3801203241154,                  56.92670303150414,  4673307.45929709, 82.26827981390022, 4673389.727576904,1.0292883899814572e-05
               0.00146197079261,                0.0592938071328,               0.10345210250655,        0.50072935177177,              0.0144526883223332,   8.63484368041772,          88.54848057126613,       0.2657714225066473,              244.90544044624596,                  59.40301739054427, 4673307.461779339, 72.95391146915023, 4673380.415690809,1.0301753835129297e-05
               0.00228587834276,                0.0597033929959,                0.1022801732555,        0.05625164152234,            0.011417069005665923,   8.75820954017586,          88.36047738530237,       0.2631290308857093,               252.9581414541978,                  58.27385682879071, 4673307.477706037, 91.38857098890237, 4673398.866277026,1.0345607415848913e-05
               0.00030247476132,               0.05921868605929,               0.10009632814063,        0.18325434476872,            0.012664966285278028,   9.32342155436169,          86.95993230128647,       0.2705883425418494,              241.23392061671015,                   56.3431137685547, 4673307.517001221, 82.65361849800226, 4673390.170619719, 1.058403484942131e-05
               0.00322963312043,               0.05942602863969,               0.10487427894951,        0.10405539134877,            0.013473980866850902,   8.78795070539741,          88.76216485315535,       0.2647652805643864,               251.7605676082761,                  59.53995834688441, 4673307.557964399, 77.99404618764794, 4673385.552010587,1.0962771142297451e-05
               0.00074142373995,               0.05928767232025,                0.0995167752812,        0.02741920217539,            0.011781999628256897,   9.87527176999904,          86.81431243206137,      0.26621907361610664,              244.01808664168843,                   56.6213955798405, 4673307.574856044, 88.63154094467326, 4673396.206396989,1.1226430827063007e-05
               0.00074142373995,               0.05928767232025,                0.0995167752812,        0.02741920217539,            0.011781999628256897,   9.87527176999904,          86.81431243206137,      0.26621907361610664,              244.01808664168843,                   56.6213955798405, 4673307.574856044, 88.63154094467326, 4673396.206396989, 1.132124501177051e-05
               0.00079389304409,               0.05927768109118,               0.10118541353351,        0.05834629603453,            0.012575989638751816,   8.34983248495226,           88.3760255236074,      0.26510365809106046,              241.35772689413352,                  54.79231407198779, 4673307.628509676, 83.28871435069854, 4673390.917224027,1.1517499543251531e-05
               0.00136000504559,                 0.059877737614,                0.0996108038395,        0.03027653879486,             0.01113686625086421,   8.08054402747538,          88.10362980708938,      0.26279572103405974,                245.942261148203,                   55.3130266857594, 4673307.632694721,  93.5971028109876, 4673401.229797532,1.1792240958652665e-05
               0.00162233244678,               0.05951766849698,               0.10306271776011,        0.06117341208642,             0.01300959542648972,   8.61908943418936,          88.03419883104016,       0.2603759517525498,              243.90336129656723,                  56.79495015208371, 4673307.763123093, 80.70694158849857, 4673388.470064682,1.2577175284159076e-05
               0.00031371005698,               0.05968832536517,               0.10254804840521,        0.04595421342252,            0.010795333009628557,   8.76597638114285,           87.7233271743932,       0.2565308209988841,              243.13145605672264,                  58.87324776134864, 4673307.771305879, 96.53078888501422, 4673404.302094764,1.3384337140615754e-05
               0.00031217283954,               0.05986418153246,               0.10227056234274,        0.58124881618633,             0.01198486949546419,   7.19940167972939,          88.37855752280251,      0.26283677445608356,               238.8808176755435,                  57.55112994681704, 4673307.773736918, 87.24318157471943, 4673395.016918493,1.3388510233325635e-05
               0.00145402376247,               0.05987412707953,               0.10046684411648,        0.27352615866795,            0.011377716649905134,   7.41420696730287,          88.26429074750207,       0.2674097428986745,              246.69580442142407,                  56.52366848940964,  4673307.78258675, 91.63067672831016, 4673399.413263478,1.3397375624213661e-05
               0.00109584260692,               0.05960737209148,               0.09940413616977,        0.11324867024924,             0.01073074875145356,   8.63766599764585,          87.70375723146353,      0.26613786543780493,               246.0200884853915,                  55.65820872667047, 4673307.787842651,  96.9475930507212, 4673404.735435702,1.3424989071349425e-05
               0.00109584260692,               0.05960737209148,               0.09940413616977,        0.11324867024924,             0.01073074875145356,   8.63766599764585,          87.70375723146353,      0.26613786543780493,               246.0200884853915,                  55.65820872667047, 4673307.787842651,  96.9475930507212, 4673404.735435702,1.3460269201006015e-05
               0.00109584260692,               0.05960737209148,               0.09940413616977,        0.11324867024924,             0.01073074875145356,   8.63766599764585,          87.70375723146353,      0.26613786543780493,               246.0200884853915,                  55.65820872667047, 4673307.787842651,  96.9475930507212, 4673404.735435702,1.3460269201006015e-05
               0.00145384339626,               0.05938675442766,               0.10328778998096,        0.17109668983868,            0.011865626598733412,   9.69100133628548,          87.37603037814038,      0.26710362811529426,              247.41369179714764,                   59.7396321356501,4673307.8698035665, 88.02091476431504, 4673395.890718331,1.3825633501227849e-05
               0.00015061318562,               0.05913144300395,               0.10245776605194,        0.40321036255909,            0.013602511068414912,   9.38798996792408,          87.59096976016195,      0.26886971716326535,              244.98815743798673,                    58.401140030137, 4673307.895545144, 77.23511144067506, 4673385.130656584,1.4507002100591655e-05
               0.00151075201939,               0.05947786294051,               0.10040748873344,        0.19039586471533,            0.012250755279481046,   9.42014300510066,          88.75475316086822,       0.2616504444249551,              249.51818761110292,                  59.76260928333749, 4673307.912023773, 85.44951326448466, 4673393.361537038,1.4742067108807571e-05
               0.00151075201939,               0.05947786294051,               0.10040748873344,        0.19039586471533,            0.012250755279481046,   9.42014300510066,          88.75475316086822,       0.2616504444249551,              249.51818761110292,                  59.76260928333749, 4673307.912023773, 85.44951326448466, 4673393.361537038,1.4863528890202897e-05
               0.00151075201939,               0.05947786294051,               0.10040748873344,        0.19039586471533,            0.012250755279481046,   9.42014300510066,          88.75475316086822,       0.2616504444249551,              249.51818761110292,                  59.76260928333749, 4673307.912023773, 85.44951326448466, 4673393.361537038,1.4863528890202897e-05
               0.00151075201939,               0.05947786294051,               0.10040748873344,        0.19039586471533,            0.012250755279481046,   9.42014300510066,          88.75475316086822,       0.2616504444249551,              249.51818761110292,                  59.76260928333749, 4673307.912023773, 85.44951326448466, 4673393.361537038,1.4863528890202897e-05
               0.00096122242228,               0.05944807894273,               0.10164618957515,        0.46109285131877,             0.01234504195030414,   9.04834401278506,          88.86391024631995,       0.2665299820093649,              244.43303283823963,                  56.92046834252425,  4673307.98018145,  84.7561030934688, 4673392.736284544, 1.508149834528689e-05
               0.00085134222639,               0.05950006971275,               0.10267823092267,        0.07615334102843,            0.012060922134955228,   8.75022095771593,          88.10931798345281,      0.25871443433379754,              241.98063803376365,                  54.90296507624073, 4673307.987850445, 86.77766555241213, 4673394.765515998, 1.557740226932075e-05
                0.0004819038743,               0.05949114947933,               0.09894681052958,        0.23512989676094,            0.010987611868479347,   8.76278900831263,          87.89740059272809,       0.2650200723608613,               237.7462602889812,                  55.82205496523078, 4673308.015437675,  94.7848866904879,4673402.8003243655, 1.577694409713429e-05
               0.00083184084044,               0.05998980093834,               0.10478997927571,        0.09984904810078,             0.01493192057913907,   7.34629842523643,          88.05305761031664,       0.2670357531638088,              245.21226026469077,                  59.14982041060659,   4673308.0166393, 70.71543830294705, 4673378.732077602,1.5924544158056904e-05
               0.00102601514031,               0.05919909792916,               0.10095111183291,        0.16343940189574,            0.011012775649380033,   9.53598336958919,           88.3330926188659,       0.2657679961701541,              249.29627125490265,                   59.8247091701417, 4673308.035294949, 94.56630980177606, 4673402.601604751,1.6004116903521976e-05
               0.00035214895258,               0.05943447784702,               0.09961610719795,        0.22075940862335,            0.010387526851349048,   9.86444548091677,          87.99078742902506,      0.26245096985009353,               246.2604370536598,                  58.76136028049314, 4673308.045519959,100.07954139140378, 4673408.125061351,1.6155626015222964e-05
               0.00062119409363,               0.05940003191675,               0.10100541600194,        0.17027039640134,            0.013525922996463068,   8.91413933034728,          87.22736747029779,      0.26766992832609887,               241.4200848023393,                  58.11327884833843, 4673308.050147768, 77.66805252960116, 4673385.718200298,1.6194907238952598e-05
               0.00146368242267,               0.05945905590343,               0.09942009560803,        0.23540630682474,            0.011055820387985167,   9.19992754218728,          87.78677954090341,       0.2627572157200776,               246.7065905364436,                  56.74980614242723, 4673308.056995301, 94.25588923015171, 4673402.312884531,1.6207111674321062e-05
               0.00080453750784,               0.06037652094655,               0.10275063294981,        0.05978972747744,            0.010765145513415099,   6.80927712600108,          88.92295812736614,       0.2568684571258275,              241.58283062575364,                  57.71883967951298,4673308.1334468275, 96.78542433325299, 4673404.918871161, 1.682450900174282e-05
               0.00079841698719,               0.05994346917083,               0.09734947104219,         0.3613805770729,            0.009948990437383587,   8.32045116457353,          88.55532008773616,       0.2645953257083133,              243.10182430671537,                  57.89100057576923,  4673308.15084638,104.29206720005415,  4673412.44291358, 1.753295243129878e-05
               0.00068041503023,               0.06040058822964,               0.10183483434861,        0.38658488407741,            0.011973012660621656,   5.70525507868899,          88.60085395293315,       0.2627447675383619,              239.13930952412312,                  57.94450097016043, 4673308.159517237,  87.3271427785183, 4673395.486660016, 1.767411828268202e-05
               0.00068243978279,               0.05934759349989,               0.10062147482491,        0.23097307064561,            0.014412507270073871,   8.55308829389124,          88.20873632136241,        0.265860349575101,              241.87305338974684,                  59.62652512982606, 4673308.207454791, 73.14555331490902, 4673381.353008106,1.8096088588984206e-05
               0.00037754894446,               0.05908186450404,               0.10146451500366,        0.24404118943575,            0.011262783865013693,   9.60217294027155,          87.19173071304974,       0.2616946435618735,               243.5308246768979,                  58.20179890734109, 4673308.225151678,  92.6092427131444, 4673400.834394391,1.8602154683293114e-05
               0.00037754894446,               0.05908186450404,               0.10146451500366,        0.24404118943575,            0.011262783865013693,   9.60217294027155,          87.19173071304974,       0.2616946435618735,               243.5308246768979,                  58.20179890734109, 4673308.225151678,  92.6092427131444, 4673400.834394391,1.8766750500075677e-05
               0.00037754894446,               0.05908186450404,               0.10146451500366,        0.24404118943575,            0.011262783865013693,   9.60217294027155,          87.19173071304974,       0.2616946435618735,               243.5308246768979,                  58.20179890734109, 4673308.225151678,  92.6092427131444, 4673400.834394391,1.8766750500075677e-05
               0.00074020112884,               0.05955313235716,               0.09782187518004,        0.04723598489053,            0.010925283497597738,   9.13686231424082,          87.76326188377423,       0.2684470217286471,               242.6908301662261,                  56.35380426595729,4673308.2532621315, 95.25593540382003, 4673403.509197535,1.8750170289313356e-05
               0.00074020112884,               0.05955313235716,               0.09782187518004,        0.04723598489053,            0.010925283497597738,   9.13686231424082,          87.76326188377423,       0.2684470217286471,               242.6908301662261,                  56.35380426595729,4673308.2532621315, 95.25593540382003, 4673403.509197535,1.9013690835803032e-05
               0.00014554159407,               0.05960634859331,                0.1048929217815,        0.15809648033168,            0.014942859467408982,   7.51673840861204,          88.16754622322578,       0.2648806919498567,              241.13350489444923,                  55.41227710300639, 4673308.263421221, 70.69688031877816,  4673378.96030154,1.9110763985191067e-05
               0.00104699799107,               0.05942708344099,               0.10028345224231,         0.3487676276324,            0.011112983873939553,   8.55753903314055,           88.9257108804712,       0.2682762702319161,               243.6808399768751,                  57.30696851754633, 4673308.282321654, 93.71233393304084, 4673401.994655588,1.9391081584967377e-05
               0.00093822472747,               0.05974181052093,               0.10011149455695,        0.42669568294193,            0.011582530886829413,   7.32973335091324,          88.94605213937817,      0.26793304601367324,              243.00553750675803,                  58.76256632490433, 4673308.286642976,  90.0691920360214, 4673398.355835012,1.9616711050400054e-05
                1.947398865e-05,               0.05891784485075,               0.10223518129284,        0.68743897663478,            0.011532632909303599,   9.80145927527072,          87.80945906470123,       0.2701874488564751,               240.4738959426172,                  59.27433725134742, 4673308.291215667,  90.4116024468956, 4673398.702818113,1.9704146456176837e-05
                1.947398865e-05,               0.05891784485075,               0.10223518129284,        0.68743897663478,            0.011532632909303599,   9.80145927527072,          87.80945906470123,       0.2701874488564751,               240.4738959426172,                  59.27433725134742, 4673308.291215667,  90.4116024468956, 4673398.702818113,1.9749196857566178e-05
                1.947398865e-05,               0.05891784485075,               0.10223518129284,        0.68743897663478,            0.011532632909303599,   9.80145927527072,          87.80945906470123,       0.2701874488564751,               240.4738959426172,                  59.27433725134742, 4673308.291215667,  90.4116024468956, 4673398.702818113,1.9749196857566178e-05
                1.947398865e-05,               0.05891784485075,               0.10223518129284,        0.68743897663478,            0.011532632909303599,   9.80145927527072,          87.80945906470123,       0.2701874488564751,               240.4738959426172,                  59.27433725134742, 4673308.291215667,  90.4116024468956, 4673398.702818113,1.9749196857566178e-05
                1.947398865e-05,               0.05891784485075,               0.10223518129284,        0.68743897663478,            0.011532632909303599,   9.80145927527072,          87.80945906470123,       0.2701874488564751,               240.4738959426172,                  59.27433725134742, 4673308.291215667,  90.4116024468956, 4673398.702818113,1.9749196857566178e-05
                1.947398865e-05,               0.05891784485075,               0.10223518129284,        0.68743897663478,            0.011532632909303599,   9.80145927527072,          87.80945906470123,       0.2701874488564751,               240.4738959426172,                  59.27433725134742, 4673308.291215667,  90.4116024468956, 4673398.702818113,1.9749196857566178e-05
                1.947398865e-05,               0.05891784485075,               0.10223518129284,        0.68743897663478,            0.011532632909303599,   9.80145927527072,          87.80945906470123,       0.2701874488564751,               240.4738959426172,                  59.27433725134742, 4673308.291215667,  90.4116024468956, 4673398.702818113,1.9749196857566178e-05
               0.00014525538793,                0.0591391021302,               0.10157356129334,          0.322559587611,            0.011774436787722017,   8.86303247879922,          87.53237516497455,       0.2624154353264049,              239.47359764214917,                  58.43721578483364,  4673308.29693244, 88.74050375990177,   4673397.0374362,1.9805809369526418e-05
               0.00014525538793,                0.0591391021302,               0.10157356129334,          0.322559587611,            0.011774436787722017,   8.86303247879922,          87.53237516497455,       0.2624154353264049,              239.47359764214917,                  58.43721578483364,  4673308.29693244, 88.74050375990177,   4673397.0374362,1.9862421878936815e-05
                0.0023383040282,               0.05946688980615,               0.09902673680745,        0.01813061709041,             0.01096746058505701,   8.67299491715569,          88.37977924298383,       0.2685260788764274,              249.62338572291944,                  56.77047318565529, 4673308.310244967, 94.90284263404172, 4673403.213087602,1.9995515334913324e-05
               0.00061210879473,               0.05917530436731,               0.09875286955911,        0.35230556495811,            0.012100254252737115,   8.89126254761435,          88.34642363314754,        0.267151805322635,              240.59537824375292,                  57.09434003347413,  4673308.34373034, 86.38608168190623, 4673394.729812021,2.0471321683070848e-05
               0.00061210879473,               0.05917530436731,               0.09875286955911,        0.35230556495811,            0.012100254252737115,   8.89126254761435,          88.34642363314754,        0.267151805322635,              240.59537824375292,                  57.09434003347413,  4673308.34373034, 86.38608168190623, 4673394.729812021, 2.081403457365615e-05
               0.00118007620294,               0.05950503879324,               0.09969346321941,        0.02604601728059,            0.010711635882688699,   8.68740234788277,          87.44156207888278,       0.2633901747888399,              243.63649050226317,                  55.71969017380629, 4673308.376805484, 97.15307085504325, 4673405.529876339,2.1164003917054035e-05
               0.00068406559971,               0.05875018358855,               0.10025142196207,        0.40724008437609,             0.01396594516198776,   9.67760341056017,          88.63913586115632,       0.2711460326934535,               242.0809400686829,                  59.64069184142905, 4673308.392724019, 75.29079381130465,4673383.6835178295,2.1686578875615647e-05
               0.00068406559971,               0.05875018358855,               0.10025142196207,        0.40724008437609,             0.01396594516198776,   9.67760341056017,          88.63913586115632,       0.2711460326934535,               242.0809400686829,                  59.64069184142905, 4673308.392724019, 75.29079381130465,4673383.6835178295,  2.18591845127487e-05
               0.00040091843663,               0.05934996345844,                0.1018137424846,        0.15627204754025,             0.01088917056194611,   9.38537995332673,           87.5522986206983,       0.2632308582482001,               245.1408671263569,                  57.19022256554525, 4673308.398434399, 95.63330582768828, 4673404.031740227, 2.192177518525718e-05
               0.00040091843663,               0.05934996345844,                0.1018137424846,        0.15627204754025,             0.01088917056194611,   9.38537995332673,           87.5522986206983,       0.2632308582482001,               245.1408671263569,                  57.19022256554525, 4673308.398434399, 95.63330582768828, 4673404.031740227,2.1984365842452762e-05
               0.00095074582054,                0.0593929786527,               0.09961363912576,        0.00899472618163,             0.01079467743741679,   9.00174515343061,          87.18855329280913,       0.2631910397377642,              246.37582309584187,                  56.44798431769703, 4673308.406974324, 96.43776893441039, 4673404.844743258, 2.207864023874427e-05
               0.00199203254024,               0.05903297685084,               0.10070230418143,        0.10718304336217,            0.011775359928109935,   9.50584587929608,          87.69982231349805,       0.2659363226813761,              250.17823533416177,                  57.55095487003779, 4673308.413646026, 88.68339283304209, 4673397.097038859, 2.224712746323283e-05
               0.00158352948152,               0.06003783470029,               0.09957109906466,        0.19684398037802,             0.01078619469265631,   7.50073692161459,          88.51369833607313,      0.26320594942083303,              243.76187478702732,                   57.2542548997455, 4673308.420616749,   96.510408556124, 4673404.931025305,2.2399410001468103e-05
               0.00158352948152,               0.06003783470029,               0.09957109906466,        0.19684398037802,             0.01078619469265631,   7.50073692161459,          88.51369833607313,      0.26320594942083303,              243.76187478702732,                   57.2542548997455, 4673308.420616749,   96.510408556124, 4673404.931025305,2.2477479733773236e-05
               0.00067324692447,               0.06048370667968,               0.10152396994274,        0.36152568471733,            0.011578629088092002,    5.7732033443558,          88.88884500394066,      0.27010760014680685,               241.2126739224213,                  56.82543667642141, 4673308.447688033,  90.0682386744364, 4673398.515926708,2.2785882447326325e-05
               0.00099238230785,               0.05935418702184,                0.1011080065873,        0.11969926610307,            0.011619981200683081,   8.79804637274118,          88.40635781607493,        0.259544337683151,              245.49166163511052,                  57.45154362401375, 4673308.462770447, 89.91156526959313,4673398.3743357165,2.3269763947426505e-05
               0.00023353404467,               0.06015061199094,               0.10135683343794,        0.16125885782032,            0.010494181928729224,   7.94419144306477,          88.91218831398484,      0.25615252322409177,              239.94498724468403,                  58.11141045375673, 4673308.496148642, 99.19482018274623, 4673407.690968825, 2.384312605559414e-05
               0.00023353404467,               0.06015061199094,               0.10135683343794,        0.16125885782032,            0.010494181928729224,   7.94419144306477,          88.91218831398484,      0.25615252322409177,              239.94498724468403,                  58.11141045375673, 4673308.496148642, 99.19482018274623, 4673407.690968825, 2.424100936157936e-05
               0.00023353404467,               0.06015061199094,               0.10135683343794,        0.16125885782032,            0.010494181928729224,   7.94419144306477,          88.91218831398484,      0.25615252322409177,              239.94498724468403,                  58.11141045375673, 4673308.496148642, 99.19482018274623, 4673407.690968825, 2.424100936157936e-05
               0.00116021506862,               0.05956001487388,               0.09899466241493,         0.0201048552024,            0.011620906964203813,   9.18373003996826,          87.37612607427243,       0.2626121839461665,              244.37994704916727,                   58.3517365267308, 4673308.496657819, 89.85969971704822, 4673398.356357535, 2.424718241258592e-05
               0.00104753796694,                0.0592804891187,               0.10377405696226,        0.23591677756867,             0.01322080312703976,   8.63739116222121,          88.88353129332307,      0.26010779794893035,              240.42819162428947,                  59.71336257608229, 4673308.523672268, 79.48292996718288, 4673388.006602235,  2.45854159852355e-05
               0.00104753796694,                0.0592804891187,               0.10377405696226,        0.23591677756867,             0.01322080312703976,   8.63739116222121,          88.88353129332307,      0.26010779794893035,              240.42819162428947,                  59.71336257608229, 4673308.523672268, 79.48292996718288, 4673388.006602235,2.4917476538837947e-05
               0.00095826292739,               0.05942204477696,               0.10258226462503,        0.00056604990446,            0.011319612481578005,   8.57575485003248,          88.42539028315146,      0.26148843784687303,               246.2582431643882,                  57.37349094962044,4673308.5546365455, 92.16650770858658, 4673400.721144254,2.5309287131387674e-05
               0.00072684960418,               0.05966671643188,               0.09694087147531,        0.04162206752622,            0.008716258470135978,   9.51323675190141,          88.27103604382918,      0.26453499997180846,                 246.51625609767,                  57.91181034371989, 4673308.555224294,118.50834411780342, 4673427.063568411,2.5708652824482252e-05
               0.00072684960418,               0.05966671643188,               0.09694087147531,        0.04162206752622,            0.008716258470135978,   9.51323675190141,          88.27103604382918,      0.26453499997180846,                 246.51625609767,                  57.91181034371989, 4673308.555224294,118.50834411780342, 4673427.063568411,2.5716207942327015e-05
               0.00072684960418,               0.05966671643188,               0.09694087147531,        0.04162206752622,            0.008716258470135978,   9.51323675190141,          88.27103604382918,      0.26453499997180846,                 246.51625609767,                  57.91181034371989, 4673308.555224294,118.50834411780342, 4673427.063568411,2.5716207942327015e-05
               0.00089912560002,               0.05947504664074,               0.10174818819027,        0.19306461134854,            0.010335186111666762,   9.54116375407551,          88.43035918085286,       0.2674980337078516,              244.32458718031245,                  58.59506235383032, 4673308.556230993,100.49519017303018, 4673409.051421166,2.5729158690043288e-05
               0.00162436142664,               0.05955540460504,               0.10080344176658,        0.01790121650928,            0.011675152960644041,   8.94230137568036,          88.79114625708586,       0.2658539201363943,                250.010286476027,                  56.77520572416405, 4673308.615793758, 89.41344693959851, 4673398.029240698,2.6532036674475112e-05
               0.00162436142664,               0.05955540460504,               0.10080344176658,        0.01790121650928,            0.011675152960644041,   8.94230137568036,          88.79114625708586,       0.2658539201363943,                250.010286476027,                  56.77520572416405, 4673308.615793758, 89.41344693959851, 4673398.029240698,2.7321963883549567e-05
               0.00162436142664,               0.05955540460504,               0.10080344176658,        0.01790121650928,            0.011675152960644041,   8.94230137568036,          88.79114625708586,       0.2658539201363943,                250.010286476027,                  56.77520572416405, 4673308.615793758, 89.41344693959851, 4673398.029240698,2.7321963883549567e-05
               0.00162436142664,               0.05955540460504,               0.10080344176658,        0.01790121650928,            0.011675152960644041,   8.94230137568036,          88.79114625708586,       0.2658539201363943,                250.010286476027,                  56.77520572416405, 4673308.615793758, 89.41344693959851, 4673398.029240698,2.7321963883549567e-05
               0.00162436142664,               0.05955540460504,               0.10080344176658,        0.01790121650928,            0.011675152960644041,   8.94230137568036,          88.79114625708586,       0.2658539201363943,                250.010286476027,                  56.77520572416405, 4673308.615793758, 89.41344693959851, 4673398.029240698,2.7321963883549567e-05
               0.00162436142664,               0.05955540460504,               0.10080344176658,        0.01790121650928,            0.011675152960644041,   8.94230137568036,          88.79114625708586,       0.2658539201363943,                250.010286476027,                  56.77520572416405, 4673308.615793758, 89.41344693959851, 4673398.029240698,2.7321963883549567e-05
               0.00162436142664,               0.05955540460504,               0.10080344176658,        0.01790121650928,            0.011675152960644041,   8.94230137568036,          88.79114625708586,       0.2658539201363943,                250.010286476027,                  56.77520572416405, 4673308.615793758, 89.41344693959851, 4673398.029240698,2.7321963883549567e-05
               0.00020965082636,               0.06015762457175,               0.10339114717314,        0.18509436573073,            0.014393434434221784,   6.49149442441173,          88.49935448149233,       0.2619036120441257,              242.67210559017713,                  56.79008730773693,  4673308.61597391, 73.29432011248011, 4673381.910294022,2.7324425165473335e-05
               0.00020965082636,               0.06015762457175,               0.10339114717314,        0.18509436573073,            0.014393434434221784,   6.49149442441173,          88.49935448149233,       0.2619036120441257,              242.67210559017713,                  56.79008730773693,  4673308.61597391, 73.29432011248011, 4673381.910294022, 2.732688644006882e-05
               0.00020965082636,               0.06015762457175,               0.10339114717314,        0.18509436573073,            0.014393434434221784,   6.49149442441173,          88.49935448149233,       0.2619036120441257,              242.67210559017713,                  56.79008730773693,  4673308.61597391, 73.29432011248011, 4673381.910294022, 2.732688644006882e-05
               0.00070562524354,               0.05974199108838,               0.10340690248769,        0.37501064341725,            0.012889271063573253,   8.25546675624506,          88.73178889082546,       0.2582446626614021,              244.48579511296956,                  59.48763482868324, 4673308.618360296, 81.45620329277168, 4673390.074563589,2.7359531611512654e-05
               0.00050322298353,               0.06020045681787,               0.10276997180583,        0.17442441768812,            0.010727791285950724,   7.55638748466696,          88.95010638838241,       0.2591910247569018,               242.2975675076454,                  57.81777265326073, 4673308.622753839, 97.07399119626128, 4673405.696745035,2.7452483530216525e-05
               0.00014263383922,               0.05919350906006,                0.0992506399395,        0.05303319971925,            0.012576357276151601,   8.79629792933914,          87.08866056554895,       0.2677857013253791,              240.00681890681065,                  55.36876718600965, 4673308.624666605, 83.24860982530538,  4673391.87327643,2.7539128235978475e-05
               0.00045783903806,               0.05969781555316,               0.10074627743162,         0.3944352723602,            0.010270884840689777,   9.09280840053134,           87.9865425804558,       0.2616774882721613,              241.29593850029315,                  58.71437902007452, 4673308.662558306,101.18409290650818, 4673409.846651212,2.8097738037746652e-05
               0.00137585925822,               0.05942746619348,               0.10407567825425,        0.08481470917423,            0.014074958750474995,   8.74187456839242,          88.53601118174693,       0.2665693900295464,              248.92389300449148,                  57.29211328483318,  4673308.66332263,  74.7995340435968, 4673383.462856674,2.8640955380481585e-05
                 3.22694458e-05,               0.05959155124743,               0.10013720170688,        0.37141712134903,            0.011387242860397597,    8.8632679775367,          87.57637799310336,       0.2663882963894816,               244.4777713622116,                  59.09435817615685, 4673308.673898552, 91.57148893613609, 4673400.245387488, 2.880421501056698e-05
               0.00053136959607,                0.0597127801544,               0.10034471187144,        0.16510582581666,            0.012641506492517158,   7.99916781074026,          88.55997765415452,        0.265049100184671,              245.83948504067575,                  57.63207286300177, 4673308.694859647, 82.87738186944217, 4673391.572241517, 2.926321239612608e-05
                0.0004332800503,               0.05918671191056,               0.09738541065964,        0.38520652653262,            0.010305011630254586,   9.56376560329937,          87.75402453244263,        0.267792525985448,               240.3790627739704,                  56.55406281440457, 4673308.700661732,100.77439635918164, 4673409.475058091,2.9655928540437112e-05
                6.462938603e-05,                0.0594187492669,               0.09942478396178,         0.3935897914052,              0.0109818033377239,   9.15689073024981,          88.07036391876558,       0.2650069938487699,               244.7754288079909,                  59.70318141122234, 4673308.736488271, 94.83321105047511, 4673403.569699321, 3.028439591488995e-05
               0.00179072596685,                0.0591046714601,               0.10231817753099,        0.00062597553769,            0.012178251434279669,   9.62463662330498,          87.07584116961368,       0.2631251099279471,              249.06433459397493,                  57.32031100628453, 4673308.743352754, 85.91406797216166,4673394.6574207265, 3.093299955963643e-05
               0.00077133765021,                0.0592215527961,               0.10132949138418,        0.70635448488685,            0.011636058000248887,   9.60881666476497,          87.80339697317937,      0.26841481417380575,              243.51194882469105,                  59.35216132896062,4673308.7794417385,  89.6653340429742, 4673398.444775782, 3.160948387227906e-05
               0.00077133765021,                0.0592215527961,               0.10132949138418,        0.70635448488685,            0.011636058000248887,   9.60881666476497,          87.80339697317937,      0.26841481417380575,              243.51194882469105,                  59.35216132896062,4673308.7794417385,  89.6653340429742, 4673398.444775782, 3.217979905093656e-05
               0.00220943254779,               0.05926029433182,               0.09842459372917,        0.10065377020559,            0.010638159057906094,   9.45154931231992,          88.54812468379266,      0.26753536383733656,              249.98975672086092,                  57.47925508266412, 4673308.835690973, 97.73905019236103, 4673406.574741166,3.3110781670724404e-05
               0.00052211302975,               0.05968598661853,               0.09996977432341,        0.11474436392297,            0.011915732702951501,   8.38779124715217,          87.22678908124249,      0.26627573431134344,              242.52804140207277,                  56.86266523112121, 4673308.844210808, 87.67816687658083, 4673396.522377685, 3.418739889009738e-05
               0.00168644662364,               0.05997906992109,               0.09758571515373,        0.07379784034168,            0.010663000056587647,     7.659663801379,          88.39755283013335,       0.2636331605260492,                 246.54483330799,                  57.31474304319282,  4673308.85664663, 97.57538668050964, 4673406.432033311, 3.454784617982875e-05
               0.00164005051375,               0.05910058272065,               0.10538965625477,        0.19311313985403,            0.014641992049915516,   9.21162416617493,          88.54200937098805,      0.26480892650258836,              248.07200919989555,                  58.55821604084839, 4673308.883654216, 72.07302560863347, 4673380.956679825, 3.523848308478363e-05
               0.00068243016367,               0.05898776781115,               0.10273321738655,         0.1743631459683,            0.013572027417627289,   9.35582635396268,           87.4841265956809,       0.2632908341603089,              243.03920693805372,                  55.80794847066016, 4673308.890765518, 77.47904064043674, 4673386.369806158, 3.584174754429151e-05
               0.00223648565446,               0.05907874313839,                0.1036507487639,        0.10376607406608,            0.012347427982135038,   9.90719527337166,          87.84472762254302,      0.26157196117433595,              250.51136647622016,                  58.32141095931627, 4673308.892169705, 84.81156636527889,  4673393.70373607,3.5994459240214536e-05
               0.00119507562421,               0.05960974235245,               0.09706325373509,        0.03933048806345,            0.008114938615070816,   9.47826335220311,          87.89406056178747,       0.2636483560866925,               247.0001231247212,                  58.32933773387177,   4673308.9164135,127.02245210050155,   4673435.9388656, 3.646169398392452e-05
               0.00081344654502,               0.05926035877428,               0.10087357727813,        0.43939765786868,             0.01266879018187576,    9.3672108717418,          88.11096105461755,         0.26792259653103,              242.49357930094567,                  56.74535965220784, 4673308.960900949,  82.6665567113546, 4673391.627457661, 3.774306514579655e-05
               0.00081344654502,               0.05926035877428,               0.10087357727813,        0.43939765786868,             0.01266879018187576,    9.3672108717418,          88.11096105461755,         0.26792259653103,              242.49357930094567,                  56.74535965220784, 4673308.960900949,  82.6665567113546, 4673391.627457661, 3.858247307066676e-05
               0.00178872320834,               0.05899339013569,               0.10381022366551,        0.07814993299626,            0.012238142014004286,   9.84388802800962,          87.64975472913899,       0.2629224829234756,              248.10704068149596,                  57.33589862677685, 4673308.985556474, 85.51515233199854, 4673394.500708806, 3.906402063097522e-05
               0.00151281569321,               0.05954711283251,               0.09977005194366,        0.10233449751958,            0.010809385241290985,   9.07482186128382,          88.94331115220253,       0.2636097933414987,              249.75782149260365,                    57.831518382295, 4673309.124867982, 96.30568490832496,4673405.4305528905,4.2501245853249256e-05
               0.00088297357539,               0.06025490581168,               0.10275776032722,        0.28973089164784,            0.012089703570057632,   6.91931668352206,          88.89058082429153,      0.26305980758085806,               242.1677219324386,                  57.13213041956594, 4673309.313315645, 86.51643090226001, 4673395.829746547, 5.017021299928938e-05
               0.00180529231527,               0.05886056495086,               0.10435723100124,        0.07089122736024,            0.013579196314012073,   9.97147533124743,          87.64992821701539,       0.2628758205752234,              248.99261360677525,                  57.81856518760026, 4673309.319868266, 77.44613827942017, 4673386.766006545, 5.506390834146713e-05
               0.00180529231527,               0.05886056495086,               0.10435723100124,        0.07089122736024,            0.013579196314012073,   9.97147533124743,          87.64992821701539,       0.2628758205752234,              248.99261360677525,                  57.81856518760026, 4673309.319868266, 77.44613827942017, 4673386.766006545, 5.524431417055458e-05
               0.00180529231527,               0.05886056495086,               0.10435723100124,        0.07089122736024,            0.013579196314012073,   9.97147533124743,          87.64992821701539,       0.2628758205752234,              248.99261360677525,                  57.81856518760026, 4673309.319868266, 77.44613827942017, 4673386.766006545, 5.524431417055458e-05
               0.00066110813874,                0.0593214528012,               0.10372151631573,        0.13726374982078,            0.013623317357156474,   8.54592109283571,          87.41556029956996,      0.26972276020303515,               244.2932852718749,                  56.19373791442174, 4673309.328003314,  77.1110711397386, 4673386.439074454,5.5469938230762586e-05
               0.00104330213391,               0.05939348255483,               0.09804638732176,        0.38518041166394,            0.011002640693619323,   8.82698248973858,          88.54122303867516,       0.2658267371133501,              242.11413111319789,                  57.59718580519014, 4673309.417570454,  94.6491210627677, 4673404.066691517, 5.830492060879314e-05
               0.00051854335959,               0.05937631869224,               0.10355054336561,        0.24849915918301,            0.012422251457674012,   8.26187085429451,          88.69717760867275,       0.2656137544314123,              244.16446780065323,                  59.70604987766593, 4673309.470481153, 84.26557027024336, 4673393.736051423, 6.256918243283941e-05
               0.00138606521721,               0.05945327279675,               0.10462938787872,        0.02793378404106,            0.013587039455014568,   8.01959144885361,            88.860533015788,      0.26886030372051106,               247.3735953621526,                  57.22994283490745, 4673309.483611555, 77.31895442511022,  4673386.80256598, 6.464851034150583e-05
               0.00138606521721,               0.05945327279675,               0.10462938787872,        0.02793378404106,            0.013587039455014568,   8.01959144885361,            88.860533015788,      0.26886030372051106,               247.3735953621526,                  57.22994283490745, 4673309.483611555, 77.31895442511022,  4673386.80256598, 6.507293471293745e-05
               0.00155957350794,               0.05981884706256,               0.10094763569542,        0.00085687035353,             0.01228533569807582,   7.87181419835487,           88.6245104976412,      0.27005596947669896,              250.37364871283677,                  57.95262004240111,4673309.4878507005,  85.1007932403306, 4673394.588643941,  6.52111543007502e-05
               0.00010296726632,               0.05962571712675,               0.09898908826871,        0.27729593434277,            0.010785515665335713,   8.45622379797002,          87.59459196631717,       0.2663454801767801,              243.89535141449676,                  57.75500151934109, 4673309.504338922, 96.47146131467169, 4673405.975800237, 6.589258737918733e-05
               0.00116591657528,               0.05977646972628,               0.10337249996513,        0.03899062407767,            0.012686700516287888,   8.15031407803453,          88.98246056655186,      0.25730611684571286,              247.06787551903847,                  57.98513433859323, 4673309.574270548, 82.70912228841061, 4673392.283392836, 6.884193455610991e-05
               0.00076739647045,               0.05957643894353,               0.09860289687392,        0.53081262096997,             0.01029250577645567,   8.78003092009217,          88.81504088763786,       0.2656424729840963,              245.36166595092683,                  59.84713065270709, 4673309.618678797,100.92252857406251, 4673410.541207371,  7.28657219846816e-05
               0.00027580087597,               0.05970804648213,               0.10232646027791,        0.25149471463946,            0.013256619240930119,   8.22048474006668,          88.53149694817886,       0.2595050626014539,               237.3197453316588,                  57.03420794472512, 4673309.700800704,  79.2875032626575, 4673388.988303967, 7.767082257307432e-05
               0.00140170067975,               0.05943231475349,               0.10226459667007,        0.29869850461883,             0.01188034919850523,   9.05948336803128,          88.99249460252199,      0.26267417762321565,              247.70088153071953,                  58.00494214062376, 4673309.711129518, 87.97960775891524, 4673397.690737277, 8.127801852510071e-05
               0.00140170067975,               0.05943231475349,               0.10226459667007,        0.29869850461883,             0.01188034919850523,   9.05948336803128,          88.99249460252199,      0.26267417762321565,              247.70088153071953,                  58.00494214062376, 4673309.711129518, 87.97960775891524, 4673397.690737277, 8.169776756743257e-05
               0.00090265346326,               0.05978003603939,               0.09605936970871,         0.0127909441365,            0.008687033153820927,   9.14675918838856,          88.21220363039555,       0.2663015315485873,               245.6903104865031,                  58.00839383175484, 4673309.722330408, 118.8692413878061, 4673428.591571796, 8.215788347307434e-05
               0.00052733201919,               0.05933216081907,               0.10113773720682,        0.32127052865507,            0.011036521170916478,   9.60784526507365,          87.98760667733758,      0.26235793614167846,              246.09054155044493,                  59.74859671518303,4673309.7242761655,  94.4198484584529, 4673404.144124624, 8.269845492066354e-05
               0.00057453666187,               0.05929653380258,               0.09996628625388,        0.47582569589312,            0.012028802047578497,   9.06264546789687,          88.48128751677562,      0.26303784602175323,               240.2718766229902,                  56.72077435856249,4673309.7940979395, 86.93553232741176, 4673396.729630267,  8.57720737249518e-05
               0.00040892973285,                0.0602316132789,               0.10214088461044,         0.1035699994171,            0.012227252528792266,    6.7680690425832,          88.56465319670617,      0.26045312209241117,              236.87581579623347,                  57.16381975947384, 4673309.879817234, 85.62398423673051, 4673395.503801471, 9.273750163632092e-05
               0.00076232918177,               0.05865803823554,                0.1012965753402,        0.19948585793958,            0.012143735082685314,   9.96778394091804,          87.59053491692505,       0.2671402256808729,              244.16745155098096,                  58.10632740313535,  4673309.89977901, 86.09033979445428, 4673395.990118804, 9.768471407524998e-05
               0.00146805668127,               0.05997444584462,               0.10331212932094,        0.21942049278773,            0.012661993889461627,   7.14791458874272,          88.20016886405364,       0.2661438937391748,              245.34226310044392,                  57.41086616161807, 4673309.941885537,  82.7338690610551, 4673392.675754597, 0.0001007811198158734
               0.00036625766549,               0.05965595784649,               0.09802676575408,        0.48105979067725,             0.00940132402779276,   8.93575990810656,          88.26137685952926,       0.2641169560232168,               243.9678985281157,                  59.91169012470962, 4673310.060698361,110.15419780640316, 4673420.214896168,0.00010939362669275318
               0.00036625766549,               0.05965595784649,               0.09802676575408,        0.48105979067725,             0.00940132402779276,   8.93575990810656,          88.26137685952926,       0.2641169560232168,               243.9678985281157,                  59.91169012470962, 4673310.060698361,110.15419780640316, 4673420.214896168,0.00011588467547520916
               0.00036625766549,               0.05965595784649,               0.09802676575408,        0.48105979067725,             0.00940132402779276,   8.93575990810656,          88.26137685952926,       0.2641169560232168,               243.9678985281157,                  59.91169012470962, 4673310.060698361,110.15419780640316, 4673420.214896168,0.00011588467547520916
               0.00156317153344,               0.05953820457367,               0.10148793748499,        0.26294962918103,            0.012590820884402396,   7.85859880700245,          88.66071267384692,      0.26873612844214384,              243.50585444436788,                  58.05012332501928, 4673310.080578137, 83.14406137316719, 4673393.224639511,0.00011704808196584035
               0.00014629563514,               0.05959647754716,                0.0975951532287,        0.21643761423192,            0.008649746448365138,   9.39973908224682,          88.59197043292322,      0.25647120135464613,              238.64877595540065,                  59.05451669891824, 4673310.223834069,119.50939847159809, 4673429.733232541,0.00012731525758901468
               0.00025482326127,                0.0598447680519,                0.0982641254409,        0.49962206359797,            0.009828878560531377,   8.03007699351545,          88.38540938102832,       0.2636666973582103,              243.17278590371728,                   59.9323169357295, 4673310.251570079,105.53367382085803,   4673415.7852439,  0.000138337366998764
               0.00030239896103,               0.05960471350359,               0.09997621089023,        0.25749388805755,             0.01145958979354526,    8.9781902421645,          88.33420514603827,       0.2665607914932355,              241.10261896625155,                  56.20991070743395, 4673310.271832635, 91.01464791743491,4673401.2864805525,0.00014169117080131517
               0.00125202066274,                0.0596433667857,               0.10227111261991,        0.18840098200962,            0.011537311086431743,   8.45882400304154,          88.86729982330077,      0.26789891339907385,              246.12529386258004,                  57.46400353182733, 4673310.300776718, 90.40805993692832, 4673400.708836655,0.00014522823675062088
               0.00022032524043,               0.05891934183285,               0.09991837145874,        0.15900653911189,            0.012223103996886147,   9.88630866909544,          87.53392046256197,       0.2761745238578857,                239.887250976483,                  56.98424833786932, 4673310.317163795, 85.43317824759474, 4673395.750342043,0.00014854693693637264
               0.00053616307925,               0.05960842206575,               0.09473449639009,        0.19364853813923,            0.008121718246693242,   9.29066334113865,          87.80438558094147,       0.2648769314394956,              242.16030249487528,                   59.1754616419538, 4673310.328790336,126.90199313929133, 4673437.230783476,0.00015063973430985377
               0.00053616307925,               0.05960842206575,               0.09473449639009,        0.19364853813923,            0.008121718246693242,   9.29066334113865,          87.80438558094147,       0.2648769314394956,              242.16030249487528,                   59.1754616419538, 4673310.328790336,126.90199313929133, 4673437.230783476,0.00015151543401193586
                4.006546394e-05,                0.0589773685675,               0.10148188895942,        0.11541552246581,            0.013433038384327505,   9.46860815527449,          87.41459057311185,        0.266154339796639,               240.7801851083048,                  54.50489230155713, 4673310.386907957, 78.20054032474475, 4673388.587448281,0.00015604874911874072
               0.00018518312073,               0.06049945952722,               0.09904109780928,        0.19845433393541,            0.012242461819221439,   5.79641690483764,          88.70665748724525,      0.26037065044520863,               238.6261259529983,                  59.00762485187571, 4673310.418850008, 85.52359625666543, 4673395.942446265, 0.0001631881243001874
               0.00034553668328,               0.05966822538399,               0.10061814127481,        0.08335058496277,            0.011275849954240335,   8.45903515967927,          88.52858847642956,       0.2647314156827333,               243.3466428474593,                  55.17375830554668,  4673310.45330729, 92.46252398465145, 4673402.915831274, 0.0001687003750701261
                0.0017761528715,               0.05966670983097,               0.09902523677286,        0.10794699316412,            0.011677765841279573,   8.38430544360152,          88.02779849928723,       0.2678973593591434,              246.11256834800852,                  58.16654465035427, 4673310.519666215,   89.365591151455, 4673399.885257367, 0.0001774935460839717
               0.00027804740271,               0.05879854540944,               0.10618156383466,        0.48296769910408,            0.014030163347449203,   9.82109898513068,          88.01507357389163,      0.26902117644916423,              239.69942725817455,                  59.22853524537617, 4673310.637784694, 74.99218714764913, 4673385.629971842,0.00019487641668766478
               0.00028351421763,               0.05919965767526,               0.09976287915416,        0.41919652437402,             0.01123060136169177,   9.78972006776775,          88.27617761009297,      0.26598493409901997,              244.96435731812605,                  59.43496500785865, 4673310.648871471, 92.80203826536538, 4673403.450909737, 0.0002075226738541024
               0.00028351421763,               0.05919965767526,               0.09976287915416,        0.41919652437402,             0.01123060136169177,   9.78972006776775,          88.27617761009297,      0.26598493409901997,              244.96435731812605,                  59.43496500785865, 4673310.648871471, 92.80203826536538, 4673403.450909737,0.00020867304095746012
               0.00028351421763,               0.05919965767526,               0.09976287915416,        0.41919652437402,             0.01123060136169177,   9.78972006776775,          88.27617761009297,      0.26598493409901997,              244.96435731812605,                  59.43496500785865, 4673310.648871471, 92.80203826536538, 4673403.450909737,0.00020867304095746012
               0.00028351421763,               0.05919965767526,               0.09976287915416,        0.41919652437402,             0.01123060136169177,   9.78972006776775,          88.27617761009297,      0.26598493409901997,              244.96435731812605,                  59.43496500785865, 4673310.648871471, 92.80203826536538, 4673403.450909737,0.00020867304095746012
               0.00101066733524,               0.05941035665964,               0.09909911130179,        0.16857686908172,            0.010403701973726198,   9.15980046717975,           87.3650475801777,      0.26368477760324655,               245.7368747108659,                  58.14278582366844, 4673310.650225209, 99.91203851851269, 4673410.562263727, 0.0002088143808153739
               0.00044955227307,               0.05925798206219,               0.09842503787245,        0.37562871318679,             0.01178932373374534,   8.93701696150642,          87.73429948276417,        0.265301535852977,               239.9280056512717,                  59.33791386280951, 4673310.707112282, 88.59180336256354, 4673399.298915644, 0.0002150714646294523
               0.00044955227307,               0.05925798206219,               0.09842503787245,        0.37562871318679,             0.01178932373374534,   8.93701696150642,          87.73429948276417,        0.265301535852977,               239.9280056512717,                  59.33791386280951, 4673310.707112282, 88.59180336256354, 4673399.298915644,  0.000221187208472497
                2.664006557e-05,               0.05915669007752,               0.10244424457829,        0.78924813027532,            0.014041988353187767,   9.05584703717727,          88.84900289528615,       0.2708059201691767,               237.6818995120904,                  59.23771506675231, 4673310.780502725, 74.90766717378601, 4673385.688169899,  0.000229608981224498
               0.00020089028006,               0.05931165988783,                0.1006380202314,        0.52459720677722,            0.010608889693337642,   9.86942279621081,          87.75514041222053,      0.26551974938854084,              243.18843526016465,                  59.70820002978645, 4673310.845284812,  98.0267691756445, 4673408.872053987, 0.0002459960369407336
               0.00020089028006,               0.05931165988783,                0.1006380202314,        0.52459720677722,            0.010608889693337642,   9.86942279621081,          87.75514041222053,      0.26551974938854084,              243.18843526016465,                  59.70820002978645, 4673310.845284812,  98.0267691756445, 4673408.872053987, 0.0002539613196712555
               0.00020089028006,               0.05931165988783,                0.1006380202314,        0.52459720677722,            0.010608889693337642,   9.86942279621081,          87.75514041222053,      0.26551974938854084,              243.18843526016465,                  59.70820002978645, 4673310.845284812,  98.0267691756445, 4673408.872053987, 0.0002539613196712555
               0.00061259215921,               0.05910733621643,               0.10345091766451,        0.29188983806938,            0.013934496540345198,   9.67499262516007,          87.90958012282314,      0.26669207580644366,              241.56460647865893,                  56.73664914757275, 4673310.850981106, 75.51398648922027, 4673386.364967595, 0.0002546867029700752
                1.952915813e-05,               0.05972169598382,               0.10330072454087,         0.1530436363502,             0.01300994083646779,   7.65256475171296,          88.70380958505082,      0.25676193375270334,              237.47062782516008,                  58.50714116167305, 4673310.883048533, 80.75895866473554, 4673391.642007198, 0.0002595736592206986
               0.00085895268995,               0.05924681679662,               0.10195722825788,         0.2841072194562,            0.013056311319015641,   9.39098659867129,          87.54721554048164,       0.2668478195415043,              245.25148401188548,                  57.54473183543796, 4673310.922790429, 80.33876520981762, 4673391.261555638,0.00026908143157380047
               0.00011523917365,               0.05938979150639,               0.10182072614566,        0.14159616035383,            0.012550582462880294,   9.50838691910769,          88.61712013883188,       0.2611329004326645,              236.53860356485083,                  56.26681644657636,   4673310.9304187, 83.50704462454944,4673394.4374633245, 0.0002754783376940382
               0.00103971134191,               0.06043332448311,               0.09978529149015,        0.44599522445155,            0.011523663685292947,   6.36694216357543,          88.71530992592983,      0.26795365163254886,               244.8055404643239,                  59.88846722836031, 4673310.983953512, 90.50994641457149, 4673401.493899927,0.00028413272442854697
               0.00155432191049,                0.0588085340529,               0.10360214980546,        0.37791989178934,            0.013435574760804474,   9.89917711706987,          88.77682084763411,       0.2661994032826935,              245.72265858952383,                  59.70864605738726, 4673311.116717504, 78.18585082678588, 4673389.302568331,0.00031244683767636254
               0.00155432191049,                0.0588085340529,               0.10360214980546,        0.37791989178934,            0.013435574760804474,   9.89917711706987,          88.77682084763411,       0.2661994032826935,              245.72265858952383,                  59.70864605738726, 4673311.116717504, 78.18585082678588, 4673389.302568331, 0.0003331572706915319
               0.00030953955041,               0.05948801230087,               0.10208280770979,        0.28645362927942,            0.012419069048040703,   9.56561864463689,          88.08348259952561,       0.2591744370739743,                242.334648828145,                  59.65964905659531, 4673311.197091105,  84.3797386700941, 4673395.576829775, 0.0003470985464570526
               0.00030953955041,               0.05948801230087,               0.10208280770979,        0.28645362927942,            0.012419069048040703,   9.56561864463689,          88.08348259952561,       0.2591744370739743,                242.334648828145,                  59.65964905659531, 4673311.197091105,  84.3797386700941, 4673395.576829775,0.00036103982250777295
               0.00011179532399,               0.05987363796556,               0.09888194149024,        0.18428674839241,            0.010246138064610772,   8.70529839672135,          88.59395474275132,      0.25627172204846566,              240.29858781714617,                  58.56411622598257, 4673311.262537698,101.49985616831506, 4673412.762393867, 0.0003732494159002774
               0.00025146705438,               0.05963963289905,                0.1009133311096,        0.34110737000544,             0.01182605793559224,   7.84070253115831,          87.88941390668319,       0.2623242440955802,              241.10483799988532,                   59.4870801631989, 4673311.277376418,  88.3711072062446, 4673399.648483625,0.00038834019240397354
               0.00078656828439,               0.06055915685491,               0.09867072510047,        0.16988714094352,            0.011152521312949972,   5.31045400342487,          88.69033840465632,      0.26703709932569175,               242.1284564627281,                  56.84271560977459,   4673311.2809113, 93.41062083304637, 4673404.691532133,0.00039191405957278913
               0.00013880620727,               0.05909197018727,               0.09946146671011,        0.26873293286984,            0.013179587674753213,   9.33571632632466,          87.98243695785764,       0.2669650274331537,               242.1552532829321,                  59.94310514527098, 4673311.293777043, 79.62071681634423,  4673390.91449386,0.00039514864926860216
               0.00013880620727,               0.05909197018727,               0.09946146671011,        0.26873293286984,            0.013179587674753213,   9.33571632632466,          87.98243695785764,       0.2669650274331537,               242.1552532829321,                  59.94310514527098, 4673311.293777043, 79.62071681634423,  4673390.91449386,0.00039769055445759905
               0.00013880620727,               0.05909197018727,               0.09946146671011,        0.26873293286984,            0.013179587674753213,   9.33571632632466,          87.98243695785764,       0.2669650274331537,               242.1552532829321,                  59.94310514527098, 4673311.293777043, 79.62071681634423,  4673390.91449386,0.00039769055445759905
                8.127505224e-05,               0.06004236745347,               0.10083937010179,        0.02019162467749,            0.010537015699045098,   8.24036934909427,          88.95226682127574,       0.2576891404764327,              238.77499301171497,                  57.16133113894876,4673311.3575358745, 98.78417608636649, 4673410.141711961, 0.0004107815972842725
               0.00033719945399,               0.05893666589684,               0.10306788062781,        0.16076765695001,            0.013445290254916356,   9.50567248785942,          87.20152531294104,       0.2632976723564662,              241.08419491616593,                  56.53447144884864,  4673311.36671809, 78.17346889684731, 4673389.540186987,0.00042582764709878904
               0.00012247978987,               0.05993144475903,               0.09935932977452,        0.11982564764532,            0.010732829846127698,   8.29452377951781,           88.1919305515396,       0.2590651641172177,              242.22034079386444,                  57.01146920966001, 4673311.432789192, 97.03210512941818, 4673408.464894321,  0.000442392003246331
               0.00151644119433,               0.05931878770996,               0.10041210343613,        0.00559170730694,            0.011350337433157038,   9.60923984921398,          87.57428874402578,       0.2650790867555243,              245.70728435636408,                  56.78186115685339,4673311.5283820685, 91.87556663581243, 4673403.403948705, 0.0004799224863107476
               0.00058583032293,               0.05873691631429,                0.1031212772365,        0.35552359167011,            0.014771599828809179,   9.81474418573679,          88.10026969544127,       0.2692578529288254,              242.72383966816665,                  58.48036327836906, 4673311.587083393,  71.4113864222283, 4673382.998469815, 0.0005180441956040598
               0.00078441380965,               0.05930840828359,               0.10082296650325,        0.31793483436157,            0.011315531443964735,   9.51772507539221,          88.78169799682675,      0.25913273234813256,              243.73263802735792,                  58.56734975816439, 4673311.745566169,  92.2331343718702, 4673403.978700541, 0.0005790322977342798
               0.00109708981203,               0.05886330343451,               0.10304621468474,        0.08629881394565,              0.0119373508169425,    9.9995681912656,           87.7844961557279,       0.2626674814322654,              245.63882938191557,                  58.35626977559225, 4673311.745836864, 87.57777518064772, 4673399.323612045, 0.0006249044036458992
                0.0003025813391,               0.05923304734366,                0.1029868756619,        0.46879184037263,              0.0116317440608682,   9.23790636885585,          88.20656536632612,      0.26362062620654797,              241.80638467106357,                  59.59417546575945,   4673311.7711169, 89.76496017368792, 4673401.536077074,  0.000632989556770375
                0.0003025813391,               0.05923304734366,                0.1029868756619,        0.46879184037263,              0.0116317440608682,   9.23790636885585,          88.20656536632612,      0.26362062620654797,              241.80638467106357,                  59.59417546575945,   4673311.7711169, 89.76496017368792, 4673401.536077074,  0.000640990129860501
               0.00140412101367,               0.05946178433963,               0.10116420771419,        0.27289598601925,             0.01329944728884637,   8.50486767773101,          88.29223526592315,      0.26690130151517916,               246.7213981323399,                   59.4387552721286, 4673311.863077516, 78.93779800649946, 4673390.800875522,  0.000671860741009619
               0.00107603470712,               0.05993690237414,               0.09868451932866,        0.20657137876468,            0.011934856791441267,    7.8182181902007,          88.64641273172373,      0.26568738489909494,              243.39643173436747,                  59.63307219306456, 4673311.916232078, 87.55200784742475, 4673399.468239926, 0.0007219133300822179
               0.00013445406359,               0.05996655452634,                0.0997260315012,        0.16932868436136,            0.009653629987666555,   8.32324133781005,          88.62928038867658,      0.25888193552290273,              238.91666570714665,                  58.00198344359481, 4673312.029275008, 107.4507415753112, 4673419.480016583, 0.0007854424503145698
               0.00126291732668,               0.05944405878182,               0.10446003876573,        0.00347825485537,             0.01423086995294392,   8.05136994705318,          88.77946510610795,       0.2650813056154191,               246.1932072474324,                  57.55640090269709,   4673312.0533102, 74.04220039011173,  4673386.09551059, 0.0008398824753356486
               0.00097258134757,               0.05973055092212,                0.0975474199309,         0.1430879597891,            0.010599478227455989,    8.3649329379899,           87.9942695956743,      0.26645778654238544,              244.74474793077783,                  58.10193444286232,4673312.2116267355, 98.09720630657078, 4673410.308833042, 0.0009228764565458216
               0.00010483387167,               0.05958933029405,               0.10186834298785,        0.01169061123704,            0.011526045962052393,   9.19787756515919,          88.79846414753068,       0.2557426951682874,              240.02083284254928,                  56.16882603212113, 4673312.283879966, 90.67020200265277, 4673402.954081968,   0.00103308312311738
               0.00010483387167,               0.05958933029405,               0.10186834298785,        0.01169061123704,            0.011526045962052393,   9.19787756515919,          88.79846414753068,       0.2557426951682874,              240.02083284254928,                  56.16882603212113, 4673312.283879966, 90.67020200265277, 4673402.954081968,  0.001070388690941852
               0.00010483387167,               0.05958933029405,               0.10186834298785,        0.01169061123704,            0.011526045962052393,   9.19787756515919,          88.79846414753068,       0.2557426951682874,              240.02083284254928,                  56.16882603212113, 4673312.283879966, 90.67020200265277, 4673402.954081968,  0.001070388690941852
               0.00010483387167,               0.05958933029405,               0.10186834298785,        0.01169061123704,            0.011526045962052393,   9.19787756515919,          88.79846414753068,       0.2557426951682874,              240.02083284254928,                  56.16882603212113, 4673312.283879966, 90.67020200265277, 4673402.954081968,  0.001070388690941852
               0.00124622912745,               0.05917129971215,               0.10150579303238,         0.0990694036076,            0.012416875922407169,   9.05113008236987,          87.65005035539048,      0.26331899621047256,              242.10846675818595,                  59.42363767274074, 4673312.430433501, 84.33323061913686,  4673396.76366412, 0.0011548621147806442
               0.00020373116704,               0.05927707166018,               0.10038303057518,        0.27769859606701,            0.011152165467427637,   8.75364356462795,           88.0025949946855,       0.2711498152097096,              242.93389261991976,                  58.92278564714395,  4673312.43422566, 93.35668197889638, 4673405.790907639, 0.0012416898786072844
               0.00017302667846,               0.05916669834603,               0.10529805395929,        0.28024366560379,             0.01336394003626498,   8.91258243508326,          88.66765098226404,       0.2658048888429217,              240.63462374593607,                   57.5851485793395, 4673312.456808921, 78.59038963224545, 4673391.047198554, 0.0012582513240171006
               0.00019853668748,               0.05950593032351,               0.09971641711082,        0.55774293457121,            0.011119695867598825,   8.89778003772198,          87.72417355539802,       0.2643454983285258,               239.1836850063802,                  59.02357262765299, 4673312.461652808, 93.71344520488513, 4673406.175098013, 0.0012755477276594164
               0.00054805927157,               0.05895927398467,               0.10482059218189,        0.24553754394194,            0.014020185320734693,   9.78170508994358,          88.54599517971408,       0.2674416323644412,              243.67259362997544,                  57.19072561260241, 4673312.527083764, 75.06486699497339, 4673387.591950759, 0.0013218671191940344
               0.00054805927157,               0.05895927398467,               0.10482059218189,        0.24553754394194,            0.014020185320734693,   9.78170508994358,          88.54599517971408,       0.2674416323644412,              243.67259362997544,                  57.19072561260241, 4673312.527083764, 75.06486699497339, 4673387.591950759, 0.0013650972115876073
               0.00054805927157,               0.05895927398467,               0.10482059218189,        0.24553754394194,            0.014020185320734693,   9.78170508994358,          88.54599517971408,       0.2674416323644412,              243.67259362997544,                  57.19072561260241, 4673312.527083764, 75.06486699497339, 4673387.591950759, 0.0013650972115876073
               0.00054805927157,               0.05895927398467,               0.10482059218189,        0.24553754394194,            0.014020185320734693,   9.78170508994358,          88.54599517971408,       0.2674416323644412,              243.67259362997544,                  57.19072561260241, 4673312.527083764, 75.06486699497339, 4673387.591950759, 0.0013650972115876073
               0.00053171938112,               0.05939263352114,               0.10049715694082,        0.32492497387402,            0.010569864587847274,    9.5270464009227,           88.6846715982888,      0.26728081377982166,              240.83789483452637,                  58.29105531820591, 4673312.542323308, 98.34997480590081, 4673410.892298114, 0.0013755786043148182
               0.00053171938112,               0.05939263352114,               0.10049715694082,        0.32492497387402,            0.010569864587847274,    9.5270464009227,           88.6846715982888,      0.26728081377982166,              240.83789483452637,                  58.29105531820591, 4673312.542323308, 98.34997480590081, 4673410.892298114, 0.0013860599968400532
                1.078493292e-05,               0.05936386972031,               0.09924089600631,        0.29211508300459,            0.010214333502853975,   9.93960706753346,          88.41945961710162,       0.2594356694420511,              242.30589212482687,                  59.14698923427652, 4673312.583863629,101.75615994966054, 4673414.340023579, 0.0014154549971144707
               0.00012298276835,               0.05925578218569,               0.10067189408018,        0.42032814482398,            0.011339859424341386,   9.98892715726582,          88.74339529162876,       0.2657543038286914,                236.936556124861,                  58.67413489844554, 4673312.841903412, 91.94738884054325, 4673404.789292253, 0.0016575249183146746
                 9.17549032e-06,               0.05898699055921,               0.09931732294927,        0.29034405653017,            0.011996230220906757,    9.3229408535794,          88.22291688788319,       0.2703271622244921,              236.96398414560352,                  56.88072662782678, 4673312.939908457, 87.05874189455305, 4673399.998650352,  0.001966485535015557
               0.00067679540087,               0.06022338321172,               0.10012479369439,        0.19991407194186,            0.011472944621997348,   6.80982126797439,          88.80156137202643,       0.2632342522417421,              243.84198698064077,                  56.71502150430788, 4673313.098668143, 90.96047941661195,  4673404.05914756, 0.0022402275738688587
               0.00035212223468,               0.05913386827118,               0.10081276566737,          0.509126628026,            0.011142062164539926,     9.810666435771,          88.56996046127931,      0.26424933973164566,              242.20329710763423,                  59.15694647349203, 4673313.210773027, 93.53429751642392, 4673406.745070543, 0.0025610890551256526
               0.00012310213776,               0.05898136041943,               0.10328508201144,        0.22439912688962,            0.014133060732637313,   9.32158054011327,          88.11356799076052,      0.26842874465477784,              238.09632775648623,                  55.97709927840771, 4673313.220779259,  74.4814651486458,4673387.7022444075,  0.002718093015837132
                0.0004820057802,               0.05940274167041,               0.10070026634314,        0.32972156284997,            0.013117347862650449,   8.40202960474993,           88.3350487814539,       0.2671192282288247,              243.12248514855168,                  59.40121440422866, 4673313.231260049, 79.97856930958434, 4673393.209829358, 0.0027460822634139863
                0.0004820057802,               0.05940274167041,               0.10070026634314,        0.32972156284997,            0.013117347862650449,   8.40202960474993,           88.3350487814539,       0.2671192282288247,              243.12248514855168,                  59.40121440422866, 4673313.231260049, 79.97856930958434, 4673393.209829358,  0.002760472687592308
                9.287138093e-05,               0.05879470902663,               0.10235542861927,        0.09240130219178,            0.013938758047661513,   9.23918222295643,          87.59270691827018,       0.2733047427224481,              242.01388169302555,                   57.4466043902222,  4673313.23439892, 75.40132251026353,  4673388.63572143, 0.0027648118781540415
                9.287138093e-05,               0.05879470902663,               0.10235542861927,        0.09240130219178,            0.013938758047661513,   9.23918222295643,          87.59270691827018,       0.2733047427224481,              242.01388169302555,                   57.4466043902222,  4673313.23439892, 75.40132251026353,  4673388.63572143, 0.0027691510681032614
               0.00047882312029,               0.05914374851949,               0.10069380575829,        0.55301820006939,            0.011914589529625177,   9.76367693862676,          88.37953082895325,      0.26379344199442945,              238.46144358930647,                  59.40171229249524, 4673313.317718191, 87.72155828452695, 4673401.039276476,  0.002889455127600285
                1.496857088e-05,               0.05910199343923,               0.10401423068187,         0.3721187377864,            0.013967406258820486,    8.9414765689791,          88.02702952367099,      0.27258751880250875,                238.524788243766,                  57.88283323253988, 4673313.428705056, 75.26380062823064, 4673388.692505685, 0.0031864022981977686
                1.496857088e-05,               0.05910199343923,               0.10401423068187,         0.3721187377864,            0.013967406258820486,    8.9414765689791,          88.02702952367099,      0.27258751880250875,                238.524788243766,                  57.88283323253988, 4673313.428705056, 75.26380062823064, 4673388.692505685, 0.0033630454107896036
               0.00125401155436,               0.05931576621806,                0.1012786916823,         0.0104754325142,            0.011280261047079163,   9.73403177637876,          87.43596055124054,       0.2671957708028086,              243.84823148254475,                   59.5884459066682, 4673313.661112226, 92.39300488633545,4673406.0541171115, 0.0038029877846017814
               0.00125401155436,               0.05931576621806,                0.1012786916823,         0.0104754325142,            0.011280261047079163,   9.73403177637876,          87.43596055124054,       0.2671957708028086,              243.84823148254475,                   59.5884459066682, 4673313.661112226, 92.39300488633545,4673406.0541171115,  0.004242930156225041
               0.00037880160637,               0.05918890482012,               0.10094676200845,         0.6416906725546,            0.011684468109220676,   9.65794332334549,          88.43683279578705,       0.2628639215191807,              239.91347719410885,                   59.8762659638841, 4673313.694894407, 89.38794858071974, 4673403.082842988,  0.004315822166472146
               0.00082845258105,                0.0597953555143,               0.10002947632496,         0.0695015801866,            0.011662545019778942,   8.29988970954469,          88.05195195974318,      0.26025167007084826,               241.7012708056615,                  59.10158974204579, 4673313.696177416, 89.58701241965139, 4673403.283189835,  0.004391531365184594
               0.00022878742226,               0.05925368652775,               0.10079278685319,        0.31502933841006,            0.011624312269133083,   9.71958218073512,           88.4846183149952,      0.26578242407770947,              242.49528956579496,                  57.08198230483164, 4673313.714491439, 89.78907070989878, 4673403.503562149,  0.004434958381936424
               0.00083751997655,               0.05954010719711,                0.1015838200099,        0.43383165612629,            0.012910879919965902,   8.66189151129987,          88.78546338846384,       0.2667249754216471,              244.93030068869723,                  59.99616265846512, 4673313.879225267,   81.203234947537, 4673395.082460214,  0.004876308885866183
                2.818078135e-05,               0.05948325695586,               0.09968756141853,        0.50243817975608,            0.011394414964749217,   9.15503583118424,          87.88043342845727,      0.26238266384318437,               239.4922694189781,                  59.94010342523477, 4673313.892143302, 91.57352175144524, 4673405.465665054,  0.005311355218471858
               0.00078740961615,               0.05894313208505,               0.10445227139792,        0.21364380965454,            0.013269980385436394,   9.66607630992462,          88.61888611804655,       0.2668387227470353,              245.19113574113328,                  59.32302084509482, 4673314.180493724, 79.10564367298115,4673393.2861373965, 0.0062389870022349575
                8.277437618e-05,               0.05930087628832,                0.1028116908989,        0.18225016307686,            0.013000223057576386,   9.24723889587634,           87.6336366614991,      0.26880395652692124,              242.28596730787433,                  57.09646208770384, 4673314.594918907,  80.6419404154403,4673395.2368593225,  0.008963536316493876
               0.00121967846517,               0.05941859880317,               0.09961820367485,        0.17707096860179,            0.010954547491983341,   9.07581869523609,          87.66862714454575,      0.26490460189534554,              243.79600245891584,                  59.69329487075257, 4673314.664855876, 95.06123393403843,  4673409.72608981,  0.011185748850081851
               0.00121967846517,               0.05941859880317,               0.09961820367485,        0.17707096860179,            0.010954547491983341,   9.07581869523609,          87.66862714454575,      0.26490460189534554,              243.79600245891584,                  59.69329487075257, 4673314.664855876, 95.06123393403843,  4673409.72608981,  0.011576738181132197
               0.00031840518159,               0.05881609206585,               0.10267393803728,        0.16732726518853,             0.01454900094183221,   9.87710497353581,          88.48310283699145,       0.2704291228943745,              238.05380466330084,                  57.87427220845841,  4673314.89115365, 72.43106840677316, 4673387.322222057,   0.01304668874888954
                 7.88199261e-05,               0.05890840224668,               0.10134081220608,        0.33527991925395,            0.013725348359892258,   9.40456056945622,          88.08087405554957,      0.26975400940224864,                237.330256679455,                  58.17159025819901, 4673314.902962319, 76.56497689198186, 4673391.467939211,  0.014602858455675211
               0.00030141163251,               0.05994588522826,               0.09715527293871,        0.19483421761255,            0.008780420392728047,   8.23045913387659,          88.66770062151254,      0.26236818003165213,              240.97811239672333,                  58.81854836329394, 4673314.943204961, 117.7012010811925, 4673432.644406042,  0.014990668977936652
               0.00041876593827,               0.05902118244704,                0.1012976546368,        0.12917769882611,            0.012327613501701438,     9.382037594521,          87.82365665711689,      0.26281252212778466,              241.56014282470272,                  57.87089390928683, 4673315.049177962,  84.9236952463458, 4673399.972873209,  0.016147035442650625
               0.00026672421186,               0.05903491784538,               0.10125074775671,        0.14145900195444,            0.012403790924156728,   9.32579399209641,          87.82790530857895,       0.2625466650577872,              240.65033983753597,                   57.9861900779436, 4673315.362586595, 84.42936071633197, 4673399.791947312,  0.020130827673361582
               0.00025215859072,                0.0592495290026,               0.10199998712619,        0.33316924070048,            0.013347611875070664,   8.62087102012778,          88.74602448741639,      0.26602396533941947,              240.81472475035156,                   59.7846677828654, 4673316.014907342, 78.67882894398869, 4673394.693736287,   0.03395927429559326
               0.00066487316036,               0.05942399632106,               0.10167533213897,        0.15961688581824,            0.011570345313558708,   9.18887021439196,            88.206374294158,       0.2616663063575068,              241.79373139497065,                  57.87712145461893, 4673316.142601868,  90.2495053317602,   4673406.3921072,   0.04770009254390398
               0.00104481430214,                0.0594721436813,               0.10326864164147,        0.00823125018145,            0.011340155509463238,   8.84533395957899,          88.77562594093175,      0.26323830701128625,               244.8857692205022,                  59.00161356994887, 4673316.160601798, 91.98105144409564,4673408.1416532425,  0.051202287680830634
               0.00099031956559,               0.05997245913312,               0.10170252150875,        0.06761204117528,            0.013652084956977052,   7.00903786527461,          88.72784578046841,       0.2686818429249981,               242.7459500295136,                  58.24696400048681, 4673316.759653362, 76.97075905357822, 4673393.730412416,   0.07285507448029561
               0.00015903700452,               0.05886587987522,               0.10031599396957,        0.19966707902825,            0.012706559769836718,   9.87975992174192,          88.08516896001045,       0.2679338735361532,              237.94818824912545,                  57.27955533702735, 4673317.495098522, 82.43177200668826, 4673399.926870529,   0.14513391234792108
               0.00015903700452,               0.05886587987522,               0.10031599396957,        0.19966707902825,            0.012706559769836718,   9.87975992174192,          88.08516896001045,       0.2679338735361532,              237.94818824912545,                  57.27955533702735, 4673317.495098522, 82.43177200668826, 4673399.926870529,   0.19622076971888208
               0.00022008471983,               0.05953379358157,               0.10025808719906,        0.10905057004976,            0.011442891788676308,   9.01385488775518,          87.87098503193377,       0.2624065878361857,              241.25183804612604,                  57.92766564378947, 4673317.798342124, 91.20137688720246, 4673408.999719011,   0.23097581627666144
