galaxies.source.turnover_radius,galaxies.source.centre.centre_0,galaxies.source.centre.centre_1,galaxies.source.z_centre,galaxies.source.effective_radius,galaxies.source.phi,galaxies.source.inclination,galaxies.source.intensity,galaxies.source.maximum_velocity,galaxies.source.velocity_dispersion,    log_likelihood,         log_prior,     log_posterior,                weight
               0.00284551420794,               0.05117372226529,               0.04575541857933,        10.4210678118396,                0.09867636614322,  87.10410746526294,          70.09258276198483,       1.3622100951972513,               266.7830976068813,                  86.45371361211403, 4674942.711743664,0.7341011518896412, 4674943.445844816,1.0187858652098999e-10
               0.00307471766122,               0.05497684974027,               0.03506668728108,       10.32129338950481,                 0.0987357798452,  85.39089109717523,          65.68595939278107,       1.3930513760210033,               271.9047008854985,                  87.31678364303434, 4674942.740880093, 0.717848614353562, 4674943.458728707,1.0584769304905993e-10
               0.00176460152841,               0.05585236131052,               0.02800964040977,       10.10237428576176,                0.10576074408767,  83.32347532404103,          67.18648487768908,       1.3660856551568459,               267.4107251435156,                  83.78990335198488, 4674942.813228272,0.7320185203798117, 4674943.545246792,1.1086397414871483e-10
               0.00212075496342,               0.06019303735084,                0.0313725758308,       10.00372333636779,                0.10080309536665,  84.60233715063463,          64.22409247704007,       1.3076615894255557,              276.74297391310654,                  78.76808820530479, 4674942.832149805,0.7647238460520136,  4674943.59687365,1.1539279520844938e-10
               0.00212075496342,               0.06019303735084,                0.0313725758308,       10.00372333636779,                0.10080309536665,  84.60233715063463,          64.22409247704007,       1.3076615894255557,              276.74297391310654,                  78.76808820530479, 4674942.832149805,0.7647238460520136,  4674943.59687365,  1.16484466910812e-10
               0.00108247820234,               0.05105943466617,               0.04032032191865,         10.513816067147,                0.10596919615401,  87.15299284891553,          69.67836121423828,       1.4176438581595878,              265.49585013098954,                  86.30027966070676, 4674942.993418626,0.7053957834644161, 4674943.698814409,  1.25416437202026e-10
               0.00033557191177,               0.04726945030679,                0.0238287497754,       10.06961198913836,                0.10973852177498,  83.22054660939669,          64.51801902987873,       1.3577432355870203,               269.9001664444624,                   83.4205958517241, 4674943.020562958,0.7365162821582021,  4674943.75707924,1.3668833329611575e-10
               0.00033557191177,               0.04726945030679,                0.0238287497754,       10.06961198913836,                0.10973852177498,  83.22054660939669,          64.51801902987873,       1.3577432355870203,               269.9001664444624,                   83.4205958517241, 4674943.020562958,0.7365162821582021,  4674943.75707924,1.3854337618285466e-10
               0.00033557191177,               0.04726945030679,                0.0238287497754,       10.06961198913836,                0.10973852177498,  83.22054660939669,          64.51801902987873,       1.3577432355870203,               269.9001664444624,                   83.4205958517241, 4674943.020562958,0.7365162821582021,  4674943.75707924,1.3854337618285466e-10
               0.00033557191177,               0.04726945030679,                0.0238287497754,       10.06961198913836,                0.10973852177498,  83.22054660939669,          64.51801902987873,       1.3577432355870203,               269.9001664444624,                   83.4205958517241, 4674943.020562958,0.7365162821582021,  4674943.75707924,1.3854337618285466e-10
               0.00033557191177,               0.04726945030679,                0.0238287497754,       10.06961198913836,                0.10973852177498,  83.22054660939669,          64.51801902987873,       1.3577432355870203,               269.9001664444624,                   83.4205958517241, 4674943.020562958,0.7365162821582021,  4674943.75707924,1.3854337618285466e-10
               0.00033557191177,               0.04726945030679,                0.0238287497754,       10.06961198913836,                0.10973852177498,  83.22054660939669,          64.51801902987873,       1.3577432355870203,               269.9001664444624,                   83.4205958517241, 4674943.020562958,0.7365162821582021,  4674943.75707924,1.3854337618285466e-10
               0.00033557191177,               0.04726945030679,                0.0238287497754,       10.06961198913836,                0.10973852177498,  83.22054660939669,          64.51801902987873,       1.3577432355870203,               269.9001664444624,                   83.4205958517241, 4674943.020562958,0.7365162821582021,  4674943.75707924,1.3854337618285466e-10
               0.00033557191177,               0.04726945030679,                0.0238287497754,       10.06961198913836,                0.10973852177498,  83.22054660939669,          64.51801902987873,       1.3577432355870203,               269.9001664444624,                   83.4205958517241, 4674943.020562958,0.7365162821582021,  4674943.75707924,1.3854337618285466e-10
               0.00033557191177,               0.04726945030679,                0.0238287497754,       10.06961198913836,                0.10973852177498,  83.22054660939669,          64.51801902987873,       1.3577432355870203,               269.9001664444624,                   83.4205958517241, 4674943.020562958,0.7365162821582021,  4674943.75707924,1.3854337618285466e-10
               0.00033557191177,               0.04726945030679,                0.0238287497754,       10.06961198913836,                0.10973852177498,  83.22054660939669,          64.51801902987873,       1.3577432355870203,               269.9001664444624,                   83.4205958517241, 4674943.020562958,0.7365162821582021,  4674943.75707924,1.3854337618285466e-10
               0.00033557191177,               0.04726945030679,                0.0238287497754,       10.06961198913836,                0.10973852177498,  83.22054660939669,          64.51801902987873,       1.3577432355870203,               269.9001664444624,                   83.4205958517241, 4674943.020562958,0.7365162821582021,  4674943.75707924,1.3854337618285466e-10
               0.00033557191177,               0.04726945030679,                0.0238287497754,       10.06961198913836,                0.10973852177498,  83.22054660939669,          64.51801902987873,       1.3577432355870203,               269.9001664444624,                   83.4205958517241, 4674943.020562958,0.7365162821582021,  4674943.75707924,1.3854337618285466e-10
               0.00033557191177,               0.04726945030679,                0.0238287497754,       10.06961198913836,                0.10973852177498,  83.22054660939669,          64.51801902987873,       1.3577432355870203,               269.9001664444624,                   83.4205958517241, 4674943.020562958,0.7365162821582021,  4674943.75707924,1.3854337618285466e-10
               0.00161641872238,               0.04782292429436,               0.02724181823814,       10.04471049434918,                0.11340918746075,  83.43000616852525,          64.54559198706319,       1.4369793791076035,              272.00132178693775,                  82.55772224359046,   4674943.0549078,0.6959042102754616,  4674943.75081201,1.3184676493163208e-10
               0.00214785118325,               0.04410625426552,               0.02841144463682,       10.21847581596179,                0.11214318981428,  83.29411497758801,           67.8337014506609,        1.397596548646191,              267.83590146482834,                  85.88096322865863, 4674943.083908304, 0.715514073763755, 4674943.799422378,1.3540674757219277e-10
               0.00214785118325,               0.04410625426552,               0.02841144463682,       10.21847581596179,                0.11214318981428,  83.29411497758801,           67.8337014506609,        1.397596548646191,              267.83590146482834,                  85.88096322865863, 4674943.083908304, 0.715514073763755, 4674943.799422378,1.3737004194335113e-10
               0.00214785118325,               0.04410625426552,               0.02841144463682,       10.21847581596179,                0.11214318981428,  83.29411497758801,           67.8337014506609,        1.397596548646191,              267.83590146482834,                  85.88096322865863, 4674943.083908304, 0.715514073763755, 4674943.799422378,1.3737004194335113e-10
               0.00130427316141,               0.05057973108235,               0.02745607508879,        10.0423495205554,                0.09544165025328,   84.8566172856211,          61.11731326607736,       1.3633269789748454,              278.92312646839935,                   82.4712235637593, 4674943.084027278,0.7334997512863353,  4674943.81752703, 1.353277930909322e-10
                0.0022397665418,               0.05860283902732,               0.04291331340478,        10.6214726646746,                   0.09980078334,  85.28879340841263,          69.90967633175524,       1.3460989442637648,               266.3995466004664,                  82.47177266459238,4674943.1139386725,0.7428874409725802, 4674943.856826114,1.3670692558834724e-10
               0.00461743053331,               0.04723931471249,               0.03899610297532,       10.16975304708709,                0.10317024418684,  84.27373783619417,          68.94625868022135,        1.370412319117085,               270.3139087425611,                  78.55292179994775, 4674943.202811358,0.7297073924760612,  4674943.93251875,1.4447681443635924e-10
               0.00153937687963,               0.05980376037535,               0.02821508410253,       10.26223741033165,                 0.1045415883146,  83.70951610714322,           64.8797763829125,       1.3624056866150898,               275.2809624496198,                  81.51172092569519,  4674943.27591479,0.7339957619264712, 4674944.009910552,1.5583542049836318e-10
               0.00153937687963,               0.05980376037535,               0.02821508410253,       10.26223741033165,                 0.1045415883146,  83.70951610714322,           64.8797763829125,       1.3624056866150898,               275.2809624496198,                  81.51172092569519,  4674943.27591479,0.7339957619264712, 4674944.009910552,1.6152893729229692e-10
               0.00166615547726,               0.05218298107376,               0.03133825479086,       10.19334712013084,                0.10604458788128,  85.26384554839622,          67.95519387997382,        1.414990016477116,               271.5999584531119,                  88.74705299792811, 4674943.321751477,0.7067187671681869, 4674944.028470244, 1.636721215840134e-10
               0.00088773139275,               0.05497393347203,               0.03449753377879,       10.70070241970915,                0.10605185769573,  83.97615755311847,          67.31740531810695,       1.3466652878815704,               269.2093464989972,                   80.5330800477612, 4674943.396343426,0.7425750177114113, 4674944.138918444,1.7304032769677814e-10
               0.00088773139275,               0.05497393347203,               0.03449753377879,       10.70070241970915,                0.10605185769573,  83.97615755311847,          67.31740531810695,       1.3466652878815704,               269.2093464989972,                   80.5330800477612, 4674943.396343426,0.7425750177114113, 4674944.138918444,1.7949104469067312e-10
               0.00090730302183,               0.04641991520861,               0.04627389142174,       10.63449529397366,                0.10472018543455,  86.85116319155054,          72.43051619648959,       1.3732287459208625,              257.09569576170253,                  84.57444660369468, 4674943.401857506,0.7282107973420102, 4674944.130068303,  1.78196357331416e-10
               0.00090730302183,               0.04641991520861,               0.04627389142174,       10.63449529397366,                0.10472018543455,  86.85116319155054,          72.43051619648959,       1.3732287459208625,              257.09569576170253,                  84.57444660369468, 4674943.401857506,0.7282107973420102, 4674944.130068303,  1.78687650527834e-10
               0.00090730302183,               0.04641991520861,               0.04627389142174,       10.63449529397366,                0.10472018543455,  86.85116319155054,          72.43051619648959,       1.3732287459208625,              257.09569576170253,                  84.57444660369468, 4674943.401857506,0.7282107973420102, 4674944.130068303,  1.78687650527834e-10
               0.00090730302183,               0.04641991520861,               0.04627389142174,       10.63449529397366,                0.10472018543455,  86.85116319155054,          72.43051619648959,       1.3732287459208625,              257.09569576170253,                  84.57444660369468, 4674943.401857506,0.7282107973420102, 4674944.130068303,  1.78687650527834e-10
               0.00090730302183,               0.04641991520861,               0.04627389142174,       10.63449529397366,                0.10472018543455,  86.85116319155054,          72.43051619648959,       1.3732287459208625,              257.09569576170253,                  84.57444660369468, 4674943.401857506,0.7282107973420102, 4674944.130068303,  1.78687650527834e-10
               0.00151746172881,               0.05074152098965,                0.0426563279131,       10.33991390775054,                0.10329744822939,  85.62781362044622,          68.50154298879397,       1.3561226843905365,              260.50103040777486,                  86.97377187504873, 4674943.432790365,0.7373964107454011, 4674944.170186776,1.7697970998382629e-10
               0.00151746172881,               0.05074152098965,                0.0426563279131,       10.33991390775054,                0.10329744822939,  85.62781362044622,          68.50154298879397,       1.3561226843905365,              260.50103040777486,                  86.97377187504873, 4674943.432790365,0.7373964107454011, 4674944.170186776,1.7971673608452796e-10
               0.00026070057956,               0.04835359744705,               0.03683655992565,       10.56165987330689,                0.09836500352376,  85.85614288528518,          64.91367919604926,       1.3942841457327717,               275.1892526431927,                  87.29747295334866,  4674943.43458382,0.7172139216102511, 4674944.151797742,1.7808820660144753e-10
               0.00080705180612,               0.06169706768239,               0.03919633692199,       10.07272173913495,                0.09771815958638,   84.0042737292843,          69.13912963998263,       1.3886039231287406,              266.02035640404745,                  89.49435763935779,4674943.4784057215,0.7201477565660657, 4674944.198553478,1.8133365472888748e-10
               0.00080705180612,               0.06169706768239,               0.03919633692199,       10.07272173913495,                0.09771815958638,   84.0042737292843,          69.13912963998263,       1.3886039231287406,              266.02035640404745,                  89.49435763935779,4674943.4784057215,0.7201477565660657, 4674944.198553478,1.8530621169301036e-10
               0.00232241502203,               0.04985642843542,               0.04046131871287,       10.38272906151191,                0.09743083070713,  86.46321065894374,          66.98430986393103,       1.4033855466692842,                273.155887598052,                  85.59931968274738, 4674943.488454247,0.7125625615664515, 4674944.201016809,1.8438877856093808e-10
               0.00232241502203,               0.04985642843542,               0.04046131871287,       10.38272906151191,                0.09743083070713,  86.46321065894374,          66.98430986393103,       1.4033855466692842,                273.155887598052,                  85.59931968274738, 4674943.488454247,0.7125625615664515, 4674944.201016809,1.8531518847917715e-10
               0.00232241502203,               0.04985642843542,               0.04046131871287,       10.38272906151191,                0.09743083070713,  86.46321065894374,          66.98430986393103,       1.4033855466692842,                273.155887598052,                  85.59931968274738, 4674943.488454247,0.7125625615664515, 4674944.201016809,1.8531518847917715e-10
               0.00220067194313,               0.04804648750171,               0.05205334681307,        10.4297085103666,                0.10231113406541,  86.86755503970983,          72.79852042859952,       1.3697323252259213,               261.2520604363386,                  82.49034715656967, 4674943.489241112,0.7300696505319474, 4674944.219310762,1.8262113920385934e-10
                0.0029373580965,               0.05281461228235,               0.03186126245228,       10.09477192485463,                0.10145748963356,  85.49702765057826,          62.78484245436655,       1.3970990721917202,              284.52827653678935,                  80.56029080290983, 4674943.524648509,0.7157688526921966, 4674944.240417361,1.8505997161708552e-10
               0.00078627932041,                0.0467992072171,               0.03174349473354,       10.20003246964186,                0.10432723041011,  82.39773976547923,          66.97793148513998,       1.4158743265295541,              276.15324826497067,                  82.00886822785134, 4674943.596543722,0.7062773731134016, 4674944.302821095,   1.9438349396202e-10
               0.00078627932041,                0.0467992072171,               0.03174349473354,       10.20003246964186,                0.10432723041011,  82.39773976547923,          66.97793148513998,       1.4158743265295541,              276.15324826497067,                  82.00886822785134, 4674943.596543722,0.7062773731134016, 4674944.302821095,2.0136810699267994e-10
               0.00100186906599,               0.04651655486185,               0.03611442359276,        10.1428197701223,                0.10731764987735,  84.58810365960332,          66.94001685980204,       1.3304153497326716,               267.7013896847963,                  83.00851263495385, 4674943.673240356,0.7516449657627117, 4674944.424885322,2.0731056063587128e-10
               0.00344921828015,               0.05761632587493,               0.03684773439806,       10.08063700906551,                0.09931444824309,  84.29373953224588,          67.76805031198202,       1.3110649280490316,              270.02179042859404,                  79.26574956274834, 4674943.673412619,0.7627387313975968, 4674944.436151351, 2.142041980320162e-10
               0.00204452376957,               0.04897329950159,               0.03036734560837,       10.11233274810631,                0.10440385853423,   82.5400972866248,          64.33933601449573,       1.3503692657410682,               273.5797512586881,                   75.8925092494347, 4674943.716138618,   0.7405381811998, 4674944.456676799,2.1780921375854132e-10
                0.0014873831532,               0.04502811135653,               0.02730955197924,       10.12250876057685,                0.10504626824045,  85.89772718432016,          61.88685838066836,       1.4406034654572557,               281.9597795607669,                  85.37496470275691, 4674943.727280583,0.6941535432740294, 4674944.421434127, 2.225948494142705e-10
                0.0014873831532,               0.04502811135653,               0.02730955197924,       10.12250876057685,                0.10504626824045,  85.89772718432016,          61.88685838066836,       1.4406034654572557,               281.9597795607669,                  85.37496470275691, 4674943.727280583,0.6941535432740294, 4674944.421434127,2.2383490864744094e-10
                0.0014873831532,               0.04502811135653,               0.02730955197924,       10.12250876057685,                0.10504626824045,  85.89772718432016,          61.88685838066836,       1.4406034654572557,               281.9597795607669,                  85.37496470275691, 4674943.727280583,0.6941535432740294, 4674944.421434127,2.2383490864744094e-10
                0.0014873831532,               0.04502811135653,               0.02730955197924,       10.12250876057685,                0.10504626824045,  85.89772718432016,          61.88685838066836,       1.4406034654572557,               281.9597795607669,                  85.37496470275691, 4674943.727280583,0.6941535432740294, 4674944.421434127,2.2383490864744094e-10
               0.00050381121316,               0.05145951309408,               0.03282251640586,       10.35447405282608,                0.09949603547226,   84.4828843575664,          62.35999012369255,       1.4044612288731015,               274.5835840473201,                  87.87705201757203, 4674943.727308951,0.7120168071868888, 4674944.439325758,2.1938359431846533e-10
               0.00097229628984,               0.05948293372708,               0.04130202744644,        10.0774208035887,                0.09980547714525,  85.33731926643468,          65.22106804702244,        1.338257792493398,              273.32672421482357,                  76.33202777035125, 4674943.762376979,0.7472401846708718, 4674944.509617164, 2.221907259766598e-10
               0.00147471316768,               0.05113741231253,                0.0338861757446,       10.23356779333826,                0.10581532572896,  85.59567670610176,          65.29272409013052,       1.4421323487035234,              273.35133524614275,                  83.53693572810155, 4674943.827953467,0.6934176332005865,   4674944.5213711, 2.325847281455224e-10
               0.00147471316768,               0.05113741231253,                0.0338861757446,       10.23356779333826,                0.10581532572896,  85.59567670610176,          65.29272409013052,       1.4421323487035234,              273.35133524614275,                  83.53693572810155, 4674943.827953467,0.6934176332005865,   4674944.5213711,2.4020804128240597e-10
               0.00065300876123,               0.06331910005302,               0.04785306288788,       10.07214794998435,                0.10420279895739,  85.47353006550189,          71.97992141091729,         1.30942814643655,               260.2264479601729,                  89.24720557017577,   4674943.8341596,0.7636921527319989, 4674944.597851752, 2.385581707673984e-10
               0.00021418045182,               0.05498187238074,               0.03806035050614,       10.06679952422326,                0.10096207217848,  88.03740016109967,          64.93658730770733,       1.3768417236223036,                275.273481565939,                   88.6251890023151, 4674943.841066807,0.7262998955095007,4674944.5673667025, 2.389330676473573e-10
               0.00021418045182,               0.05498187238074,               0.03806035050614,       10.06679952422326,                0.10096207217848,  88.03740016109967,          64.93658730770733,       1.3768417236223036,                275.273481565939,                   88.6251890023151, 4674943.841066807,0.7262998955095007,4674944.5673667025,2.3975824442916534e-10
               0.00021418045182,               0.05498187238074,               0.03806035050614,       10.06679952422326,                0.10096207217848,  88.03740016109967,          64.93658730770733,       1.3768417236223036,                275.273481565939,                   88.6251890023151, 4674943.841066807,0.7262998955095007,4674944.5673667025,2.3975824442916534e-10
               0.00021418045182,               0.05498187238074,               0.03806035050614,       10.06679952422326,                0.10096207217848,  88.03740016109967,          64.93658730770733,       1.3768417236223036,                275.273481565939,                   88.6251890023151, 4674943.841066807,0.7262998955095007,4674944.5673667025,2.3975824442916534e-10
               0.00021418045182,               0.05498187238074,               0.03806035050614,       10.06679952422326,                0.10096207217848,  88.03740016109967,          64.93658730770733,       1.3768417236223036,                275.273481565939,                   88.6251890023151, 4674943.841066807,0.7262998955095007,4674944.5673667025,2.3975824442916534e-10
               0.00021418045182,               0.05498187238074,               0.03806035050614,       10.06679952422326,                0.10096207217848,  88.03740016109967,          64.93658730770733,       1.3768417236223036,                275.273481565939,                   88.6251890023151, 4674943.841066807,0.7262998955095007,4674944.5673667025,2.3975824442916534e-10
               0.00021418045182,               0.05498187238074,               0.03806035050614,       10.06679952422326,                0.10096207217848,  88.03740016109967,          64.93658730770733,       1.3768417236223036,                275.273481565939,                   88.6251890023151, 4674943.841066807,0.7262998955095007,4674944.5673667025,2.3975824442916534e-10
               0.00021418045182,               0.05498187238074,               0.03806035050614,       10.06679952422326,                0.10096207217848,  88.03740016109967,          64.93658730770733,       1.3768417236223036,                275.273481565939,                   88.6251890023151, 4674943.841066807,0.7262998955095007,4674944.5673667025,2.3975824442916534e-10
               0.00021418045182,               0.05498187238074,               0.03806035050614,       10.06679952422326,                0.10096207217848,  88.03740016109967,          64.93658730770733,       1.3768417236223036,                275.273481565939,                   88.6251890023151, 4674943.841066807,0.7262998955095007,4674944.5673667025,2.3975824442916534e-10
               0.00021418045182,               0.05498187238074,               0.03806035050614,       10.06679952422326,                0.10096207217848,  88.03740016109967,          64.93658730770733,       1.3768417236223036,                275.273481565939,                   88.6251890023151, 4674943.841066807,0.7262998955095007,4674944.5673667025,2.3975824442916534e-10
               0.00021418045182,               0.05498187238074,               0.03806035050614,       10.06679952422326,                0.10096207217848,  88.03740016109967,          64.93658730770733,       1.3768417236223036,                275.273481565939,                   88.6251890023151, 4674943.841066807,0.7262998955095007,4674944.5673667025,2.3975824442916534e-10
               0.00021418045182,               0.05498187238074,               0.03806035050614,       10.06679952422326,                0.10096207217848,  88.03740016109967,          64.93658730770733,       1.3768417236223036,                275.273481565939,                   88.6251890023151, 4674943.841066807,0.7262998955095007,4674944.5673667025,2.3975824442916534e-10
               0.00021418045182,               0.05498187238074,               0.03806035050614,       10.06679952422326,                0.10096207217848,  88.03740016109967,          64.93658730770733,       1.3768417236223036,                275.273481565939,                   88.6251890023151, 4674943.841066807,0.7262998955095007,4674944.5673667025,2.3975824442916534e-10
               0.00021418045182,               0.05498187238074,               0.03806035050614,       10.06679952422326,                0.10096207217848,  88.03740016109967,          64.93658730770733,       1.3768417236223036,                275.273481565939,                   88.6251890023151, 4674943.841066807,0.7262998955095007,4674944.5673667025,2.3975824442916534e-10
               0.00139032773175,               0.05711354671234,               0.04155433404026,       10.62987485016538,                0.10171164205237,  84.80718306040565,          67.91529699511847,       1.3361115308137954,              269.74096080548065,                  83.48675208358654, 4674943.866783528, 0.748440513338675, 4674944.615224041, 2.259640321917876e-10
                0.0007890361406,               0.04487498108651,               0.05259667022083,       10.32564534403458,                0.10560170094318,  87.88977835969585,           74.5990804084198,       1.4164996799343905,              259.62071540502654,                  84.55643734835057, 4674944.016005938,0.7059655672116482, 4674944.721971505,2.4605523224718386e-10
               0.00246992686925,               0.04679925103544,               0.02831810852721,       10.15173279045019,                0.10656641165611,  84.32775628925874,          67.48520606845604,       1.3967111484691135,              273.95254066561074,                  83.72166301251218, 4674944.137836181,0.7159676509320235, 4674944.853803831,2.8010601580427485e-10
               0.00025442805846,               0.04811504126628,               0.03499841006517,       10.40652747889124,                0.10597727314174,  84.25019451199645,          66.62545118126258,       1.4064997238862613,               263.9209573398499,                  78.78169902340072, 4674944.143658111,0.7109848534039716, 4674944.854642964, 2.965324811347707e-10
               0.00072200173886,               0.05039178470394,               0.03708333910599,       10.16313090467463,                0.09990146128978,  87.06877805582245,          65.36574282445642,       1.3405029881542192,               275.7978578893699,                  83.52719345378719, 4674944.146427249,0.7459886392173818, 4674944.892415888, 2.963263780922866e-10
               0.00164080814535,               0.04648642973261,               0.02877206970433,       10.31671734173137,                 0.1057146209124,  83.43718060965986,           63.4685000212339,       1.3854814481018392,               278.7558623124159,                  80.66030773345578,4674944.1994103035,0.7217707616150595, 4674944.921181065, 3.032931806238208e-10
               0.00022497716905,               0.05670611622286,               0.03959996709616,       10.13521052734986,                0.09324998439768,  85.77289590613184,          63.67257196319603,       1.3491018282118212,              278.01589601143746,                  83.89239824320492, 4674944.263226147,0.7412338928674188,  4674945.00446004, 3.199836659304473e-10
               0.00125413834277,               0.05454021508441,               0.02899593183364,       10.16688556540166,                0.10693216086152,  84.75847642153573,          62.44003646984807,       1.4004977912395513,               277.8064290840836,                  82.12644372174913, 4674944.275223194,0.7140318294361042, 4674944.989255023,3.3053014792774055e-10
               0.00125413834277,               0.05454021508441,               0.02899593183364,       10.16688556540166,                0.10693216086152,  84.75847642153573,          62.44003646984807,       1.4004977912395513,               277.8064290840836,                  82.12644372174913, 4674944.275223194,0.7140318294361042, 4674944.989255023,3.3251281705734775e-10
               0.00110777232829,               0.05238344984362,               0.04322731671561,       10.20239198616095,                0.10526204806201,  86.19411631216389,          69.15471066174291,       1.4242027249210816,              271.41390213329316,                  86.26141040178305,  4674944.27634273,0.7021472312204797,4674944.9784899615,3.2938861305507517e-10
               0.00110777232829,               0.05238344984362,               0.04322731671561,       10.20239198616095,                0.10526204806201,  86.19411631216389,          69.15471066174291,       1.4242027249210816,              271.41390213329316,                  86.26141040178305,  4674944.27634273,0.7021472312204797,4674944.9784899615, 3.295729942133148e-10
               0.00168323358763,               0.06049987992576,                0.0521443118475,       10.21748706334587,                0.09948420341383,  87.30334639999529,          73.63816743500345,        1.298374323778731,                261.376738075709,                  79.44704800861531, 4674944.288690747,0.7701939122530121, 4674945.058884659, 3.283206896222207e-10
               0.00168323358763,               0.06049987992576,                0.0521443118475,       10.21748706334587,                0.09948420341383,  87.30334639999529,          73.63816743500345,        1.298374323778731,                261.376738075709,                  79.44704800861531, 4674944.288690747,0.7701939122530121, 4674945.058884659, 3.303477187094265e-10
               0.00080605342498,               0.04575230346988,               0.03710647891118,       10.25413922303678,                 0.1034966016859,  86.96853945518876,          67.90632903763625,       1.3582644331642266,               270.0826673074703,                  84.90894106525496, 4674944.300095868,0.7362336637722228, 4674945.036329532,3.2893643617246606e-10
               0.00059682502178,                0.0576587258019,               0.03977059263556,       10.20536965772918,                0.09603949015298,  84.95661493270785,          67.45232595825061,       1.3776568850754993,              265.24422097288914,                  91.52221314078977, 4674944.325386456,0.7258701428731997, 4674945.051256599, 3.333818509168511e-10
                0.0007558557754,                0.0603536378106,               0.03763470052212,       10.37135848766391,                0.10668533276277,  82.95970234331966,          67.34087440986386,       1.3583304937842788,              268.06120499966363,                  85.09774479143526, 4674944.356283838,0.7361978580146736, 4674945.092481696,3.4118824170023713e-10
               0.00086497056373,                0.0620408333553,               0.03500560654752,       10.14846014175357,                0.10228706336613,  85.91808048559787,          67.61968843722543,       1.3715441590513189,              272.28115132272114,                  84.58348514866853,   4674944.3614156,0.7291052157530884, 4674945.090520816,3.4562188168351044e-10
               0.00185558390946,               0.04963163928998,               0.02504445934563,       10.09412197847361,                0.09827729331973,  83.57664874620855,          63.44809676631434,       1.4055489759829374,              279.64841898187694,                  85.54083411552999, 4674944.378078179,0.7114657810487705,  4674945.08954396, 3.476813473388105e-10
               0.00095027052569,               0.05535720289915,                0.0383912443401,       10.13995665702845,                0.09840683461576,   86.1357924338784,          66.64580652871966,        1.419051827261863,              277.38092112363813,                  88.14736680859515, 4674944.388028093,0.7046958967873315,  4674945.09272399,3.5057784081800944e-10
                0.0009414100872,               0.05372639686822,               0.03436489171802,       10.32258643343102,                0.09799114536518,  85.77831101928568,          62.66658454161131,       1.3979188644146523,               279.3948693192311,                  87.30051458332133, 4674944.388086254,0.7153490989040541, 4674945.103435352, 3.505792852616627e-10
               0.00091985504954,               0.05555197196044,               0.02882369200825,       10.16325210146223,                0.10693636574683,  83.56824448314268,           63.8498949925972,       1.3395214837598564,              273.20011435558104,                  82.90787396537421, 4674944.474704781,0.7465352457006772, 4674945.221240026, 3.646271199034391e-10
               0.00203015678045,               0.05438333354512,                0.0398372907992,       10.38196808210656,                0.09986239181582,  86.82688967076804,           67.3903323173115,        1.349690759420278,              273.71537812868166,                  83.03881056816411, 4674944.493865484,0.7409104589480349, 4674945.234775944, 3.821776885036142e-10
               0.00051527950871,               0.05119994965357,                0.0268385581049,       10.20946937218904,                0.09560021254132,  84.83554211037145,          61.41919153614414,       1.3703239080129987,              278.90540011076314,                  81.40387408382766, 4674944.511623587,0.7297544720284587,  4674945.24137806, 3.873586636206848e-10
                0.0003049545223,               0.05305667929733,               0.02976168047474,       10.36079616902228,                0.10673027058047,  83.85145506466775,          66.94911334931982,       1.3357707210647656,               265.0509740348934,                  81.30080639588572,  4674944.51746918, 0.748631471127682, 4674945.266100651, 3.899935508230388e-10
                0.0003049545223,               0.05305667929733,               0.02976168047474,       10.36079616902228,                0.10673027058047,  83.85145506466775,          66.94911334931982,       1.3357707210647656,               265.0509740348934,                  81.30080639588572,  4674944.51746918, 0.748631471127682, 4674945.266100651, 3.911334191791903e-10
                 4.54464256e-06,               0.05215634614609,               0.03756539462901,       10.07839062642916,                0.11387446448803,  85.17513860070085,          70.47936518818281,       1.4084597650341528,              257.15813416820026,                  88.89061342927288, 4674944.535078265,0.7099954324756672,4674945.2450736975,  3.90681224754042e-10
               0.00247449116256,               0.06226152654728,               0.03833054111095,       10.17080754047955,                0.09834914170968,  85.24186841887285,          65.04842896444805,        1.364368537454529,              276.87942977959887,                  80.74278613707801, 4674944.576077835,0.7329397978244772, 4674945.309017632,   4.0036638040032e-10
               0.00117520838307,               0.06735399988916,               0.03962062488967,       10.08142378710798,                0.10492319172059,   84.4774855114718,          69.32951401317482,        1.347359386642253,               267.7786896239136,                  83.61414953717397,  4674944.58398291, 0.742192476568627, 4674945.326175387, 4.081531881217829e-10
               0.00038411260518,               0.05985784399253,               0.04057791541705,       10.09802087653912,                0.09751690441292,  85.62002647580195,          67.11306817978353,       1.2787519486514445,              268.55084937976903,                  75.23410996454591, 4674944.590260276, 0.782012493552473, 4674945.372272769, 4.090115350346771e-10
               0.00200779631097,               0.05659391837124,               0.03440992445774,       10.32648861618853,                0.10228840442835,  86.40226358392455,          64.94303421285167,       1.3934966914597893,               272.9065623462588,                  85.79701526590911, 4674944.598216144,0.7176192136864187, 4674945.315835358, 4.098845032128633e-10
                 0.000162591548,               0.05262668754805,               0.04293605077934,       10.14141934510434,                0.10688570420283,  84.79832801642496,          71.33699642433504,       1.3636938085423438,              265.95820225619184,                  74.78248322622423, 4674944.607961697,0.7333024420407854, 4674945.341264139, 4.114726482076067e-10
                 0.000162591548,               0.05262668754805,               0.04293605077934,       10.14141934510434,                0.10688570420283,  84.79832801642496,          71.33699642433504,       1.3636938085423438,              265.95820225619184,                  74.78248322622423, 4674944.607961697,0.7333024420407854, 4674945.341264139,4.1347764638103263e-10
                 0.000162591548,               0.05262668754805,               0.04293605077934,       10.14141934510434,                0.10688570420283,  84.79832801642496,          71.33699642433504,       1.3636938085423438,              265.95820225619184,                  74.78248322622423, 4674944.607961697,0.7333024420407854, 4674945.341264139,4.1347764638103263e-10
                 0.000162591548,               0.05262668754805,               0.04293605077934,       10.14141934510434,                0.10688570420283,  84.79832801642496,          71.33699642433504,       1.3636938085423438,              265.95820225619184,                  74.78248322622423, 4674944.607961697,0.7333024420407854, 4674945.341264139,4.1347764638103263e-10
               0.00108150671178,                0.0468210464797,               0.02736358377425,       10.37362461999441,                0.10301571424202,  82.64375698500788,          65.73161168583636,        1.393286453698029,               266.6557254189708,                  81.79326988306195, 4674944.626701228,0.7177274977057467,4674945.3444287265,4.0908212705507786e-10
               0.00177802955774,               0.05607432566607,               0.02980581409147,       10.10003541594347,                0.10316860241655,  83.82897351763464,          67.31836584504848,       1.3554784724573046,              269.67733890113766,                  80.56434262236752, 4674944.672534706, 0.737746869699178, 4674945.410281576,4.2049541182304907e-10
               0.00177802955774,               0.05607432566607,               0.02980581409147,       10.10003541594347,                0.10316860241655,  83.82897351763464,          67.31836584504848,       1.3554784724573046,              269.67733890113766,                  80.56434262236752, 4674944.672534706, 0.737746869699178, 4674945.410281576, 4.301301090079006e-10
               0.00177802955774,               0.05607432566607,               0.02980581409147,       10.10003541594347,                0.10316860241655,  83.82897351763464,          67.31836584504848,       1.3554784724573046,              269.67733890113766,                  80.56434262236752, 4674944.672534706, 0.737746869699178, 4674945.410281576, 4.301301090079006e-10
               0.00077569440924,               0.05459842476732,               0.03642782480661,       10.49960202103776,                0.10185863046275,  86.12906176320949,          65.36234618309643,       1.4017975568654042,              271.19210739786627,                  83.08391659477302,  4674944.96103131, 0.713369769480927, 4674945.674401079, 4.945588100676547e-10
               0.00214153986971,               0.06198382378807,               0.04359469987575,       10.20292203135393,                0.10402666054868,  84.88018237589074,           70.0227249994069,       1.3089510495561918,               265.1875873515228,                  77.28942477187645, 4674945.188787406,0.7639705093166443,4674945.9527579155,  6.34544306273033e-10
               0.00025417675428,               0.04861852943236,               0.03497763790474,       10.40149140100076,                0.10620249399138,   84.3406578856406,           66.7095835577727,       1.4051786698761777,              263.90980709179945,                  78.97551086393231, 4674945.223764215,0.7116532733080261, 4674945.935417488, 7.154908421050948e-10
               0.00068160890737,               0.05568146313208,               0.02765423531664,       10.19530988542147,                0.10555035773347,  82.01393830237741,          65.39613299578386,       1.3703717011744831,              274.32551730974933,                  78.85500544527561, 4674945.297391145,0.7297290210699371,4674946.0271201655, 7.520536586351489e-10
               0.00053285621221,               0.04821929776555,               0.03537598570178,       10.31065769554516,                 0.0996857566911,  87.06904555777062,          65.43736353031308,       1.4182979948810617,               277.8328814625028,                  87.55611139306691, 4674945.307351947,0.7050704461327677, 4674946.012422393, 7.797309624308408e-10
                0.0035756740527,               0.04833656713859,               0.03688062343834,       10.32287881816701,                0.10560946611991,  84.76869250113381,          68.83329367005393,       1.3793549719422538,               265.4412339165831,                  80.41214090702772, 4674945.434716391,0.7249765436317757, 4674946.159692935, 8.326704651269026e-10
                0.0035756740527,               0.04833656713859,               0.03688062343834,       10.32287881816701,                0.10560946611991,  84.76869250113381,          68.83329367005393,       1.3793549719422538,               265.4412339165831,                  80.41214090702772, 4674945.434716391,0.7249765436317757, 4674946.159692935,  8.85625205805528e-10
               0.00201213180888,               0.05479607388972,               0.05151563648724,       10.06958735080833,                0.10408058507615,  86.62626441499675,          72.76170296455523,       1.2978757681957467,               260.0641338556826,                   76.8412769091497, 4674945.488750484, 0.770489768362159, 4674946.259240252, 9.011536009668476e-10
               0.00089485697566,               0.05563460386885,               0.03563251641333,       10.08981868873742,                0.09893664275425,  87.23951770203644,           63.7804179782526,        1.360077312447907,               279.4292150582048,                  85.33419180006041, 4674945.508524835,0.7352523204729963, 4674946.243777156,   9.3008535677782e-10
               0.00146227900988,               0.04936550117227,                 0.030102551375,        10.1145173094946,                0.10709017218616,  83.69230658972457,          64.70540607736477,       1.3586127948561473,              267.65893209464366,                  85.67892199075322, 4674945.553726879,0.7360448862148998,4674946.2897717655,  9.56215707381966e-10
               0.00153374206674,               0.05778408211223,                0.0370100883789,       10.08733601005286,                0.09706167842605,  86.00575784785556,          66.14087570798874,        1.348429958074678,              279.05334054566674,                   81.8760931987802, 4674945.582812212,0.7416032208508813, 4674946.324415433, 9.873158809736697e-10
               0.00063164039989,               0.05496376772902,               0.03696401233744,       10.24742128213933,                0.10358943216402,  85.68760607035351,          69.75965314374275,       1.3449661082857511,                267.379331864915,                  82.14429251567633, 4674945.600255345,0.7435131590598715, 4674946.343768504,1.0054585772242096e-09
               0.00063164039989,               0.05496376772902,               0.03696401233744,       10.24742128213933,                0.10358943216402,  85.68760607035351,          69.75965314374275,       1.3449661082857511,                267.379331864915,                  82.14429251567633, 4674945.600255345,0.7435131590598715, 4674946.343768504,1.0142275289518398e-09
               0.00063164039989,               0.05496376772902,               0.03696401233744,       10.24742128213933,                0.10358943216402,  85.68760607035351,          69.75965314374275,       1.3449661082857511,                267.379331864915,                  82.14429251567633, 4674945.600255345,0.7435131590598715, 4674946.343768504,1.0142275289518398e-09
               0.00063164039989,               0.05496376772902,               0.03696401233744,       10.24742128213933,                0.10358943216402,  85.68760607035351,          69.75965314374275,       1.3449661082857511,                267.379331864915,                  82.14429251567633, 4674945.600255345,0.7435131590598715, 4674946.343768504,1.0142275289518398e-09
               0.00063164039989,               0.05496376772902,               0.03696401233744,       10.24742128213933,                0.10358943216402,  85.68760607035351,          69.75965314374275,       1.3449661082857511,                267.379331864915,                  82.14429251567633, 4674945.600255345,0.7435131590598715, 4674946.343768504,1.0142275289518398e-09
               0.00075701986739,               0.04697344998038,               0.03302510235495,       10.07225938051218,                0.10580950933998,  82.73883185052449,           67.9030025799043,       1.4329009685815763,               275.0651328923126,                  83.12538082427632, 4674945.606489078,0.6978849354745684, 4674946.304374014, 9.920901912723006e-10
               0.00141437865862,               0.05132764196635,               0.04057830764702,       10.24832153567307,                0.10440414101953,  86.69812890961765,          66.80976024810289,       1.4094708022939122,              268.43242258933526,                  84.85653064493992, 4674945.657764081, 0.709486140736297, 4674946.367250222,1.0162804209874013e-09
               0.00132285978265,               0.04591449789358,               0.04393266646243,       10.28933954670344,                0.10047288404511,  85.85716793736478,          68.55017365112475,       1.3752078869635795,               269.9650964850929,                  82.98850465457832, 4674945.688318396,0.7271627871535641, 4674946.415481183,1.0532330415153843e-09
               0.00154830576554,               0.04267548717276,               0.03297895594191,       10.34033468108065,                0.10757006129099,   83.5966273122452,          68.07981750018148,       1.4159798647279518,              270.78177964751205,                  83.03400870398482, 4674945.694656888,0.7062247316575558,  4674946.40088162,1.0673849800756682e-09
               0.00405228265731,               0.05171613537175,               0.03572892264629,       10.09348079528296,                0.10464655745359,  84.79584124897552,          67.34409037292595,       1.3269659068208617,               269.2588384110418,                  78.76264534545427, 4674945.698968561,0.7535988640399925, 4674946.452567426,1.0677424463747997e-09
               0.00405228265731,               0.05171613537175,               0.03572892264629,       10.09348079528296,                0.10464655745359,  84.79584124897552,          67.34409037292595,       1.3269659068208617,               269.2588384110418,                  78.76264534545427, 4674945.698968561,0.7535988640399925, 4674946.452567426,1.0700443213061796e-09
               0.00142461865357,               0.04594229245678,               0.03885977363677,       10.07819671927926,                 0.1006392229913,  84.81181149266759,           66.2008935032729,       1.3647789920860398,                276.163401398631,                  81.88562091585968, 4674945.724050682,0.7327193676036281, 4674946.456770049,1.0728510990085877e-09
               0.00072534374342,               0.05308394100294,               0.02589454088706,       10.23421913448683,                0.10262568031576,  83.21027175939551,          65.45774790721993,       1.3798050402571884,              272.82193692094086,                   85.6889318134759,  4674945.77640578,0.7247400689401782, 4674946.501145849,1.1099497081091433e-09
               0.00059220103196,               0.04216216026086,               0.03401841177182,       10.19865478918228,                0.10601551696209,  86.54628934347326,          66.61421035986473,       1.3827679019829584,              272.84651684382646,                  82.20865321863509, 4674945.781299719,0.7231871658041454, 4674946.504486885, 1.136112201275473e-09
               0.00119849498918,               0.04529852917472,               0.03632332519221,       10.32603523992032,                0.10446120367507,   84.4767136544496,          66.33169251940203,        1.410415640629998,              274.30699473638805,                  87.46227486565022, 4674945.786574784,0.7090108555186786, 4674946.495585639,1.1362229153643194e-09
               0.00347397782576,               0.04928334351788,               0.04150094488637,       10.28440578235259,                0.10266373218801,  85.28493771404078,           69.1830568688471,       1.3846596718555138,               264.5105617192325,                    88.398968056664, 4674945.798476042,0.7221991225179177, 4674946.520675165,  1.14033761945754e-09
               0.00347397782576,               0.04928334351788,               0.04150094488637,       10.28440578235259,                0.10266373218801,  85.28493771404078,           69.1830568688471,       1.3846596718555138,               264.5105617192325,                    88.398968056664, 4674945.798476042,0.7221991225179177, 4674946.520675165, 1.147123265731842e-09
               0.00347397782576,               0.04928334351788,               0.04150094488637,       10.28440578235259,                0.10266373218801,  85.28493771404078,           69.1830568688471,       1.3846596718555138,               264.5105617192325,                    88.398968056664, 4674945.798476042,0.7221991225179177, 4674946.520675165, 1.147123265731842e-09
                0.0015650057148,                0.0466567342492,               0.03063435188104,       10.08941622851025,                 0.1040256718419,  84.50396770719965,          65.39116091928169,       1.3688734969106662,              279.83533066048614,                  80.91082603206559, 4674945.850773417,0.7305276946751061, 4674946.581301112,1.1603363827086661e-09
               0.00045493923775,               0.04244378717607,               0.04386113160415,       10.10253585470657,                0.09960133584831,  85.88209318497806,          70.42529087628631,       1.3856508989220724,              269.37209976713166,                  84.65452986184829, 4674945.903470488,0.7216824964916643, 4674946.625152985,1.2168005023604053e-09
               0.00204821051259,               0.04965887135523,                0.0313081699444,       10.06614932724441,                0.09848460761284,  86.14304554325344,          64.10626091606088,       1.4175163292661102,              271.69264302576295,                   87.6658683488198, 4674945.923603091,0.7054592454097015, 4674946.629062337,1.2552763557659616e-09
               0.00030779796129,               0.04109238576157,               0.04171960689137,       10.45229244312152,                0.10427998206199,   86.2296795737735,          70.92082781111796,       1.3931740838876876,              262.10515164132346,                  83.52292552751861,  4674945.97100746,0.7177853877452807, 4674946.688792847,1.2922267627989288e-09
               0.00084527758384,               0.04834893711618,               0.02563466958204,       10.29215772663709,                0.10629490248269,  82.09212293187332,          66.41337528419137,       1.4093331576394206,              266.34850063550437,                   86.2928986009863, 4674946.016894104,0.7095554337733471, 4674946.726449538, 1.347171449220756e-09
               0.00084527758384,               0.04834893711618,               0.02563466958204,       10.29215772663709,                0.10629490248269,  82.09212293187332,          66.41337528419137,       1.4093331576394206,              266.34850063550437,                   86.2928986009863, 4674946.016894104,0.7095554337733471, 4674946.726449538, 1.378074615980223e-09
               0.00169249420031,                0.0499049736257,               0.03112934630628,        10.1182094511024,                0.10586330850345,  84.11944423553652,           65.3648387251694,       1.4021618384990284,               273.8217308841067,                  92.27958025931736, 4674946.037290017,0.7131844360209301, 4674946.750474453,1.3784189999593591e-09
               0.00209333798553,               0.05712430651118,                0.0362985657108,        10.0386016623838,                0.10085592967899,  86.46641835738689,          68.23263059672469,       1.3382987861135893,               268.4585475958601,                  82.39960955201408,  4674946.06242581,0.7472172958506473, 4674946.809643106, 1.403181948205305e-09
               0.00152239796431,                0.0508587933468,               0.03205314192772,       10.43505056350673,                0.09778687736657,   85.1122719161997,          63.27123163972484,       1.3925270764934559,               275.6072547224999,                  83.24650743470706, 4674946.161447329,0.7181188911012887, 4674946.879566221,1.4873258489975367e-09
               0.00152239796431,                0.0508587933468,               0.03205314192772,       10.43505056350673,                0.09778687736657,   85.1122719161997,          63.27123163972484,       1.3925270764934559,               275.6072547224999,                  83.24650743470706, 4674946.161447329,0.7181188911012887, 4674946.879566221, 1.560904370353181e-09
               0.00152239796431,                0.0508587933468,               0.03205314192772,       10.43505056350673,                0.09778687736657,   85.1122719161997,          63.27123163972484,       1.3925270764934559,               275.6072547224999,                  83.24650743470706, 4674946.161447329,0.7181188911012887, 4674946.879566221, 1.560904370353181e-09
               0.00181039578475,               0.04696088074942,                0.0365428740594,       10.04929595220141,                0.09775453237107,  85.74516435770079,          64.96187497872515,       1.4074029423869596,               278.1914117663989,                   88.5155243316337, 4674946.173211168,0.7105285699516849, 4674946.883739738,1.5467047766872749e-09
               0.00253853826596,               0.05314303533102,               0.03755706276203,       10.13297049095144,                0.10315804074148,  84.53479030985774,          66.34248914133858,       1.4011273322213105,              273.41451928774313,                  91.33786954511547, 4674946.186730064, 0.713711007560338, 4674946.900441072, 1.558597050839047e-09
               0.00071183267727,               0.04841337834698,               0.04375640534802,       10.33596495154015,                 0.1013397937128,  86.69417544100828,          67.85660083424531,       1.3604319138709573,               270.8606772527095,                  82.59559059165869, 4674946.196567451,0.7350606743373224, 4674946.931628125,1.5690430979631663e-09
               0.00195001524288,               0.05718575617685,               0.04288678933377,       10.14461057884392,                0.09858226464139,   87.4483910087228,          67.45422258770213,       1.3265007295559548,              272.19392467816397,                  80.75525415809773, 4674946.225927625,0.7538631360834225, 4674946.979790761,1.5922893664691136e-09
               0.00195001524288,               0.05718575617685,               0.04288678933377,       10.14461057884392,                0.09858226464139,   87.4483910087228,          67.45422258770213,       1.3265007295559548,              272.19392467816397,                  80.75525415809773, 4674946.225927625,0.7538631360834225, 4674946.979790761,1.6156626335941328e-09
               0.00195001524288,               0.05718575617685,               0.04288678933377,       10.14461057884392,                0.09858226464139,   87.4483910087228,          67.45422258770213,       1.3265007295559548,              272.19392467816397,                  80.75525415809773, 4674946.225927625,0.7538631360834225, 4674946.979790761,1.6156626335941328e-09
               0.00258167406439,               0.05227197499927,               0.03980816618657,       10.06739106499017,                0.10149507390804,  84.99876472167259,          68.66959001704558,       1.3193867486150337,              266.72222283992767,                  74.00492062572273, 4674946.277537303, 0.757927879031455, 4674947.035465182, 1.633696177634865e-09
               0.00070488599921,               0.04571070371565,               0.03749056827284,       10.09047303993994,                 0.1067578143377,  87.32409124593198,           69.7412425077373,         1.37490610172946,               267.8246542397812,                  78.97911043285423, 4674946.300050419,0.7273223958655249, 4674947.027372815,1.6864898248270311e-09
               0.00296392555506,                0.0545859343708,               0.03846775749902,       10.02702861920016,                  0.104039238307,  84.53532126575229,          68.17921070530936,       1.3070660427754563,              266.30271501367264,                   81.1724648414479,  4674946.32008183, 0.765072281945735, 4674947.085154112,1.7141560618011726e-09
               0.00130364781495,               0.05052221948999,               0.04291796417154,       10.23469127441289,                0.09980871538601,  86.68145379694836,          67.14253702332059,        1.363391490432554,              273.80056769038316,                  84.35004554299805, 4674946.424589045,0.7334650443525482,  4674947.15805409,1.8176002399075889e-09
               0.00130364781495,               0.05052221948999,               0.04291796417154,       10.23469127441289,                0.09980871538601,  86.68145379694836,          67.14253702332059,        1.363391490432554,              273.80056769038316,                  84.35004554299805, 4674946.424589045,0.7334650443525482,  4674947.15805409, 1.912490061711998e-09
               0.00130364781495,               0.05052221948999,               0.04291796417154,       10.23469127441289,                0.09980871538601,  86.68145379694836,          67.14253702332059,        1.363391490432554,              273.80056769038316,                  84.35004554299805, 4674946.424589045,0.7334650443525482,  4674947.15805409, 1.912490061711998e-09
               0.00133468876821,               0.06319343803093,               0.03956856689217,       10.03756149633306,                 0.0974276640759,   84.3583993828681,          66.69722798720966,       1.3338217768126068,              264.97838790447827,                  80.23127589252418, 4674946.434181611,0.7497253511557365, 4674947.183906962, 1.893024847029194e-09
                0.0001199798229,               0.03961665123946,                0.0224899555304,       10.01193564506614,                0.10607088745015,  83.07239163254648,          63.27986014340006,       1.4303636389194674,              278.34283347550877,                  83.04299529746424, 4674946.444098604,0.6991229172711808, 4674947.143221521, 1.902072396471429e-09
               0.00204005963905,               0.06763805037877,               0.04693998814269,       10.07713575030655,                0.09767599046158,  86.46599788085055,          69.01431373168035,       1.3208857629636785,              268.56017557536376,                  81.89733059541268, 4674946.454235655,0.7570677404806715, 4674947.211303396,1.9116831007290947e-09
                8.329950254e-05,                0.0479485993877,                0.0380922185715,       10.13513314077299,                0.10650903313971,  85.26975473055946,          66.86798404510466,       1.3755073740776678,               275.6683865562525,                  78.37758890242057, 4674946.464056975,0.7270044631135036, 4674947.191061438, 1.921247884490645e-09
               0.00034322390121,               0.04746066165937,               0.03577665591178,       10.11990468253098,                 0.1061123165023,  85.54266235787384,          69.10970676104827,       1.3515672096661913,               271.1584777416364,                  83.50216286340239, 4674946.486173552,0.7398818148651143, 4674947.226055367,1.9425575045639727e-09
               0.00034322390121,               0.04746066165937,               0.03577665591178,       10.11990468253098,                 0.1061123165023,  85.54266235787384,          69.10970676104827,       1.3515672096661913,               271.1584777416364,                  83.50216286340239, 4674946.486173552,0.7398818148651143, 4674947.226055367, 1.964037991134415e-09
               0.00049723178583,               0.04548646375698,               0.03717200689876,       10.18970135448396,                 0.1126704976609,  85.13954155872328,          69.60894921316626,       1.4362946922490334,               267.8592043518935,                  90.61791826307444,4674946.5571872555,0.6962359503216865, 4674947.253423206,2.0160488037116387e-09
               0.00241312660879,                0.0444937781875,               0.02817766112495,       10.18160788989264,                0.10438654490036,  85.04143027466702,          65.96484138956535,        1.419237718280994,              269.84486450241144,                   85.8354960467212, 4674946.631883192,0.7046035960848178, 4674947.336486788,2.1577669635213205e-09
               0.00241312660879,                0.0444937781875,               0.02817766112495,       10.18160788989264,                0.10438654490036,  85.04143027466702,          65.96484138956535,        1.419237718280994,              269.84486450241144,                   85.8354960467212, 4674946.631883192,0.7046035960848178, 4674947.336486788, 2.238317726290021e-09
               0.00241312660879,                0.0444937781875,               0.02817766112495,       10.18160788989264,                0.10438654490036,  85.04143027466702,          65.96484138956535,        1.419237718280994,              269.84486450241144,                   85.8354960467212, 4674946.631883192,0.7046035960848178, 4674947.336486788, 2.238317726290021e-09
               0.00181200991217,               0.04653365196314,               0.03010708549229,       10.23902912487781,                0.10930856704873,  83.11011166137355,          66.15819394475402,       1.3768810941238878,              273.43564666628043,                  84.29799426567055, 4674946.653298618,0.7262791277095005, 4674947.379577746,2.2287741605530305e-09
               0.00024337652779,               0.05426075211554,               0.03490699746082,       10.03228362616007,                0.09933741208799,  85.84115645584401,          63.08934683358136,       1.4160786238270577,               280.1188769974834,                  80.83676783405093, 4674946.758498907,0.7061754786591056, 4674947.464674386,2.3657556173635142e-09
               0.00024337652779,               0.05426075211554,               0.03490699746082,       10.03228362616007,                0.09933741208799,  85.84115645584401,          63.08934683358136,       1.4160786238270577,               280.1188769974834,                  80.83676783405093, 4674946.758498907,0.7061754786591056, 4674947.464674386,2.4900800655688198e-09
               0.00137386484957,               0.04763359564992,                0.0350998846475,       10.39124810543632,                 0.1024219253249,   85.7540516153422,          64.27058698250413,       1.3829201134533353,               274.8059700478421,                  84.52889702782176, 4674946.838804933,0.7231075680162515, 4674947.561912501,2.5683757881898333e-09
               0.00300836744997,               0.05858625830423,               0.03500454864271,       10.00225706600994,                 0.1067829298568,   85.9381588172323,           65.4069011893013,       1.3657109070725781,              275.51530339416837,                  85.09160022789042, 4674946.851387418,0.7322193846599022, 4674947.583606803, 2.674986404132919e-09
               0.00058496734626,               0.04855662259816,               0.03229561325564,        10.6748308658536,                0.10690088336676,   84.4682097232188,          66.75907312846513,       1.4294804827462657,               269.1917525695202,                  85.94382587737526, 4674946.931795066,0.6995548467222417, 4674947.631349913, 2.790553572753131e-09
               0.00058496734626,               0.04855662259816,               0.03229561325564,        10.6748308658536,                0.10690088336676,   84.4682097232188,          66.75907312846513,       1.4294804827462657,               269.1917525695202,                  85.94382587737526, 4674946.931795066,0.6995548467222417, 4674947.631349913,2.9026840898823443e-09
               0.00058496734626,               0.04855662259816,               0.03229561325564,        10.6748308658536,                0.10690088336676,   84.4682097232188,          66.75907312846513,       1.4294804827462657,               269.1917525695202,                  85.94382587737526, 4674946.931795066,0.6995548467222417, 4674947.631349913,2.9026840898823443e-09
               0.00076480225708,               0.04561496644431,               0.03252335926957,        10.1594196377702,                0.10286109898255,  83.32559743517321,          66.06829943073483,        1.339079524104571,               271.5131032435526,                  80.71014472594031, 4674946.974630929,0.7467816376840576,4674947.7214125665,2.9219326328330783e-09
               0.00076480225708,               0.04561496644431,               0.03252335926957,        10.1594196377702,                0.10286109898255,  83.32559743517321,          66.06829943073483,        1.339079524104571,               271.5131032435526,                  80.71014472594031, 4674946.974630929,0.7467816376840576,4674947.7214125665, 2.984504818083544e-09
               0.00076480225708,               0.04561496644431,               0.03252335926957,        10.1594196377702,                0.10286109898255,  83.32559743517321,          66.06829943073483,        1.339079524104571,               271.5131032435526,                  80.71014472594031, 4674946.974630929,0.7467816376840576,4674947.7214125665, 2.984504818083544e-09
               0.00076480225708,               0.04561496644431,               0.03252335926957,        10.1594196377702,                0.10286109898255,  83.32559743517321,          66.06829943073483,        1.339079524104571,               271.5131032435526,                  80.71014472594031, 4674946.974630929,0.7467816376840576,4674947.7214125665, 2.984504818083544e-09
                  0.00130301954,               0.06178010772012,               0.03998106269154,       10.06016437007528,                0.10152635525847,   83.3914825024161,          69.98104155125061,       1.3463624470447737,              267.65497500130346,                  87.65434309845944, 4674947.155333077,0.7427420470579604, 4674947.898075123,3.2147829840759457e-09
                0.0004410725506,               0.05582259437585,                0.0360488366952,       10.43563698321615,                0.10337306468024,  85.72046545289768,          66.67626277514998,       1.3269537980214983,               266.0956777953979,                  80.91056941949884, 4674947.199375437,0.7536057408261013, 4674947.952981178,3.5655235328277237e-09
               0.00227089880543,               0.04877703055273,               0.04494197792821,       10.10185562821804,                0.10238215205546,  86.37156735193864,          73.03531707900112,        1.353417838237362,              260.67416014197414,                  81.88153134475043, 4674947.228005462,0.7388701195946704, 4674947.966875582,3.6785533298344675e-09
               0.00011003486212,                0.0474166231519,               0.03486241005389,       10.26610152608149,                0.09880335579587,  85.01740188490848,           64.8081117475721,       1.3352088430359461,              271.91554978931754,                  80.27090970895743,4674947.2315118015,0.7489465076685972, 4674947.980458309,3.7191653666946925e-09
               0.00206380987304,               0.05354595760572,               0.03328081136546,       10.00991539129887,                0.10473583021197,  84.57330485807198,          65.28093931590871,       1.4276991848503262,               278.6027132588015,                   90.8459077224527, 4674947.240304721,0.7004276605402949, 4674947.940732381, 3.723520138039461e-09
                0.0012386904649,               0.05289264050091,               0.04525128386544,       10.27405106462721,                0.09969420529854,  84.31869610209858,          70.36714451503492,       1.3807918305877573,               265.2476386892409,                  89.29633714650542, 4674947.245791809,0.7242221295402169, 4674947.970013938, 3.731521484644519e-09
                0.0024221108031,               0.05149629362854,               0.04419531121033,       10.34506288260292,                0.10385364876568,  86.79622655816978,           70.3094260331529,       1.3358019770596712,               265.6556193859109,                  79.64070921901698, 4674947.325916258,0.7486139541439901, 4674948.074530212,3.8784391639226725e-09
                0.0024221108031,               0.05149629362854,               0.04419531121033,       10.34506288260292,                0.10385364876568,  86.79622655816978,           70.3094260331529,       1.3358019770596712,               265.6556193859109,                  79.64070921901698, 4674947.325916258,0.7486139541439901, 4674948.074530212,4.0337349896890355e-09
                0.0024221108031,               0.05149629362854,               0.04419531121033,       10.34506288260292,                0.10385364876568,  86.79622655816978,           70.3094260331529,       1.3358019770596712,               265.6556193859109,                  79.64070921901698, 4674947.325916258,0.7486139541439901, 4674948.074530212,4.0337349896890355e-09
                0.0024221108031,               0.05149629362854,               0.04419531121033,       10.34506288260292,                0.10385364876568,  86.79622655816978,           70.3094260331529,       1.3358019770596712,               265.6556193859109,                  79.64070921901698, 4674947.325916258,0.7486139541439901, 4674948.074530212,4.0337349896890355e-09
               0.00046716518757,               0.05092018956565,               0.03178939475833,       10.12521523876765,                0.09861325929359,  84.78125885914785,          62.14562499515692,       1.3405068788151975,              278.86097494927304,                  78.34686160375836, 4674947.443979565,0.7459864740745282, 4674948.189966039, 4.201176370111274e-09
               0.00184540600935,               0.05795824431824,               0.04028004028651,       10.04686326942627,                0.10037553098324,   86.0441246410957,          67.70381996735578,       1.3191321736958137,              263.73405753885004,                   77.8195587223132, 4674947.548690133,0.7580741490053261, 4674948.306764281, 4.671090357341535e-09
               0.00107154674183,               0.04598709012161,               0.02662267215319,       10.14692825888752,                0.10304283786565,  85.05062144483851,          61.18714842728988,       1.4037005439112928,              279.33710810499065,                  82.27683470925537, 4674947.561966578,0.7124026590554596, 4674948.274369237, 4.923652392872834e-09
                0.0001421309857,               0.04556968079003,               0.03090574212102,       10.05354360733006,                0.11159350554909,  83.02041062834984,          67.21071888773551,        1.338572411477487,               264.3398698966069,                  79.24086719428918, 4674947.740730388,0.7470645528217795, 4674948.487794941, 5.414336913219635e-09
               0.00107197710196,               0.05273168854143,               0.04345177178839,       10.29632027496622,                0.10639576186075,  85.53474150769472,          71.88818688865896,       1.3328061523405352,               258.9354992663784,                  77.77309095693745, 4674947.807784762,0.7502966566022405, 4674948.558081419,  6.07112937426985e-09
               0.00107197710196,               0.05273168854143,               0.04345177178839,       10.29632027496622,                0.10639576186075,  85.53474150769472,          71.88818688865896,       1.3328061523405352,               258.9354992663784,                  77.77309095693745, 4674947.807784762,0.7502966566022405, 4674948.558081419, 6.274601029435101e-09
               0.00042502467921,               0.04754875134348,               0.03096298179477,       10.26427886091072,                0.10320119138162,    84.419009036214,          66.83266992671525,       1.3748217151914897,              273.23990079772193,                  76.66628545939163, 4674947.818986853,0.7273670389041802,4674948.5463538915, 6.247157438032809e-09
               0.00058555672206,               0.05246485799507,               0.02907500173393,       10.25871404703177,                0.10548091059359,  84.61196104475712,          65.23978547533409,        1.443243184987753,              270.59877313600975,                  88.18650479060942, 4674947.892461574,0.6928839230988545, 4674948.585345496, 6.489181425412497e-09
               0.00435167183331,               0.05308536694808,               0.03307547089199,       10.00654177731571,                0.10670312825465,  84.09556070414824,          65.22038612188838,       1.3593939279520095,              275.17298588223036,                  79.36888489409525, 4674947.907950788,0.7356219411002863, 4674948.643572729, 6.746245606957193e-09
               0.00114049291779,               0.04804482564512,               0.02502992435881,       10.35150471361269,                0.10168553387617,  83.99628086444854,          63.61121916942756,       1.4093291826992307,              273.77211319599235,                  83.17834296594219, 4674948.001671432,0.7095574350378105, 4674948.711228867, 7.096992378942392e-09
               0.00114049291779,               0.04804482564512,               0.02502992435881,       10.35150471361269,                0.10168553387617,  83.99628086444854,          63.61121916942756,       1.4093291826992307,              273.77211319599235,                  83.17834296594219, 4674948.001671432,0.7095574350378105, 4674948.711228867, 7.429316510300228e-09
               0.00265957768501,               0.05269997725561,                0.0318969021776,       10.08304266108254,                0.09991094718421,  84.07702919398692,          65.25563797362852,        1.331397487477801,               274.7617868084129,                  79.98747061085562, 4674948.075264543,0.7510904965686842,  4674948.82635504, 7.636254060811638e-09
               0.00265957768501,               0.05269997725561,                0.0318969021776,       10.08304266108254,                0.09991094718421,  84.07702919398692,          65.25563797362852,        1.331397487477801,               274.7617868084129,                  79.98747061085562, 4674948.075264543,0.7510904965686842,  4674948.82635504, 7.917115160600396e-09
               0.00050138410281,               0.04976916492387,               0.03973177319603,       10.25281992297412,                0.10682715877368,  84.72646521550746,          68.47414391301321,        1.315698847211864,              263.11031940031756,                  79.95024281249862, 4674948.134832991,0.7600523494560547, 4674948.894885341, 8.078890251906813e-09
               0.00050138410281,               0.04976916492387,               0.03973177319603,       10.25281992297412,                0.10682715877368,  84.72646521550746,          68.47414391301321,        1.315698847211864,              263.11031940031756,                  79.95024281249862, 4674948.134832991,0.7600523494560547, 4674948.894885341, 8.319442600038934e-09
               0.00050138410281,               0.04976916492387,               0.03973177319603,       10.25281992297412,                0.10682715877368,  84.72646521550746,          68.47414391301321,        1.315698847211864,              263.11031940031756,                  79.95024281249862, 4674948.134832991,0.7600523494560547, 4674948.894885341, 8.319442600038934e-09
               0.00042374285422,               0.04400992158032,               0.02667869740371,       10.08174432918403,                 0.1054230555051,  85.59229451667758,          62.76860154122075,        1.415770307415514,              281.43634441745166,                  83.11271442745716,4674948.1638050135,0.7063292645439769, 4674948.870134278, 8.315725070787458e-09
               0.00042374285422,               0.04400992158032,               0.02667869740371,       10.08174432918403,                 0.1054230555051,  85.59229451667758,          62.76860154122075,        1.415770307415514,              281.43634441745166,                  83.11271442745716,4674948.1638050135,0.7063292645439769, 4674948.870134278, 8.436178335001543e-09
               0.00042374285422,               0.04400992158032,               0.02667869740371,       10.08174432918403,                 0.1054230555051,  85.59229451667758,          62.76860154122075,        1.415770307415514,              281.43634441745166,                  83.11271442745716,4674948.1638050135,0.7063292645439769, 4674948.870134278, 8.436178335001543e-09
               0.00042374285422,               0.04400992158032,               0.02667869740371,       10.08174432918403,                 0.1054230555051,  85.59229451667758,          62.76860154122075,        1.415770307415514,              281.43634441745166,                  83.11271442745716,4674948.1638050135,0.7063292645439769, 4674948.870134278, 8.436178335001543e-09
               0.00042374285422,               0.04400992158032,               0.02667869740371,       10.08174432918403,                 0.1054230555051,  85.59229451667758,          62.76860154122075,        1.415770307415514,              281.43634441745166,                  83.11271442745716,4674948.1638050135,0.7063292645439769, 4674948.870134278, 8.436178335001543e-09
               0.00042374285422,               0.04400992158032,               0.02667869740371,       10.08174432918403,                 0.1054230555051,  85.59229451667758,          62.76860154122075,        1.415770307415514,              281.43634441745166,                  83.11271442745716,4674948.1638050135,0.7063292645439769, 4674948.870134278, 8.436178335001543e-09
               0.00042374285422,               0.04400992158032,               0.02667869740371,       10.08174432918403,                 0.1054230555051,  85.59229451667758,          62.76860154122075,        1.415770307415514,              281.43634441745166,                  83.11271442745716,4674948.1638050135,0.7063292645439769, 4674948.870134278, 8.436178335001543e-09
               0.00042374285422,               0.04400992158032,               0.02667869740371,       10.08174432918403,                 0.1054230555051,  85.59229451667758,          62.76860154122075,        1.415770307415514,              281.43634441745166,                  83.11271442745716,4674948.1638050135,0.7063292645439769, 4674948.870134278, 8.436178335001543e-09
               0.00042374285422,               0.04400992158032,               0.02667869740371,       10.08174432918403,                 0.1054230555051,  85.59229451667758,          62.76860154122075,        1.415770307415514,              281.43634441745166,                  83.11271442745716,4674948.1638050135,0.7063292645439769, 4674948.870134278, 8.436178335001543e-09
               0.00042374285422,               0.04400992158032,               0.02667869740371,       10.08174432918403,                 0.1054230555051,  85.59229451667758,          62.76860154122075,        1.415770307415514,              281.43634441745166,                  83.11271442745716,4674948.1638050135,0.7063292645439769, 4674948.870134278, 8.436178335001543e-09
               0.00042374285422,               0.04400992158032,               0.02667869740371,       10.08174432918403,                 0.1054230555051,  85.59229451667758,          62.76860154122075,        1.415770307415514,              281.43634441745166,                  83.11271442745716,4674948.1638050135,0.7063292645439769, 4674948.870134278, 8.436178335001543e-09
               0.00204852561874,               0.06109508362976,               0.04222718338866,       10.17480738098717,                0.10069426388314,  85.86226920076483,           67.6116629527197,       1.3049302399694875,               269.8581815301165,                  80.36878901083023, 4674948.180027634, 0.766324489517066, 4674948.946352123,  8.03970806377516e-09
               0.00121461395864,               0.04275045630016,               0.02684310563944,       10.15178008097189,                 0.1055861333279,  84.75040450469105,          63.93242710213635,       1.4572394448994384,               276.6172123790622,                  86.64403635367977, 4674948.180314592,0.6862290226222969, 4674948.866543614, 8.065753489339528e-09
                 1.89343977e-06,               0.04975150589068,                0.0408573576951,       10.29420272070422,                0.10677481154601,  87.40255669351943,          70.84232006510683,        1.395888101427131,                262.940106160193,                   89.2562832981165, 4674948.188398035,0.7163898015733625, 4674948.904787837, 8.059350336769462e-09
               0.00161975307077,               0.04892341133171,               0.03848784414878,       10.07295810943208,                0.10659808072763,  84.44576621385137,          70.16832673018399,       1.3472140561795194,               270.7944745609225,                  82.49943142626888,4674948.1911160275,0.7422725404423391,4674948.9333885675,  8.06262255533495e-09
               0.00260749953587,               0.05188351455612,               0.03265399482951,       10.08096973844505,                0.10972202693533,  85.40697701513004,          67.25538382531596,       1.3924879486871073,                268.258634104125,                  89.01940105805772, 4674948.198390745, 0.718139069672265, 4674948.916529815, 8.062739507337988e-09
               0.00260749953587,               0.05188351455612,               0.03265399482951,       10.08096973844505,                0.10972202693533,  85.40697701513004,          67.25538382531596,       1.3924879486871073,                268.258634104125,                  89.01940105805772, 4674948.198390745, 0.718139069672265, 4674948.916529815, 8.092066452373005e-09
               0.00220228776814,                0.0524347205637,               0.04125694792418,       10.05335414131515,                0.10984828323661,  85.14124729627504,           72.5837043975149,       1.3783848811511683,              262.31423347762296,                  84.42397829325135, 4674948.200741209,0.7254867734509991, 4674948.926227982, 8.020974876186006e-09
                0.0019475574403,               0.05569417130519,               0.04115028368404,       10.23563652608742,                0.10190583846226,  85.45964481704429,          69.08760220084359,       1.3693710757750917,               269.4985709829619,                  78.26973938725841, 4674948.205784595,0.7302622478965242,4674948.9360468425, 8.010649492276954e-09
               0.00045285421531,               0.05697371523147,               0.03858045395467,       10.06277244516371,                0.09406505799904,   85.6607574401316,          65.39025356549509,       1.3279740591639877,              276.66832623835467,                  82.78890185612794,  4674948.22441668,0.7530267576382776, 4674948.977443437,  8.06603673493383e-09
               0.00127056990972,               0.05004975576687,               0.02629523569265,        10.1985376539873,                0.10181799414244,  83.65292306249722,          61.24626149454006,       1.3978809411127995,              281.97607298647006,                  81.39971474497499, 4674948.267156286,0.7153685057068868, 4674948.982524792,  8.27753714852738e-09
                0.0005482564363,                0.0436027525528,               0.02942389299104,       10.06944068150017,                 0.1083968184112,  86.66626550625249,          66.25802812420739,       1.4004531671936742,               273.0321337666054,                  82.52011850517304, 4674948.284221312,0.7140545813494569, 4674948.998275894, 8.484732208280435e-09
               0.00241596847588,                0.0454123900874,               0.02919795840745,       10.04845073486436,                 0.1014886995878,   84.4069200961605,          62.83066798515993,       1.4248929925398914,               275.8072336087225,                  84.70710841420434, 4674948.346022503,0.7018070867325175,  4674949.04782959,  8.78595874926935e-09
               0.00254777812058,               0.05093774685463,               0.03132014022428,       10.11005422277584,                0.11142489207131,  83.61019322724923,           68.4853454920932,       1.3830964142889628,               265.4174933121183,                  85.38794480081124, 4674948.346951016,0.7230153947829377, 4674949.069966411, 9.016488178298372e-09
               0.00219880143398,                0.0564040996344,               0.03869229764826,       10.12854966484493,                0.10313414426185,  86.77815551504531,           66.3988946196059,       1.3872585778398587,               269.7634058883063,                  86.59592073903912, 4674948.350637237, 0.720846146474819, 4674949.071483383, 8.992369071507154e-09
               0.00031987583796,               0.04431335659315,               0.03928253615935,       10.08312927893401,                0.10876928948259,  86.01751857264532,          71.56474560153188,       1.3900130797704875,                263.588064826311,                  88.66684322617296, 4674948.355207592,0.7194176907782158,4674949.0746252835, 8.984653877706256e-09
                0.0003730169247,               0.04424351846729,               0.04015814534203,       10.29393058297629,                0.11058396480352,  86.12733951867246,          71.76423516786784,       1.3883608662867593,              259.34634976228415,                   84.5963032234812, 4674948.363048544,0.7202738310210012, 4674949.083322375, 8.995650504912003e-09
               0.00234286266334,               0.04510734610165,               0.03046419201932,       10.10592357479322,                0.10228208794594,  84.31636169347175,          63.56512982744327,       1.4042350642212715,              272.90766302873055,                  84.09377201741873, 4674948.402738931,0.7121314838798425, 4674949.114870414,   9.1679025325094e-09
               0.00180646946883,               0.04268924639108,               0.04022969203123,        10.2424445911552,                0.10723494682164,  85.33246893816681,          70.65792474305206,       1.4142392526623158,              264.03399622111806,                  82.75664912742552, 4674948.415204195, 0.707093936275275, 4674949.122298132, 9.361647896902389e-09
               0.00137176553805,               0.04544697055741,               0.03065149685531,       10.29588367828182,                  0.108457198146,  84.29590073377997,          65.89360221546595,       1.3738682408067506,              272.09144765766183,                  78.69803768295337, 4674948.428516561,0.7278718368311571, 4674949.156388398, 9.435935591814745e-09
               0.00120373834481,               0.04799338334338,               0.02637443071283,        10.0193344991533,                0.10502079861477,  85.98005726750431,          63.58322811370573,       1.4310425507000781,               276.8033548656924,                  89.98461136506629,   4674948.4534669,0.6987912410506533, 4674949.152258141,  9.57087666521592e-09
               0.00187128537809,               0.04567796078783,               0.03388168292127,       10.00897355491491,                0.10631387599916,  82.36327470580008,          68.52356624252705,       1.4105710427471176,               269.9444852998573,                  88.80348741992583, 4674948.481730342,0.7089327440413624, 4674949.190663086, 9.780261203752625e-09
               0.00187128537809,               0.04567796078783,               0.03388168292127,       10.00897355491491,                0.10631387599916,  82.36327470580008,          68.52356624252705,       1.4105710427471176,               269.9444852998573,                  88.80348741992583, 4674948.481730342,0.7089327440413624, 4674949.190663086, 9.918463932506538e-09
               0.00200370797387,               0.05269650699036,               0.03945566482486,       10.20068518683759,                0.11218728636798,  84.68749689875195,          69.62810181794994,       1.3829339854228226,              265.02648283765865,                  86.61791508906731, 4674948.515192371,0.7231003146504182, 4674949.238292686, 9.986847247068084e-09
               0.00047432035852,               0.05027323562031,               0.03201933841074,       10.16787056940016,                0.10797304715349,  85.92950912711986,          63.44462038369983,       1.3921732625582843,              273.84485887558435,                  81.19562333051657,4674948.5298454575,0.7183013974585181, 4674949.248146855,1.0177972739085501e-08
               0.00131299030579,               0.04171593597869,               0.03141207974265,       10.21597739588717,                0.10713322944526,   83.1650073095765,          67.27590396837006,       1.3965671500206362,              270.26069733200524,                  82.97450210384227, 4674948.544186189,0.7160414735411925,4674949.2602276625,1.0275208838878789e-08
               0.00131299030579,               0.04171593597869,               0.03141207974265,       10.21597739588717,                0.10713322944526,   83.1650073095765,          67.27590396837006,       1.3965671500206362,              270.26069733200524,                  82.97450210384227, 4674948.544186189,0.7160414735411925,4674949.2602276625, 1.034888458101717e-08
               0.00312821090082,               0.04572331414419,               0.03752898417404,       10.20125793726656,                0.10545268973813,  86.31674884479098,           67.0408635558222,        1.394733228711866,               271.9509443795629,                  83.77337312713908, 4674948.566935623,0.7169829895883174, 4674949.283918613,1.0363790719429014e-08
               0.00054350137962,                0.0465929453607,               0.02655329421237,       10.11808214747906,                0.10392164205561,   84.5649241228195,          66.43189052729349,       1.4115371437570752,                273.439879747835,                  80.28602614582867, 4674948.579535531,0.7084475278761063, 4674949.287983059,1.0495644404231506e-08
               0.00054350137962,                0.0465929453607,               0.02655329421237,       10.11808214747906,                0.10392164205561,   84.5649241228195,          66.43189052729349,       1.4115371437570752,                273.439879747835,                  80.28602614582867, 4674948.579535531,0.7084475278761063, 4674949.287983059,1.0561765604986803e-08
               0.00064854669914,               0.04719418929155,               0.03837945511484,       10.18729227959327,                0.10771161994405,   83.5884641763976,          68.22157833655423,       1.3681361635973213,              263.57726950975126,                  88.05421504831756, 4674948.581355413, 0.730921399936276, 4674949.312276813, 1.046619702406118e-08
               0.00170774512841,               0.04450134142466,               0.03592020508568,       10.37075063496068,                0.10569389516338,  86.09097813394406,          67.12997591300808,       1.4051058355071095,               271.7738516770712,                  84.82912144654414, 4674948.599742925,0.7116901622140763, 4674949.311433087,1.0520321170370077e-08
               0.00170774512841,               0.04450134142466,               0.03592020508568,       10.37075063496068,                0.10569389516338,  86.09097813394406,          67.12997591300808,       1.4051058355071095,               271.7738516770712,                  84.82912144654414, 4674948.599742925,0.7116901622140763, 4674949.311433087,1.0617039712383754e-08
               0.00025178727063,               0.05340586204568,               0.03478012930815,       10.35360670071836,                0.10834396859062,  85.20081367109327,          67.50954212093374,       1.3926794732813996,               263.8037868320692,                  80.81833817853446, 4674948.656370432,0.7180403094789807, 4674949.374410742,1.0817602643320748e-08
               0.00025178727063,               0.05340586204568,               0.03478012930815,       10.35360670071836,                0.10834396859062,  85.20081367109327,          67.50954212093374,       1.3926794732813996,               263.8037868320692,                  80.81833817853446, 4674948.656370432,0.7180403094789807, 4674949.374410742,1.1123807754815515e-08
                0.0007303943857,               0.05668131890297,                0.0365831411763,       10.02408654806964,                0.10192506184238,  85.68371464158832,          64.22707229552115,       1.4078204861087622,               273.8919133206218,                  82.74757602636286, 4674948.686796552,0.7103178351694651, 4674949.397114387,1.1183241306261497e-08
                0.0008211092523,               0.04427323042504,               0.03035883326493,       10.30033897083471,                0.10925830751599,   84.3389328184345,          66.48449868838006,       1.3920455088517116,               272.7725447515908,                  79.93801039204041, 4674948.690029362,0.7183673189139433, 4674949.408396681, 1.131516499981431e-08
               0.00053581116994,               0.04727405720923,                0.0363849156933,       10.28217767065874,                0.10543697765351,  84.10335883750625,          69.62604388274409,        1.426678277635461,              264.86649385111303,                  81.13525710992829,  4674948.72874984,0.7009288749089063, 4674949.429678715,1.1499678231263267e-08
               0.00210396849399,               0.05474675962517,               0.03812231779881,       10.20402158366871,                0.10605819052028,  84.76964940774353,          69.85434669143733,        1.393051885954801,              269.96605052777556,                  87.21170880794008, 4674948.729521513,0.7178483515813898, 4674949.447369864,1.1668469219987707e-08
               0.00119524543805,               0.04764570979116,               0.03878472894593,        10.0824132079649,                0.10461596887334,   87.5425901968541,          68.99174070268684,       1.3805478034254952,                271.762381740221,                   84.5332676318888, 4674948.767705442,0.7243501438477842, 4674949.492055587,1.1840936126074292e-08
               0.00063219765815,               0.04828857165151,               0.02618223859316,       10.11408089967414,                0.10540247369064,  84.00642860521906,          61.02656807235681,       1.4012467847697831,               279.9920610214838,                  82.45100630954848, 4674948.799277137,0.7136501656018389, 4674949.512927303,1.2199504206935402e-08
               0.00063219765815,               0.04828857165151,               0.02618223859316,       10.11408089967414,                0.10540247369064,  84.00642860521906,          61.02656807235681,       1.4012467847697831,               279.9920610214838,                  82.45100630954848, 4674948.799277137,0.7136501656018389, 4674949.512927303,1.2392067727557063e-08
               0.00208592439631,               0.05478342911944,               0.03928611379532,       10.07918271569524,                0.10225630382273,  82.32026478640223,           69.2548989086308,       1.3542390176035344,              265.77346029136856,                  84.28475844033345, 4674948.802760398,0.7384220857626766, 4674949.541182484,1.2290168478640695e-08
                0.0010774145936,               0.05336956463624,               0.03222775122348,       10.24670962413241,                0.10153703668609,  84.38146553092704,          65.77993165734392,       1.4247916460775376,              274.95998999973904,                   89.5038303717988, 4674948.827111535,0.7018570067792071, 4674949.528968542, 1.240130728102797e-08
               0.00101353573653,               0.04600086029476,               0.02671577389798,          10.13647945624,                0.10447995735526,  82.72390868642425,          66.67531408148008,        1.375751961831063,              268.28316775576053,                  79.35070647716311, 4674948.868177514,0.7268752127883908, 4674949.595052727,1.2751635992910052e-08
                4.455894805e-05,               0.05263043569173,               0.03026370104944,       10.08419686008637,                0.10371497995597,  83.29111298504505,          68.39173360315222,       1.4099891008941854,               270.3538391050208,                  85.28920418652073, 4674948.872799955,0.7092253403702348, 4674949.582025296,1.2978681530153032e-08
                4.455894805e-05,               0.05263043569173,               0.03026370104944,       10.08419686008637,                0.10371497995597,  83.29111298504505,          68.39173360315222,       1.4099891008941854,               270.3538391050208,                  85.28920418652073, 4674948.872799955,0.7092253403702348, 4674949.582025296,1.3008678080123292e-08
                4.455894805e-05,               0.05263043569173,               0.03026370104944,       10.08419686008637,                0.10371497995597,  83.29111298504505,          68.39173360315222,       1.4099891008941854,               270.3538391050208,                  85.28920418652073, 4674948.872799955,0.7092253403702348, 4674949.582025296,1.3008678080123292e-08
                4.455894805e-05,               0.05263043569173,               0.03026370104944,       10.08419686008637,                0.10371497995597,  83.29111298504505,          68.39173360315222,       1.4099891008941854,               270.3538391050208,                  85.28920418652073, 4674948.872799955,0.7092253403702348, 4674949.582025296,1.3008678080123292e-08
                4.455894805e-05,               0.05263043569173,               0.03026370104944,       10.08419686008637,                0.10371497995597,  83.29111298504505,          68.39173360315222,       1.4099891008941854,               270.3538391050208,                  85.28920418652073, 4674948.872799955,0.7092253403702348, 4674949.582025296,1.3008678080123292e-08
                4.455894805e-05,               0.05263043569173,               0.03026370104944,       10.08419686008637,                0.10371497995597,  83.29111298504505,          68.39173360315222,       1.4099891008941854,               270.3538391050208,                  85.28920418652073, 4674948.872799955,0.7092253403702348, 4674949.582025296,1.3008678080123292e-08
                4.455894805e-05,               0.05263043569173,               0.03026370104944,       10.08419686008637,                0.10371497995597,  83.29111298504505,          68.39173360315222,       1.4099891008941854,               270.3538391050208,                  85.28920418652073, 4674948.872799955,0.7092253403702348, 4674949.582025296,1.3008678080123292e-08
                4.455894805e-05,               0.05263043569173,               0.03026370104944,       10.08419686008637,                0.10371497995597,  83.29111298504505,          68.39173360315222,       1.4099891008941854,               270.3538391050208,                  85.28920418652073, 4674948.872799955,0.7092253403702348, 4674949.582025296,1.3008678080123292e-08
                4.455894805e-05,               0.05263043569173,               0.03026370104944,       10.08419686008637,                0.10371497995597,  83.29111298504505,          68.39173360315222,       1.4099891008941854,               270.3538391050208,                  85.28920418652073, 4674948.872799955,0.7092253403702348, 4674949.582025296,1.3008678080123292e-08
                4.455894805e-05,               0.05263043569173,               0.03026370104944,       10.08419686008637,                0.10371497995597,  83.29111298504505,          68.39173360315222,       1.4099891008941854,               270.3538391050208,                  85.28920418652073, 4674948.872799955,0.7092253403702348, 4674949.582025296,1.3008678080123292e-08
               0.00264940113715,               0.05867816788102,               0.03314687625847,       10.03847673935991,                0.09766207792246,   85.3287880099495,           63.8208311585074,       1.3682963180313228,              281.96719081720084,                  83.77014519045689,4674948.8802857585,0.7308358480703798, 4674949.611121607,1.2407921569844159e-08
               0.00264940113715,               0.05867816788102,               0.03314687625847,       10.03847673935991,                0.09766207792246,   85.3287880099495,           63.8208311585074,       1.3682963180313228,              281.96719081720084,                  83.77014519045689,4674948.8802857585,0.7308358480703798, 4674949.611121607, 1.245436298460103e-08
               0.00264940113715,               0.05867816788102,               0.03314687625847,       10.03847673935991,                0.09766207792246,   85.3287880099495,           63.8208311585074,       1.3682963180313228,              281.96719081720084,                  83.77014519045689,4674948.8802857585,0.7308358480703798, 4674949.611121607, 1.245436298460103e-08
               0.00264940113715,               0.05867816788102,               0.03314687625847,       10.03847673935991,                0.09766207792246,   85.3287880099495,           63.8208311585074,       1.3682963180313228,              281.96719081720084,                  83.77014519045689,4674948.8802857585,0.7308358480703798, 4674949.611121607, 1.245436298460103e-08
               0.00169576836229,                0.0518682953234,               0.03175055916242,       10.06340429801045,                0.10297180465054,  82.26186429824955,          67.52394559809534,        1.375556932756491,              264.87437304588536,                  80.51869337266844, 4674948.900480418,0.7269782705366408, 4674949.627458688, 1.233102111279897e-08
               0.00169576836229,                0.0518682953234,               0.03175055916242,       10.06340429801045,                0.10297180465054,  82.26186429824955,          67.52394559809534,        1.375556932756491,              264.87437304588536,                  80.51869337266844, 4674948.900480418,0.7269782705366408, 4674949.627458688,1.2455527268396564e-08
               0.00169576836229,                0.0518682953234,               0.03175055916242,       10.06340429801045,                0.10297180465054,  82.26186429824955,          67.52394559809534,        1.375556932756491,              264.87437304588536,                  80.51869337266844, 4674948.900480418,0.7269782705366408, 4674949.627458688,1.2455527268396564e-08
               0.00169576836229,                0.0518682953234,               0.03175055916242,       10.06340429801045,                0.10297180465054,  82.26186429824955,          67.52394559809534,        1.375556932756491,              264.87437304588536,                  80.51869337266844, 4674948.900480418,0.7269782705366408, 4674949.627458688,1.2455527268396564e-08
               0.00138807608024,               0.05124526189653,               0.03722961191594,       10.02313377336286,                0.10407487157726,  82.46761570875036,           68.1602799799615,        1.372034921289924,              265.57544742424125,                  89.94510926537589, 4674949.030395197,0.7288444226039422,  4674949.75923962, 1.305444828988914e-08
               0.00116369993398,               0.05003989722538,               0.03833643324415,       10.23489637697105,                  0.109807375389,  84.26620033368852,          70.79777714290988,        1.424912255249303,               262.6109473005772,                   87.9282566133941, 4674949.113451556,0.7017975993371183, 4674949.815249155, 1.443103025919391e-08
               0.00318446577981,               0.05620106864242,               0.03492386596867,        10.0915228255062,                0.09954696837091,  83.96282898863146,           65.0169855672259,        1.355273493609657,               277.8695817876542,                  79.54277242104241, 4674949.127426242,0.7378584505010749,4674949.8652846925,  1.50604350894601e-08
               0.00209762227577,               0.04816768863714,               0.03686893009628,       10.25325968482162,                0.10613940720986,  86.23644020170053,          67.14662295156887,       1.3671262319270323,              272.95619703130996,                  83.16161911576478, 4674949.305271488,0.7314613505663266,4674950.0367328385,1.6558797682232868e-08
               0.00226337006415,               0.05608956478374,               0.03776689251621,       10.16346286572633,                0.09745389670287,  83.96970808390796,          66.40738317748315,       1.3381526890315383,               269.2538109885913,                  83.36019615402321, 4674949.310771175, 0.747298875678926, 4674950.058070051, 1.798715391550245e-08
               0.00226337006415,               0.05608956478374,               0.03776689251621,       10.16346286572633,                0.09745389670287,  83.96970808390796,          66.40738317748315,       1.3381526890315383,               269.2538109885913,                  83.36019615402321, 4674949.310771175, 0.747298875678926, 4674950.058070051,1.8036615643124073e-08
               0.00211574093354,               0.04534705193509,               0.03100309014906,       10.27031593235536,                0.10524457122335,  85.06425682254051,          67.22570261034146,       1.4241093090376653,               271.2302309304472,                  83.60618966423888, 4674949.333087401,0.7021932892747853,4674950.0352806905, 1.805863880443627e-08
               0.00036881080804,               0.04861654157352,               0.03305054965326,       10.03286423830758,                0.10319463358839,  86.84645159565457,          63.22270762278165,       1.4328117367300972,               280.7809204571574,                  86.70488024830362, 4674949.370412546,0.6979283979639628, 4674950.068340944,  1.85147776195284e-08
               0.00036881080804,               0.04861654157352,               0.03305054965326,       10.03286423830758,                0.10319463358839,  86.84645159565457,          63.22270762278165,       1.4328117367300972,               280.7809204571574,                  86.70488024830362, 4674949.370412546,0.6979283979639628, 4674950.068340944, 1.886027089185863e-08
               0.00036881080804,               0.04861654157352,               0.03305054965326,       10.03286423830758,                0.10319463358839,  86.84645159565457,          63.22270762278165,       1.4328117367300972,               280.7809204571574,                  86.70488024830362, 4674949.370412546,0.6979283979639628, 4674950.068340944, 1.886027089185863e-08
               0.00060976470917,               0.04573189647139,               0.04475908309039,       10.06027680292107,                0.09921158081173,  84.95649172642271,          70.69048614773428,       1.3748015812447705,              266.72092512229995,                  88.01151652869437, 4674949.398377738,0.7273776911825935, 4674950.125755429,1.8842220295311094e-08
               0.00060976470917,               0.04573189647139,               0.04475908309039,       10.06027680292107,                0.09921158081173,  84.95649172642271,          70.69048614773428,       1.3748015812447705,              266.72092512229995,                  88.01151652869437, 4674949.398377738,0.7273776911825935, 4674950.125755429,1.9105666275011754e-08
               0.00060976470917,               0.04573189647139,               0.04475908309039,       10.06027680292107,                0.09921158081173,  84.95649172642271,          70.69048614773428,       1.3748015812447705,              266.72092512229995,                  88.01151652869437, 4674949.398377738,0.7273776911825935, 4674950.125755429,1.9105666275011754e-08
               0.00072978854922,               0.04784001369406,               0.03337708435899,       10.28090196303685,                0.10347839603161,  83.56538949207376,           69.1040693458846,       1.3713381774845796,              264.67568553660715,                  79.25850812395562,  4674949.43099066,0.7292147308509135,  4674950.16020539,1.9132462170352325e-08
               0.00163247687222,               0.05189383097065,               0.03060762011264,       10.27067321931909,                0.10518284753358,  84.89022099119886,          63.45905749537005,        1.385887890704021,              273.60575679693903,                  83.91909521421242, 4674949.456921938,0.7215590862057444, 4674950.178481024,1.9601814691522025e-08
               0.00193295580956,               0.04906051458672,               0.03554523835032,       10.13477793271902,                0.10538298077476,  86.64694681965469,          65.91632280537193,       1.3573676614014374,              268.84900961260786,                  82.06395878788886, 4674949.457156372,0.7367200710878384, 4674950.193876443, 1.975948081906839e-08
               0.00153506395619,               0.05717276971065,               0.03195780900503,       10.13572605232508,                0.10253383714534,  84.82961252742058,          64.94399167501115,       1.3296959043103693,               272.5502160231269,                  80.59013269511381, 4674949.519033814,0.7520516508762489, 4674950.271085464,2.0291058774485014e-08
               0.00211759170779,               0.04785472729312,               0.03369957692241,       10.07696293915561,                0.10732275356565,  85.09342573069146,          69.68861756509489,        1.377656739724516,              266.87969014639015,                  81.14147546953863, 4674949.601338707,0.7258702194568188, 4674950.327208926,2.1707372666285126e-08
               0.00211759170779,               0.04785472729312,               0.03369957692241,       10.07696293915561,                0.10732275356565,  85.09342573069146,          69.68861756509489,        1.377656739724516,              266.87969014639015,                  81.14147546953863, 4674949.601338707,0.7258702194568188, 4674950.327208926,2.2600180223107808e-08
               0.00029884220715,               0.05725581725221,               0.04271357796299,       10.31909923262675,                0.10392487110401,   86.0109083164571,          69.26468919755209,       1.3611721547817885,               271.6839583674277,                  83.22823863196385, 4674949.730434934,0.7346609291756423, 4674950.465095863,2.3916956752627715e-08
               0.00038057923567,               0.05950366429129,               0.04152392666396,       10.01154519585864,                0.10308512976089,  84.57002284554676,          69.68736113859475,       1.3388983529338796,              271.39521021124244,                  87.22070682254966, 4674949.764529479,0.7468826874039662, 4674950.511412166,2.5771237714725794e-08
               0.00038057923567,               0.05950366429129,               0.04152392666396,       10.01154519585864,                0.10308512976089,  84.57002284554676,          69.68736113859475,       1.3388983529338796,              271.39521021124244,                  87.22070682254966, 4674949.764529479,0.7468826874039662, 4674950.511412166,2.6210524468103788e-08
               0.00038057923567,               0.05950366429129,               0.04152392666396,       10.01154519585864,                0.10308512976089,  84.57002284554676,          69.68736113859475,       1.3388983529338796,              271.39521021124244,                  87.22070682254966, 4674949.764529479,0.7468826874039662, 4674950.511412166,2.6210524468103788e-08
               0.00204310179603,               0.04990468661788,               0.04368438896898,       10.17806698619888,                0.10608749031548,  86.95650897496438,          70.74357721762057,       1.3466850004488085,               261.2110579091426,                   83.8072233059583, 4674949.848662211,0.7425641480128842, 4674950.591226359,2.6952445748215954e-08
                0.0005298559073,               0.05519126122759,               0.03781875591487,       10.31629411943547,                0.10168334192081,  83.63112353223413,          66.81234990588916,       1.3464068637018927,              273.65083301262797,                  80.74571896371867, 4674949.909484883,0.7427175447179015, 4674950.652202427,2.8822087779533778e-08
                0.0005298559073,               0.05519126122759,               0.03781875591487,       10.31629411943547,                0.10168334192081,  83.63112353223413,          66.81234990588916,       1.3464068637018927,              273.65083301262797,                  80.74571896371867, 4674949.909484883,0.7427175447179015, 4674950.652202427,2.9698335854258496e-08
                0.0005298559073,               0.05519126122759,               0.03781875591487,       10.31629411943547,                0.10168334192081,  83.63112353223413,          66.81234990588916,       1.3464068637018927,              273.65083301262797,                  80.74571896371867, 4674949.909484883,0.7427175447179015, 4674950.652202427,2.9698335854258496e-08
               0.00126022618241,               0.04676450467367,               0.03319749792485,       10.06947258924555,                0.10026516481965,  83.96963850917955,          66.00867835053884,       1.3754852295496294,                277.384626421828,                  84.37373357291472, 4674949.912902971, 0.727016167470898,4674950.6399191385,2.9305160863661694e-08
               0.00126022618241,               0.04676450467367,               0.03319749792485,       10.06947258924555,                0.10026516481965,  83.96963850917955,          66.00867835053884,       1.3754852295496294,                277.384626421828,                  84.37373357291472, 4674949.912902971, 0.727016167470898,4674950.6399191385,  2.93552446266156e-08
               0.00010503280746,               0.06022683014087,                0.0323839202228,       10.04593912590703,                0.10035625634741,  86.06267317159886,          64.63745451799775,       1.4078694051552016,               275.2980590437394,                    85.101307366403, 4674949.945760266,0.7102931538524068,  4674950.65605342,2.9548551727960597e-08
               0.00010503280746,               0.06022683014087,                0.0323839202228,       10.04593912590703,                0.10035625634741,  86.06267317159886,          64.63745451799775,       1.4078694051552016,               275.2980590437394,                    85.101307366403, 4674949.945760266,0.7102931538524068,  4674950.65605342, 3.003395080654795e-08
               0.00010503280746,               0.06022683014087,                0.0323839202228,       10.04593912590703,                0.10035625634741,  86.06267317159886,          64.63745451799775,       1.4078694051552016,               275.2980590437394,                    85.101307366403, 4674949.945760266,0.7102931538524068,  4674950.65605342, 3.003395080654795e-08
               0.00059504462947,               0.04740023237839,                0.0337022823024,       10.10520058000485,                0.10313098269508,  83.30074836057818,          65.47440883621229,       1.3699949555838087,               277.3286257394911,                  79.71776964899668, 4674950.065573346,0.7299296949410012, 4674950.795503041,  3.14686062630963e-08
               0.00059504462947,               0.04740023237839,                0.0337022823024,       10.10520058000485,                0.10313098269508,  83.30074836057818,          65.47440883621229,       1.3699949555838087,               277.3286257394911,                  79.71776964899668, 4674950.065573346,0.7299296949410012, 4674950.795503041,3.3351529647178606e-08
               0.00059504462947,               0.04740023237839,                0.0337022823024,       10.10520058000485,                0.10313098269508,  83.30074836057818,          65.47440883621229,       1.3699949555838087,               277.3286257394911,                  79.71776964899668, 4674950.065573346,0.7299296949410012, 4674950.795503041,3.3351529647178606e-08
               0.00175233552422,               0.05606756698989,                0.0397622246917,       10.07111025487259,                0.10422580212386,  83.88611741962006,          67.21896372333126,       1.3206551493714125,               266.9871395633181,                  81.22953338714107, 4674950.098145969,0.7571999401024305,4674950.8553459095, 3.339762159297365e-08
               0.00077133824798,               0.05802576339523,               0.02932091615044,        10.0655193562885,                0.10012862488557,  83.91592222338592,          61.63135962460986,       1.3570472943634833,               281.9650346372161,                  80.42139001703804, 4674950.110159435,0.7368939934175583, 4674950.847053429,3.3976721055990824e-08
               0.00158444921586,               0.05763014153146,               0.03789475626816,       10.47445272523119,                 0.1039936399823,  85.12341192368159,          67.58500690961992,       1.3672119389173845,               268.4262158151917,                   83.5355274578394, 4674950.113850968,  0.73141549714073, 4674950.845266465, 3.407364582641666e-08
               0.00019682145762,               0.04749650891944,               0.02753175391675,       10.04615121023858,                0.10028458373121,   83.3322774928925,           63.9250787348517,       1.4177811516467311,               281.2895056189966,                  80.47509990143614, 4674950.152056194, 0.705327475145593, 4674950.857383669, 3.462811119150322e-08
               0.00028991450176,               0.05200473777745,               0.03398129011656,        10.1245688912773,                 0.0993424722521,  85.88283283659797,          61.92785273356542,        1.402575547418696,                 280.00915401881,                  84.95898315127903,  4674950.17680597,0.7129740724771673, 4674950.889780043, 3.555390149775971e-08
               0.00028991450176,               0.05200473777745,               0.03398129011656,        10.1245688912773,                 0.0993424722521,  85.88283283659797,          61.92785273356542,        1.402575547418696,                 280.00915401881,                  84.95898315127903,  4674950.17680597,0.7129740724771673, 4674950.889780043, 3.599385460081507e-08
               0.00059401457046,               0.04531760896381,               0.02703820867431,       10.19665248069848,                0.10992900769185,    85.256730823207,          64.28817878461032,        1.407009181363672,              274.58542065621214,                  81.65424539431888, 4674950.184287688, 0.710727416171372, 4674950.895015104, 3.576951484755562e-08
               0.00103027297456,               0.05140733639643,               0.03225869785547,        10.1806333241728,                0.10603878747262,  84.87483889814219,          64.01048856563524,        1.352666274554359,              274.83231945641455,                  79.20397638314407, 4674950.188982755,0.7392806480145695, 4674950.928263403,3.5808761603102586e-08
               0.00103027297456,               0.05140733639643,               0.03225869785547,        10.1806333241728,                0.10603878747262,  84.87483889814219,          64.01048856563524,        1.352666274554359,              274.83231945641455,                  79.20397638314407, 4674950.188982755,0.7392806480145695, 4674950.928263403, 3.589282370759114e-08
               0.00103027297456,               0.05140733639643,               0.03225869785547,        10.1806333241728,                0.10603878747262,  84.87483889814219,          64.01048856563524,        1.352666274554359,              274.83231945641455,                  79.20397638314407, 4674950.188982755,0.7392806480145695, 4674950.928263403, 3.589282370759114e-08
               0.00103027297456,               0.05140733639643,               0.03225869785547,        10.1806333241728,                0.10603878747262,  84.87483889814219,          64.01048856563524,        1.352666274554359,              274.83231945641455,                  79.20397638314407, 4674950.188982755,0.7392806480145695, 4674950.928263403, 3.589282370759114e-08
               0.00030617736514,               0.04914840126395,               0.03440064044202,       10.78920564693962,                0.10477039766337,  84.93621770647297,          66.92952783479078,       1.3845943753646666,              267.17702575768976,                  84.41836337521558, 4674950.301193775,0.7222331809174263, 4674951.023426956, 3.726724528373415e-08
               0.00030617736514,               0.04914840126395,               0.03440064044202,       10.78920564693962,                0.10477039766337,  84.93621770647297,          66.92952783479078,       1.3845943753646666,              267.17702575768976,                  84.41836337521558, 4674950.301193775,0.7222331809174263, 4674951.023426956, 3.935595191280177e-08
               0.00124686590036,               0.05307792592104,               0.02475736810805,       10.03751831585425,                0.10317758855737,  82.95438310166863,          64.53534937496278,       1.4029383758656735,              273.18498721356667,                  81.78989911015533,4674950.4788643755,0.7127896828561389, 4674951.191654058,  4.27523049907199e-08
               0.00124686590036,               0.05307792592104,               0.02475736810805,       10.03751831585425,                0.10317758855737,  82.95438310166863,          64.53534937496278,       1.4029383758656735,              273.18498721356667,                  81.78989911015533,4674950.4788643755,0.7127896828561389, 4674951.191654058, 4.654025962436554e-08
               0.00124686590036,               0.05307792592104,               0.02475736810805,       10.03751831585425,                0.10317758855737,  82.95438310166863,          64.53534937496278,       1.4029383758656735,              273.18498721356667,                  81.78989911015533,4674950.4788643755,0.7127896828561389, 4674951.191654058, 4.654025962436554e-08
               0.00064979203328,               0.04670405060993,               0.04002019430519,       10.07401292789616,                0.11024400309726,  85.03941485780922,          68.99832750580835,       1.3686940277569357,              265.47101071713405,                  75.82558546660361, 4674950.478910979, 0.730623484665039,4674951.2095344635, 4.584669717128957e-08
               0.00064979203328,               0.04670405060993,               0.04002019430519,       10.07401292789616,                0.11024400309726,  85.03941485780922,          68.99832750580835,       1.3686940277569357,              265.47101071713405,                  75.82558546660361, 4674950.478910979, 0.730623484665039,4674951.2095344635, 4.584776548929879e-08
               0.00064979203328,               0.04670405060993,               0.04002019430519,       10.07401292789616,                0.11024400309726,  85.03941485780922,          68.99832750580835,       1.3686940277569357,              265.47101071713405,                  75.82558546660361, 4674950.478910979, 0.730623484665039,4674951.2095344635, 4.584776548929879e-08
               0.00064979203328,               0.04670405060993,               0.04002019430519,       10.07401292789616,                0.11024400309726,  85.03941485780922,          68.99832750580835,       1.3686940277569357,              265.47101071713405,                  75.82558546660361, 4674950.478910979, 0.730623484665039,4674951.2095344635, 4.584776548929879e-08
               0.00064979203328,               0.04670405060993,               0.04002019430519,       10.07401292789616,                0.11024400309726,  85.03941485780922,          68.99832750580835,       1.3686940277569357,              265.47101071713405,                  75.82558546660361, 4674950.478910979, 0.730623484665039,4674951.2095344635, 4.584776548929879e-08
               0.00064979203328,               0.04670405060993,               0.04002019430519,       10.07401292789616,                0.11024400309726,  85.03941485780922,          68.99832750580835,       1.3686940277569357,              265.47101071713405,                  75.82558546660361, 4674950.478910979, 0.730623484665039,4674951.2095344635, 4.584776548929879e-08
               0.00046600080041,               0.05374059522659,               0.03545765044225,       10.25270120542126,                0.10443694383956,  85.00160488861471,           66.0075658821614,       1.4145283717736485,              275.65292582505435,                  83.30708037019512, 4674950.493845503,0.7069494115173669, 4674951.200794915, 4.481380568661131e-08
               0.00046600080041,               0.05374059522659,               0.03545765044225,       10.25270120542126,                0.10443694383956,  85.00160488861471,           66.0075658821614,       1.4145283717736485,              275.65292582505435,                  83.30708037019512, 4674950.493845503,0.7069494115173669, 4674951.200794915, 4.514843590049396e-08
               0.00140321575549,                0.0522764037959,               0.02688747752778,       10.08334020876948,                0.10473882021376,  82.57563378530119,          66.77041621840594,       1.3893005333847115,               269.5777268887726,                  82.85956703527904, 4674950.495705266,0.7197866667219437, 4674951.215491932, 4.474080135718227e-08
               0.00140321575549,                0.0522764037959,               0.02688747752778,       10.08334020876948,                0.10473882021376,  82.57563378530119,          66.77041621840594,       1.3893005333847115,               269.5777268887726,                  82.85956703527904, 4674950.495705266,0.7197866667219437, 4674951.215491932,4.4782404970456785e-08
               0.00094380265446,               0.04542419510373,                0.0339475723616,       10.00256018408737,                0.10394974886247,  86.83808332676304,          67.17196103861308,       1.4470123651111382,               274.5261731319824,                  88.11758666383216, 4674950.503301708,0.6910790979475803, 4674951.194380806,4.4505851139813565e-08
               0.00106224353138,               0.05635438499034,                0.0300782348705,       10.19339312681809,                0.10136080935138,  83.28639811993716,          65.00424954519919,       1.3577479416709606,              272.83439735422786,                  78.52840618170019, 4674950.631039875,0.7365137293224798, 4674951.367553604, 4.748108692570006e-08
               0.00223756747707,               0.05264728932898,               0.02648777386202,       10.03559921821255,                0.10602909264129,   82.3974398501191,          65.33163580994866,       1.4017023564092557,                271.127613456932,                  86.06964931941003, 4674950.730289072,0.7134182199434282, 4674951.443707292, 5.288026209335731e-08
               0.00223756747707,               0.05264728932898,               0.02648777386202,       10.03559921821255,                0.10602909264129,   82.3974398501191,          65.33163580994866,       1.4017023564092557,                271.127613456932,                  86.06964931941003, 4674950.730289072,0.7134182199434282, 4674951.443707292,5.5502271928293463e-08
               0.00223756747707,               0.05264728932898,               0.02648777386202,       10.03559921821255,                0.10602909264129,   82.3974398501191,          65.33163580994866,       1.4017023564092557,                271.127613456932,                  86.06964931941003, 4674950.730289072,0.7134182199434282, 4674951.443707292,5.5502271928293463e-08
               0.00177997906862,               0.05504537120917,               0.04192664586256,       10.18990157927066,                0.10647984254007,  84.08921714055374,          70.38914014424628,       1.3599905673101313,                264.722316012254,                  88.48047333459157, 4674950.744903658,0.7352992175363822, 4674951.480202875, 5.507633158833034e-08
               0.00177997906862,               0.05504537120917,               0.04192664586256,       10.18990157927066,                0.10647984254007,  84.08921714055374,          70.38914014424628,       1.3599905673101313,                264.722316012254,                  88.48047333459157, 4674950.744903658,0.7352992175363822, 4674951.480202875, 5.547878330066146e-08
               0.00102516285903,               0.05124880211733,               0.03270266011722,       10.17919542735601,                0.10901774172985,  84.96357247379946,          66.97982837870035,       1.4131287235989922,               263.7358479410921,                  88.32132963485881, 4674950.763269196,0.7076496169812291, 4674951.470918813,5.5435795428719286e-08
                 3.86284582e-06,               0.05341175938057,               0.02537340473105,       10.21485210672194,                0.09938393432749,  84.30346027717158,          62.58056138119861,       1.3839517517846802,               276.3080021657696,                  81.56768823234142, 4674950.776540739,0.7225685423718321, 4674951.499109282, 5.603835498962987e-08
               0.00228009399479,               0.04425390864788,               0.04685120715997,       10.02181505187982,                0.10409975940679,  86.79158704390281,          72.90619692363913,       1.3556494049033831,               261.5993164062554,                  81.65867874090371, 4674950.815810277,0.7376538479513955, 4674951.553464125, 5.725357572218774e-08
               0.00228009399479,               0.04425390864788,               0.04685120715997,       10.02181505187982,                0.10409975940679,  86.79158704390281,          72.90619692363913,       1.3556494049033831,               261.5993164062554,                  81.65867874090371, 4674950.815810277,0.7376538479513955, 4674951.553464125, 5.837759199961013e-08
               0.00110241767626,                0.0498999049798,               0.03344323663774,       10.18231533903782,                0.10144798645731,  84.66845935605883,          63.91730891535132,       1.3533738361895413,               271.7558444610204,                   83.9987426415499, 4674950.846968539,0.7388941423720187, 4674951.585862681, 5.871131774872073e-08
                0.0011032859657,                0.0522136559761,               0.04763704640356,       10.17703018980238,                0.09867394882045,   85.6110280691268,          70.13356694228226,         1.37897689922065,               266.6531725048941,                  87.37970181906145, 4674950.892098809,0.7251753097279334, 4674951.617274119,  6.06987108968513e-08
               0.00153284709001,               0.05183009008273,               0.03691213483539,       10.11928864232517,                 0.1003907261257,  85.50714243734932,          68.73991086863563,       1.3777223829728018,               262.9669151774616,                   87.5878194829118, 4674950.900633015,0.7258356344928029, 4674951.626468649, 6.202401749901883e-08
               0.00250371038503,                0.0557052973079,               0.03946607237595,       10.26449451982084,                0.10409846112002,  85.95178812818065,          68.00828671591682,       1.3446424448223264,              269.81465604749934,                   80.7481590484738, 4674950.901374474,0.7436921271157214, 4674951.645066601, 6.200177082854079e-08
                0.0010254411911,                0.0619593521007,               0.03621718596218,       10.07546051547521,                0.10431542410359,  84.33855953062323,          64.90515405964857,       1.3645768769656093,               275.5516136929567,                    84.747015157671, 4674950.903844659,0.7328278947710782, 4674951.636672554, 6.179249521322687e-08
               0.00127119332048,               0.04553544351398,               0.03570980335718,        10.1973676654107,                0.10218186037977,   86.2984765196855,           68.2063975525223,       1.3848705765140288,               271.2864411724754,                   83.2930395824075, 4674950.908445725,0.7220891373959161, 4674951.630534862,  6.17029590489087e-08
               0.00051255024435,               0.05978499775889,               0.03715910590066,       10.22317561942601,                0.09697989737425,  84.42514264019391,           65.6446105500467,       1.3481383462312402,              276.19135255558507,                  80.09984666398023, 4674950.919078562,0.7417636348639803, 4674951.660842197, 6.186612547651864e-08
               0.00051255024435,               0.05978499775889,               0.03715910590066,       10.22317561942601,                0.09697989737425,  84.42514264019391,           65.6446105500467,       1.3481383462312402,              276.19135255558507,                  80.09984666398023, 4674950.919078562,0.7417636348639803, 4674951.660842197, 6.219502861002277e-08
               0.00051255024435,               0.05978499775889,               0.03715910590066,       10.22317561942601,                0.09697989737425,  84.42514264019391,           65.6446105500467,       1.3481383462312402,              276.19135255558507,                  80.09984666398023, 4674950.919078562,0.7417636348639803, 4674951.660842197, 6.219502861002277e-08
               0.00051255024435,               0.05978499775889,               0.03715910590066,       10.22317561942601,                0.09697989737425,  84.42514264019391,           65.6446105500467,       1.3481383462312402,              276.19135255558507,                  80.09984666398023, 4674950.919078562,0.7417636348639803, 4674951.660842197, 6.219502861002277e-08
               0.00052664610688,               0.04432549886387,               0.02836200692745,       10.12677762513621,                 0.1046320263959,   84.7144341327026,           63.6277576805536,       1.4125117762087003,              270.80598064173967,                  88.40597108353086, 4674950.951656963, 0.707958699419897, 4674951.659615662,   6.1966613878329e-08
               0.00104064746965,               0.05344853783917,               0.03709951281153,        10.1152371799035,                0.10529029598447,  82.75238485888292,          67.37261336482226,       1.3278035794533078,               266.4726098687246,                  80.30243056873041,  4674951.13673158,0.7531234404502258, 4674951.889855021, 6.903250899133391e-08
               0.00248269426869,               0.04558544094617,               0.02467886458848,       10.04698923779069,                 0.1038188020958,  83.09248057199216,           64.1990936462151,       1.4219371085608297,              276.12567072735993,                  83.66649728329678,4674951.1389483465,0.7032659841138259, 4674951.842214331, 7.511053459135705e-08
               0.00248269426869,               0.04558544094617,               0.02467886458848,       10.04698923779069,                 0.1038188020958,  83.09248057199216,           64.1990936462151,       1.4219371085608297,              276.12567072735993,                  83.66649728329678,4674951.1389483465,0.7032659841138259, 4674951.842214331, 7.519378582273896e-08
                9.577788277e-05,               0.05293479330894,               0.03181833993227,       10.04814437490218,                0.10287733150444,  86.36722255875786,          62.48428742092744,       1.4161432371712066,              281.09291502577105,                  85.89541160320661, 4674951.162789537,0.7061432585008374, 4674951.868932795, 7.534368796011898e-08
               0.00039099263651,                 0.046480827063,                0.0413431463551,       10.26720958793221,                0.10985318560198,   84.9850847630824,          69.35036379542451,       1.3638752102809122,              264.11741514364223,                  84.44698698768298, 4674951.171008272,0.7332049094095887, 4674951.904213182, 7.617550606286688e-08
               0.00109352780952,               0.04708702343907,               0.04377056087456,       10.15375167987992,                0.10323549578461,  84.39652493495295,          69.60158829809139,       1.3555189758205504,               264.9190113478612,                  84.72165605684965, 4674951.201418299,0.7377248255743964, 4674951.939143125, 7.728299595173981e-08
               0.00055090282848,               0.05433724878563,               0.03082753267969,       10.19667687478515,                0.10140555121606,  82.53495010681247,          65.58939898299883,       1.3607851909830264,              267.82548592228443,                  86.00523369679847, 4674951.300914691,0.7348698432539551, 4674952.035784534, 8.215115994937667e-08
               0.00119672335612,               0.05476771832329,               0.03299400606056,       10.25224850273231,                0.10430990214209,  83.09682856909014,          65.92401729864585,       1.3557930139763004,              269.09058005787756,                  78.51334320242576, 4674951.339689905,0.7375757137641368, 4674952.077265618, 8.750187501935577e-08
               0.00013445097172,               0.05167646067642,               0.03603778987088,       10.12521080871619,                0.10178854671586,   86.8623914796588,          64.65825649192317,       1.4083521171684146,              274.96115751043567,                  90.11166569330808,  4674951.38955952,0.7100497012143286, 4674952.099609221, 9.102352665961662e-08
               0.00013445097172,               0.05167646067642,               0.03603778987088,       10.12521080871619,                0.10178854671586,   86.8623914796588,          64.65825649192317,       1.4083521171684146,              274.96115751043567,                  90.11166569330808,  4674951.38955952,0.7100497012143286, 4674952.099609221, 9.329271053907907e-08
               0.00326479570519,               0.05460524914881,               0.02982860068157,       10.00636718519424,                0.10198642457357,  84.69195571439994,          64.94261816304137,        1.382551203247231,              277.40824619172207,                  81.01995824666484, 4674951.420073756,0.7233005169365707, 4674952.143374273, 9.379536065239421e-08
               0.00326479570519,               0.05460524914881,               0.02982860068157,       10.00636718519424,                0.10198642457357,  84.69195571439994,          64.94261816304137,        1.382551203247231,              277.40824619172207,                  81.01995824666484, 4674951.420073756,0.7233005169365707, 4674952.143374273, 9.522629651422969e-08
               0.00326479570519,               0.05460524914881,               0.02982860068157,       10.00636718519424,                0.10198642457357,  84.69195571439994,          64.94261816304137,        1.382551203247231,              277.40824619172207,                  81.01995824666484, 4674951.420073756,0.7233005169365707, 4674952.143374273, 9.522629651422969e-08
               0.00326479570519,               0.05460524914881,               0.02982860068157,       10.00636718519424,                0.10198642457357,  84.69195571439994,          64.94261816304137,        1.382551203247231,              277.40824619172207,                  81.01995824666484, 4674951.420073756,0.7233005169365707, 4674952.143374273, 9.522629651422969e-08
               0.00182587187086,               0.05768707975588,               0.04349803673995,        10.0492945813718,                0.10047984487879,   86.9102707633807,          68.09491895103724,        1.323655414372871,               269.1395596723555,                  77.72547941038106, 4674951.467743781,0.7554836320250204, 4674952.223227413,  9.56096721610239e-08
               0.00220886961486,               0.05179764130829,               0.03019843079471,       10.04659096163889,                0.09953451687279,  84.66711513599797,           64.0095820467262,       1.3594978853405266,               274.8675037801794,                  85.14578080298365,4674951.5485159755,0.7355656899381792, 4674952.284081666,1.0149797281519619e-07
               0.00146296161126,               0.05337159380561,               0.04532562001918,        10.0953232415069,                0.10868528515798,   84.8636652866578,           73.5349801196003,        1.377786897379164,               261.9761867660915,                  83.64703233913681, 4674951.553565044,0.7258016474842424, 4674952.279366692,1.0533542746174507e-07
                5.050027335e-05,               0.05003428621318,               0.02708138317569,        10.3631906833756,                0.10193350037268,  83.10509207261599,          63.63634686773872,       1.3996202987194897,              275.60368448602077,                  79.73773384189087, 4674951.574008662,0.7144794919842892, 4674952.288488154, 1.061610904905482e-07
               0.00151302654148,               0.05891771926498,               0.03659150523303,        10.1721850989028,                0.09777248201709,  83.34780954382096,          65.47715199400625,        1.353598639487576,               273.6739389237822,                  83.10680043217276, 4674951.631096835,0.7387714281233055, 4674952.369868264,1.0984728708625536e-07
               0.00194883365317,               0.04816913571966,                0.0342621758182,       10.06089283537789,                0.10176730875008,  84.14547118102433,           65.4801473977232,       1.3645706563205995,               275.6691075782001,                  86.21201971596271, 4674951.645194512,0.7328312355011206, 4674952.378025747,1.1321786828413118e-07
               0.00194883365317,               0.04816913571966,                0.0342621758182,       10.06089283537789,                0.10176730875008,  84.14547118102433,           65.4801473977232,       1.3645706563205995,               275.6691075782001,                  86.21201971596271, 4674951.645194512,0.7328312355011206, 4674952.378025747,1.1401590954707131e-07
               0.00039791490029,                0.0472495426269,               0.02459317926062,       10.02234745345011,                0.10029213590073,   83.7678048644508,          63.50624916714252,       1.4421599365028026,               279.8394117068161,                  85.30541800188915, 4674951.653006319,   0.6934043684676, 4674952.346410687,1.1332405347689185e-07
               0.00082050767506,               0.04637193698093,               0.03580823818847,       10.19452761264104,                0.10295315182951,  84.09585945279798,          67.57628770555692,       1.3819130241100364,               274.8115059009598,                  82.44325626068265, 4674951.658541648,0.7236345432405259, 4674952.382176191,1.1351485085643724e-07
               0.00082050767506,               0.04637193698093,               0.03580823818847,       10.19452761264104,                0.10295315182951,  84.09585945279798,          67.57628770555692,       1.3819130241100364,               274.8115059009598,                  82.44325626068265, 4674951.658541648,0.7236345432405259, 4674952.382176191,1.1382902110684447e-07
               0.00048032539137,               0.04882108794017,               0.03685091418935,       10.10899707650509,                0.10607376840732,   87.4713248732771,          68.90809431591813,       1.4203662581629437,              264.67568255065186,                  86.25657746696076, 4674951.659157347, 0.704043759314142, 4674952.363201106,1.1273109823768994e-07
               0.00040153855853,               0.05727119637138,               0.03969120844202,       10.47850254781818,                0.10479844972917,  85.09596382946484,          68.19190917888268,       1.3632361062394203,               269.9849415614224,                  82.97991879554127, 4674951.684886739,0.7335486460658441,4674952.4184353845,1.1366698913791611e-07
               0.00040153855853,               0.05727119637138,               0.03969120844202,       10.47850254781818,                0.10479844972917,  85.09596382946484,          68.19190917888268,       1.3632361062394203,               269.9849415614224,                  82.97991879554127, 4674951.684886739,0.7335486460658441,4674952.4184353845,1.1512919970737862e-07
               0.00040153855853,               0.05727119637138,               0.03969120844202,       10.47850254781818,                0.10479844972917,  85.09596382946484,          68.19190917888268,       1.3632361062394203,               269.9849415614224,                  82.97991879554127, 4674951.684886739,0.7335486460658441,4674952.4184353845,1.1512919970737862e-07
               0.00094130985884,               0.04430442272121,               0.02773281040161,       10.15411121976513,                0.10027910702507,  84.25694096224893,          64.04956486998574,        1.410549031043217,              276.28539134327207,                  85.12915863591802, 4674951.709438624,0.7089438069801925,  4674952.41838243,1.1482031019253026e-07
               0.00038055645156,               0.04571268753851,               0.04149766559389,       10.00963026794741,                0.10128358365513,  86.56935132991619,          70.27430938280199,       1.3600043678848108,              269.99128321415367,                   81.6659284250429, 4674951.803357502,0.7352917561252257, 4674952.538649258,1.2134564801047145e-07
               0.00038055645156,               0.04571268753851,               0.04149766559389,       10.00963026794741,                0.10128358365513,  86.56935132991619,          70.27430938280199,       1.3600043678848108,              269.99128321415367,                   81.6659284250429, 4674951.803357502,0.7352917561252257, 4674952.538649258, 1.270397866581611e-07
               0.00038055645156,               0.04571268753851,               0.04149766559389,       10.00963026794741,                0.10128358365513,  86.56935132991619,          70.27430938280199,       1.3600043678848108,              269.99128321415367,                   81.6659284250429, 4674951.803357502,0.7352917561252257, 4674952.538649258, 1.270397866581611e-07
               0.00038055645156,               0.04571268753851,               0.04149766559389,       10.00963026794741,                0.10128358365513,  86.56935132991619,          70.27430938280199,       1.3600043678848108,              269.99128321415367,                   81.6659284250429, 4674951.803357502,0.7352917561252257, 4674952.538649258, 1.270397866581611e-07
               0.00038055645156,               0.04571268753851,               0.04149766559389,       10.00963026794741,                0.10128358365513,  86.56935132991619,          70.27430938280199,       1.3600043678848108,              269.99128321415367,                   81.6659284250429, 4674951.803357502,0.7352917561252257, 4674952.538649258, 1.270397866581611e-07
               0.00038055645156,               0.04571268753851,               0.04149766559389,       10.00963026794741,                0.10128358365513,  86.56935132991619,          70.27430938280199,       1.3600043678848108,              269.99128321415367,                   81.6659284250429, 4674951.803357502,0.7352917561252257, 4674952.538649258, 1.270397866581611e-07
               0.00038055645156,               0.04571268753851,               0.04149766559389,       10.00963026794741,                0.10128358365513,  86.56935132991619,          70.27430938280199,       1.3600043678848108,              269.99128321415367,                   81.6659284250429, 4674951.803357502,0.7352917561252257, 4674952.538649258, 1.270397866581611e-07
               0.00038055645156,               0.04571268753851,               0.04149766559389,       10.00963026794741,                0.10128358365513,  86.56935132991619,          70.27430938280199,       1.3600043678848108,              269.99128321415367,                   81.6659284250429, 4674951.803357502,0.7352917561252257, 4674952.538649258, 1.270397866581611e-07
               0.00038055645156,               0.04571268753851,               0.04149766559389,       10.00963026794741,                0.10128358365513,  86.56935132991619,          70.27430938280199,       1.3600043678848108,              269.99128321415367,                   81.6659284250429, 4674951.803357502,0.7352917561252257, 4674952.538649258, 1.270397866581611e-07
               0.00142832154227,               0.05362735260588,               0.04348381981627,       10.17713891848646,                0.10566774708679,  86.19444268841046,           69.7165012673118,       1.3448810238579185,              263.70435310136673,                  77.40336411972784, 4674951.808138888,0.7435601977128098, 4674952.551699086, 1.216422467468253e-07
               0.00203505715187,               0.05017240621648,               0.03235412171366,       10.31912012514234,                 0.1011920581071,   83.5486011735516,          65.06850496196182,       1.3780507195593865,              275.22532265554685,                  84.15983914114949, 4674951.810220375,0.7256626957240999, 4674952.535883071,1.2145282453128796e-07
                 3.51262422e-06,               0.04999362390921,               0.03601576826067,       10.34669185245434,                0.10390207881623,   84.5701331463256,          69.24166118664368,       1.4163214334359133,               265.3770365568807,                  81.04715996902347, 4674951.899555325,0.7060544141975301, 4674952.605609739, 1.266266897632841e-07
               0.00051824440407,               0.06261769810198,                0.0444911091971,       10.22759306767194,                0.10123655076601,  84.45012993381907,          69.02075279536638,       1.3270643632925354,               264.8335054627273,                  81.20204045338491, 4674951.904312374,0.7535429536506678, 4674952.657855328,1.3193473043175916e-07
               0.00025480045193,                0.0452618343575,               0.02456681680594,       10.03273954085032,                0.10398115354724,  85.45154590655123,          62.09162025351506,       1.4258721257334743,               281.7406073490222,                  84.77059949411529, 4674951.904897917,0.7013251623006488, 4674952.606223079,  1.31629124142045e-07
               0.00101258248044,                0.0493154691197,                0.0329919541602,        10.0896574746599,                0.09997893735515,  84.04530280715811,          66.43271359950043,       1.4176483893788006,               277.6166859409062,                  87.00483146951996, 4674951.934742572,0.7053935288130155,   4674952.6401361, 1.329970770527403e-07
               0.00101258248044,                0.0493154691197,                0.0329919541602,        10.0896574746599,                0.09997893735515,  84.04530280715811,          66.43271359950043,       1.4176483893788006,               277.6166859409062,                  87.00483146951996, 4674951.934742572,0.7053935288130155,   4674952.6401361,1.3498155564726474e-07
               0.00141592535206,               0.04894927956378,               0.03367301472549,       10.20039022304932,                0.10138206256156,  85.46305383694352,          63.61035105222828,       1.3691107157644662,               277.2434926122345,                  81.76809835918671, 4674951.997220088,0.7304011198551119, 4674952.727621208,1.3794632630173532e-07
                7.502115425e-05,               0.04964167040166,               0.03571613514331,       10.38758385134814,                0.09942065284493,  85.25719394180904,          67.84388166272187,       1.3673742510509936,              265.07813208237206,                  78.81927310697273, 4674952.005882769,0.7313286755483206, 4674952.737211444,1.4216221367797026e-07
                7.502115425e-05,               0.04964167040166,               0.03571613514331,       10.38758385134814,                0.09942065284493,  85.25719394180904,          67.84388166272187,       1.3673742510509936,              265.07813208237206,                  78.81927310697273, 4674952.005882769,0.7313286755483206, 4674952.737211444,1.4277796284649048e-07
                0.0002306736452,               0.05290643954966,                0.0327518394152,       10.06382437189681,                0.10071554689938,  86.33292122935339,          63.08122008439919,       1.4275092968447523,               277.9757869250903,                  88.71409636032735, 4674952.041308958,0.7005208317804422,  4674952.74182979, 1.439060414728208e-07
               0.00028395592887,                 0.046940201755,               0.03031896355447,        10.1632084331318,                0.10400077157354,  86.69825095262276,          64.35705066947929,         1.39727174427962,              268.58166419524963,                  84.12808843953007, 4674952.054543193,0.7156803993882821, 4674952.770223592,1.4669686157171286e-07
               0.00160242377597,               0.05746623602938,               0.04194519169496,       10.05568261808384,                0.10618025550339,  85.22974814922775,          69.38620880683676,       1.3401437242639724,              263.10624571464996,                  87.90427299367035, 4674952.086165852,  0.74618862282791, 4674952.832354475, 1.492932210069353e-07
                3.284400024e-05,               0.05318129130063,               0.04335964322339,       10.31303456610348,                0.09826459542799,  84.65869700739734,           70.4704917564777,       1.3536166543274208,               266.1340586778304,                  79.40020631086442, 4674952.183909801,0.7387615960568066, 4674952.922671397,1.5864624133836404e-07
                3.284400024e-05,               0.05318129130063,               0.04335964322339,       10.31303456610348,                0.09826459542799,  84.65869700739734,           70.4704917564777,       1.3536166543274208,               266.1340586778304,                  79.40020631086442, 4674952.183909801,0.7387615960568066, 4674952.922671397, 1.663934293809065e-07
                0.0013077716932,               0.04718542459816,               0.02647270719976,       10.07260474590434,                 0.1032187728183,  85.29899929945016,          65.25682666318545,       1.4060703311388731,              272.78816756962914,                  85.54500733642286,4674952.2568102395, 0.711201977492855, 4674952.968012217,1.7096679201629663e-07
                1.056527616e-05,               0.04799739130035,               0.05028385230739,       10.15091347111599,                0.10268292384385,  88.29382536835192,          73.25640665213524,       1.3499038270507384,              262.10037398898675,                  82.14702534866122, 4674952.291617401,0.7407935142941211, 4674953.032410915, 1.794367663701703e-07
               0.00109994096753,               0.06230006131373,               0.03529385115747,       10.13320735998966,                0.10178891124797,  83.41303305297146,           67.1374982519724,       1.3660415642139843,               269.7858450649902,                  84.04177933619252, 4674952.298133058, 0.732042147323238, 4674953.030175205,1.8224475814181544e-07
               0.00104820493091,               0.05658896343773,               0.03819382337321,       10.10216357118391,                0.10112581168183,  85.79949518872738,          65.81709907004692,        1.338517401375673,               269.4732883053214,                  86.56600928182812, 4674952.322181551,0.7470952555209526, 4674953.069276806,1.8414290714298807e-07
               0.00104820493091,               0.05658896343773,               0.03819382337321,       10.10216357118391,                0.10112581168183,  85.79949518872738,          65.81709907004692,        1.338517401375673,               269.4732883053214,                  86.56600928182812, 4674952.322181551,0.7470952555209526, 4674953.069276806,1.8635698012817558e-07
               0.00104820493091,               0.05658896343773,               0.03819382337321,       10.10216357118391,                0.10112581168183,  85.79949518872738,          65.81709907004692,        1.338517401375673,               269.4732883053214,                  86.56600928182812, 4674952.322181551,0.7470952555209526, 4674953.069276806,1.8635698012817558e-07
               0.00104820493091,               0.05658896343773,               0.03819382337321,       10.10216357118391,                0.10112581168183,  85.79949518872738,          65.81709907004692,        1.338517401375673,               269.4732883053214,                  86.56600928182812, 4674952.322181551,0.7470952555209526, 4674953.069276806,1.8635698012817558e-07
               0.00104820493091,               0.05658896343773,               0.03819382337321,       10.10216357118391,                0.10112581168183,  85.79949518872738,          65.81709907004692,        1.338517401375673,               269.4732883053214,                  86.56600928182812, 4674952.322181551,0.7470952555209526, 4674953.069276806,1.8635698012817558e-07
               0.00165735098267,               0.05164280671057,               0.04580980236128,       10.08007515815819,                 0.1022047215124,  86.42845768045915,          71.69356233556117,       1.3608743767371698,               268.6811135650102,                  87.01635216116365,4674952.3245027205,0.7348216830987724, 4674953.059324403,1.8193238241000373e-07
               0.00089727036801,               0.04366021070366,               0.02823243793459,       10.27535890837839,                 0.1046326209512,  84.82303743345703,          64.17871369985255,         1.41255568472404,               274.6214327192145,                  84.69003863385416, 4674952.328488655,0.7079366929137114, 4674953.036425348,1.8159926444990736e-07
               0.00012056343241,               0.04969123142079,               0.03755637134977,       10.01043284600362,                0.11138030290609,  85.29028986687439,          69.79261709900115,       1.4476840247387677,              263.36300767309416,                  90.53387286993897, 4674952.332937991, 0.690758468637829,  4674953.02369646,  1.81459592495478e-07
               0.00085398661582,               0.05411256993403,                 0.037045458396,       10.07995727618335,                0.10701591757975,  86.73062218511083,          68.58109589474427,       1.3445859080354967,              266.41574746730385,                  81.60333168301095, 4674952.336159365,0.7437233976823743, 4674953.079882763,1.8125042420869684e-07
               0.00211869273536,               0.05172596902205,               0.03030135528116,       10.05225399354765,                0.09959634826114,  84.79205881294736,          63.86032864609028,        1.361861133627108,               275.1567454225318,                  85.15129130788691, 4674952.337211607,0.7342892570380164, 4674953.071500864,1.8073425390717687e-07
               0.00211869273536,               0.05172596902205,               0.03030135528116,       10.05225399354765,                0.09959634826114,  84.79205881294736,          63.86032864609028,        1.361861133627108,               275.1567454225318,                  85.15129130788691, 4674952.337211607,0.7342892570380164, 4674953.071500864,1.8082934189814797e-07
               0.00067886801831,               0.04650706512563,               0.05252331493223,       10.06760327738866,                0.10967066149742,  85.95508010940641,          75.95161325983076,        1.387490557262139,               256.7934919862016,                  80.92732269724956, 4674952.370664177,0.7207256256743445, 4674953.091389803,1.8207520277729811e-07
               0.00233502069094,               0.05073088319979,               0.03864870815762,       10.11538431753268,                0.10551899861777,  85.79731734446108,           67.3004919577164,       1.3836930877504265,              272.97133724598314,                    87.672887407384, 4674952.371767254,0.7227036174805027, 4674953.094470871,1.8430101272735537e-07
               0.00233502069094,               0.05073088319979,               0.03864870815762,       10.11538431753268,                0.10551899861777,  85.79731734446108,           67.3004919577164,       1.3836930877504265,              272.97133724598314,                    87.672887407384, 4674952.371767254,0.7227036174805027, 4674953.094470871,1.8440266171095036e-07
               0.00034692018332,               0.04573416465855,                0.0404275848865,       10.10494579965933,                0.10164221010941,  83.96141262529142,          67.86633973627542,       1.3492202264483608,               266.7200763156336,                  79.75712654310492,  4674952.37190388,0.7411688473069844, 4674953.113072727, 1.825802820795934e-07
               0.00099410534779,               0.06093222242388,               0.04168771583131,       10.12185144797364,                 0.1021886011053,  83.73181043790173,          69.52165328759197,       1.3680731507694122,              266.01435009529786,                  82.40987120452901, 4674952.422616435,0.7309550658439531, 4674953.153571501,1.8640998356731067e-07
                0.0001879980823,                0.0493595010695,               0.04423671905749,       10.28481858992421,                0.10730554019936,  85.21040379451107,          72.20084290704007,       1.4063611349344958,               258.7998372158294,                  90.72764997750318, 4674952.482263639,0.7110549169481828, 4674953.193318555,1.9602927700878682e-07
               0.00180980485325,                0.0487037041245,                0.0313910805785,       10.17815524915721,                0.10818976885998,  85.44440905324282,          65.14373689691011,         1.42628009721692,               273.6473469448289,                  83.85469664221591, 4674952.495708846,0.7011245560751256, 4674953.196833402,2.0222898060142858e-07
               0.00180980485325,                0.0487037041245,                0.0313910805785,       10.17815524915721,                0.10818976885998,  85.44440905324282,          65.14373689691011,         1.42628009721692,               273.6473469448289,                  83.85469664221591, 4674952.495708846,0.7011245560751256, 4674953.196833402,2.0358846543008323e-07
                0.0003632810858,               0.04811883479569,               0.02820239538536,       10.09101910531436,                0.10279703186054,   83.7059224744727,          63.22331843719684,       1.4166630634931139,               282.6656391799848,                  82.61959730105104, 4674952.588968742, 0.705884148298655,  4674953.29485289,2.1141378441014683e-07
                0.0012612610314,               0.05104448513325,               0.03127999546352,       10.10609998075001,                0.10018426162618,  85.98006476778308,          62.44117776895764,       1.3845379314484516,              277.90695097027015,                  85.20368701769046, 4674952.639447782,0.7222626244366144, 4674953.361710407, 2.258635157362474e-07
                0.0012612610314,               0.05104448513325,               0.03127999546352,       10.10609998075001,                0.10018426162618,  85.98006476778308,          62.44117776895764,       1.3845379314484516,              277.90695097027015,                  85.20368701769046, 4674952.639447782,0.7222626244366144, 4674953.361710407,2.3156299228813807e-07
                0.0012612610314,               0.05104448513325,               0.03127999546352,       10.10609998075001,                0.10018426162618,  85.98006476778308,          62.44117776895764,       1.3845379314484516,              277.90695097027015,                  85.20368701769046, 4674952.639447782,0.7222626244366144, 4674953.361710407,2.3156299228813807e-07
                0.0012612610314,               0.05104448513325,               0.03127999546352,       10.10609998075001,                0.10018426162618,  85.98006476778308,          62.44117776895764,       1.3845379314484516,              277.90695097027015,                  85.20368701769046, 4674952.639447782,0.7222626244366144, 4674953.361710407,2.3156299228813807e-07
                0.0012612610314,               0.05104448513325,               0.03127999546352,       10.10609998075001,                0.10018426162618,  85.98006476778308,          62.44117776895764,       1.3845379314484516,              277.90695097027015,                  85.20368701769046, 4674952.639447782,0.7222626244366144, 4674953.361710407,2.3156299228813807e-07
               0.00241833403599,               0.05273805408319,               0.04371608628119,       10.04941538592922,                0.10278397660603,   85.9238802091838,          70.14443293750145,        1.376946722345724,               267.3154479051924,                  90.75507708594073,  4674952.64718369,0.7262445116949993, 4674953.373428202,2.2667950048214455e-07
               0.00241833403599,               0.05273805408319,               0.04371608628119,       10.04941538592922,                0.10278397660603,   85.9238802091838,          70.14443293750145,        1.376946722345724,               267.3154479051924,                  90.75507708594073,  4674952.64718369,0.7262445116949993, 4674953.373428202,2.2755628202395882e-07
               0.00212992630081,               0.05821103886561,               0.04186234631506,        10.2372214022226,                0.10173366078434,  84.71757392113761,          69.01227040654376,       1.3408521011002128,               265.2147728809566,                  81.57875233892392, 4674952.715814549,0.7457944087789157,4674953.4616089575,2.3329450038522498e-07
               0.00064043618165,               0.05622361679895,                0.0262307019672,       10.01927062305194,                 0.1022128682762,  83.29719159276706,          62.94918136898954,       1.3691376389683823,               273.5066228599668,                   83.1960197713026, 4674952.749613568, 0.730386756990685,4674953.4800003255, 2.442233399210155e-07
                0.0018744235825,               0.04779943172201,               0.03578399812946,       10.19075449885117,                0.10050670342759,  85.29878022520566,          66.19177907041086,       1.3609248497027615,               273.6597428377997,                  78.28581027167886, 4674952.802123936,0.7347944305803581, 4674953.536918366, 2.537760344459904e-07
               0.00024583344422,               0.05125108597506,                 0.029828076757,       10.02461731217535,                0.10714448468356,  84.40467491424181,          68.21176895335427,       1.3558407873216405,                264.314732914144,                   81.1917815565249, 4674952.822221274,0.7375497251232744, 4674953.559770999, 2.617721043342831e-07
                0.0010960174649,               0.05318346727186,               0.03408301986678,         10.144468425935,                0.10334244915685,   85.4199528280665,          66.59212704510152,       1.3944861250819356,               267.4427354073574,                  79.60853260187378, 4674952.826817097,0.7171100393281025, 4674953.543927137,2.6369298394228156e-07
               0.00177642862599,               0.05251240134521,               0.04699643949736,       10.06641847585671,                0.10341861244587,  86.05998231197576,          72.85911237035677,       1.3425681878609965,               261.4475799893655,                  87.69061729515603, 4674952.846850632,0.7448411254203913, 4674953.591691758,2.6564481927383543e-07
               0.00056203955734,               0.05050491368235,               0.04870553993283,       10.10646250881329,                0.10551559480986,  85.11819488535797,           75.0359668260832,       1.3594969204628402,               260.4916202054464,                  82.32759019190463, 4674952.869056959,0.7355662119922644, 4674953.604623171, 2.699681561502823e-07
               0.00212495167981,               0.05122262667528,               0.04178900946095,        10.1019507474264,                0.10623723977086,  84.74084633781227,           70.0895895315216,        1.360777492298983,               266.0139176751005,                  77.18182102195549,  4674952.88607692, 0.734874000826202,4674953.6209509205,2.7393865252595284e-07
               0.00195134601778,               0.04779899834134,               0.03141543844172,       10.08394128915648,                0.10438544819054,  83.02445903425404,          65.09675808480353,        1.376849016672731,              273.91814871809754,                   78.0333771039834,  4674952.88857963,0.7262960483616296, 4674953.614875679,2.7523975455685585e-07
               0.00195134601778,               0.04779899834134,               0.03141543844172,       10.08394128915648,                0.10438544819054,  83.02445903425404,          65.09675808480353,        1.376849016672731,              273.91814871809754,                   78.0333771039834,  4674952.88857963,0.7262960483616296, 4674953.614875679,2.7558417714335084e-07
               0.00195134601778,               0.04779899834134,               0.03141543844172,       10.08394128915648,                0.10438544819054,  83.02445903425404,          65.09675808480353,        1.376849016672731,              273.91814871809754,                   78.0333771039834,  4674952.88857963,0.7262960483616296, 4674953.614875679,2.7558417714335084e-07
               0.00195134601778,               0.04779899834134,               0.03141543844172,       10.08394128915648,                0.10438544819054,  83.02445903425404,          65.09675808480353,        1.376849016672731,              273.91814871809754,                   78.0333771039834,  4674952.88857963,0.7262960483616296, 4674953.614875679,2.7558417714335084e-07
               0.00104437648508,               0.05131585046452,               0.03020363006316,       10.09821751079997,                0.10553831116378,  84.71857661558082,          63.58061249276295,       1.3933251511353113,               274.0183756781015,                  88.58012432249296, 4674952.908649525,0.7177075639416819, 4674953.626357089, 2.728377353708336e-07
               0.00104437648508,               0.05131585046452,               0.03020363006316,       10.09821751079997,                0.10553831116378,  84.71857661558082,          63.58061249276295,       1.3933251511353113,               274.0183756781015,                  88.58012432249296, 4674952.908649525,0.7177075639416819, 4674953.626357089,2.7557555563055886e-07
               0.00104437648508,               0.05131585046452,               0.03020363006316,       10.09821751079997,                0.10553831116378,  84.71857661558082,          63.58061249276295,       1.3933251511353113,               274.0183756781015,                  88.58012432249296, 4674952.908649525,0.7177075639416819, 4674953.626357089,2.7557555563055886e-07
               0.00143706083578,               0.04698369213204,               0.03567772669629,       10.12713088027081,                0.10855336038511,  85.36313247496565,          68.80985650235148,         1.38997433321393,              269.16968144484383,                  78.05460404100296, 4674952.941827174,0.7194377450753191,  4674953.66126492,2.7604126802313895e-07
               0.00124618358672,               0.04931522323983,                0.0373330668876,       10.28773390511068,                0.10657968078761,  84.50266137750819,          69.57189487004433,       1.4012299324327364,               270.2036164437916,                  83.16272940799563, 4674952.945924879,0.7136587485423298, 4674953.659583627,2.7979719095093427e-07
                 1.03972083e-05,               0.05628082052663,                0.0357215264321,       10.44508941704579,                0.10267422522678,  84.39427057667483,          67.80372003057172,       1.3923657004995382,              268.40906786628585,                  83.99068530341258, 4674952.990443001,0.7182021214981312, 4674953.708645122,2.8532560682706793e-07
               0.00049687412001,               0.05473445022233,               0.02949984358753,       10.06765898025587,                0.10041675178817,  85.33332951675789,          61.51954037033151,       1.3831362489861367,               280.0039086432875,                  85.02039562164056, 4674952.999917021,0.7229945717444811, 4674953.722911593, 2.916058450127066e-07
               0.00234947144563,               0.04714964434394,               0.03393296163827,       10.09691606231496,                0.10096744434135,   85.8432471894144,          65.17158485136221,         1.36698565435565,               272.6041692743163,                  81.87981940936186, 4674953.010270338,0.7315365723215037, 4674953.741806909,2.9304651488887013e-07
               0.00036873016543,               0.05348484122486,               0.03186895701411,        10.0010020703953,                0.10794899545043,  83.46404989890777,          67.54976646703464,       1.4046438789502815,               269.3122097011449,                  91.83203285250659, 4674953.039783443,0.7119242214954299, 4674953.751707665,2.9748758554922095e-07
               0.00040592163643,               0.05376685867484,               0.04358544964135,       10.14862369388565,                0.10859169166827,  84.41379375972411,          72.23973764433956,       1.3393786477861958,              263.34462101369206,                  80.25883343989442, 4674953.080653407,0.7466148588025194, 4674953.827268265, 3.066406049998296e-07
                0.0024250041889,               0.05010440805944,               0.03267879139973,       10.06903853778335,                0.11030736373036,  84.96604139267968,          66.93049030631917,       1.3823435971586353,               268.4213976807903,                   86.3572869194307,4674953.0914608715,0.7234091452049036, 4674953.814870017, 3.130407540662532e-07
                0.0024250041889,               0.05010440805944,               0.03267879139973,       10.06903853778335,                0.11030736373036,  84.96604139267968,          66.93049030631917,       1.3823435971586353,               268.4213976807903,                   86.3572869194307,4674953.0914608715,0.7234091452049036, 4674953.814870017,3.1473232613843873e-07
               0.00133045971737,               0.05424302154551,               0.04056194290542,       10.15520508354542,                  0.100242495916,  85.90717127119197,          66.88799140058988,       1.3445636367596516,              273.83888270893084,                  83.66832436143856, 4674953.192185074,0.7437357166745657, 4674953.935920791,3.2811106759397375e-07
               0.00109263479701,               0.05870075273711,               0.04050872321553,       10.13614232654921,                0.10463671864894,   85.7435449743975,          68.23670669385936,       1.3916501345028085,               271.2011063671783,                  85.22146505249552, 4674953.224824871,0.7185714104481207, 4674953.943396281, 3.485954775419594e-07
               0.00071525815498,               0.04869357259798,               0.03982783534821,       10.11177146133542,                0.10427037443097,  87.08931111537885,          66.56102725351502,        1.403744189140381,               269.4044529140805,                  86.61638111581371, 4674953.321007904,0.7123805090244939, 4674954.033388413,3.7031678713351906e-07
               0.00152615999111,               0.05071571860189,                0.0316149568915,       10.15018605513844,                0.09998455661979,  84.55147521753928,          62.65042787765889,        1.384324294404987,              276.94375108938704,                  81.21187819632532, 4674953.423188003,0.7223740882405174, 4674954.145562091,4.0695451530205867e-07
               0.00073017279634,                 0.045624640839,               0.03193084278785,       10.21171130841544,                0.10968325600778,  86.00395648493611,          66.02374226080553,       1.4087597151655742,              272.35924283631476,                  83.28407166739895, 4674953.428601699,0.7098442617536577,  4674954.13844596, 4.267549297506504e-07
               0.00050471888991,               0.06154563792793,               0.04084945437349,       10.17222637124933,                0.09766272147419,  84.39641201625969,          68.73479773687636,       1.3676162365719964,              267.84668619467135,                  83.94445293248847, 4674953.440240627,0.7311992745176481, 4674954.171439902,4.2827347573916835e-07
                0.0003550797969,               0.04808381912765,               0.03076666821583,       10.24709750983393,                0.10517757780859,  86.54896683323145,          66.19031942010355,       1.3890909070304829,              269.68095283068914,                  84.46831944316648, 4674953.444822075,0.7198952890259295, 4674954.164717364, 4.296067649367399e-07
                0.0003550797969,               0.04808381912765,               0.03076666821583,       10.24709750983393,                0.10517757780859,  86.54896683323145,          66.19031942010355,       1.3890909070304829,              269.68095283068914,                  84.46831944316648, 4674953.444822075,0.7198952890259295, 4674954.164717364,4.3059087374911666e-07
                0.0003550797969,               0.04808381912765,               0.03076666821583,       10.24709750983393,                0.10517757780859,  86.54896683323145,          66.19031942010355,       1.3890909070304829,              269.68095283068914,                  84.46831944316648, 4674953.444822075,0.7198952890259295, 4674954.164717364,4.3059087374911666e-07
                0.0003550797969,               0.04808381912765,               0.03076666821583,       10.24709750983393,                0.10517757780859,  86.54896683323145,          66.19031942010355,       1.3890909070304829,              269.68095283068914,                  84.46831944316648, 4674953.444822075,0.7198952890259295, 4674954.164717364,4.3059087374911666e-07
                0.0003550797969,               0.04808381912765,               0.03076666821583,       10.24709750983393,                0.10517757780859,  86.54896683323145,          66.19031942010355,       1.3890909070304829,              269.68095283068914,                  84.46831944316648, 4674953.444822075,0.7198952890259295, 4674954.164717364,4.3059087374911666e-07
               0.00102979877955,               0.04461996726141,               0.04022001322475,       10.02675652418957,                0.10490012718133,  85.88823685292165,          68.04469176409681,       1.4281899188799734,               270.7160214214113,                  88.04433852458453,  4674953.50800373,0.7001869896856772,  4674954.20819072,4.3357200188217395e-07
               0.00032954818701,               0.04935753362391,               0.03382800470051,       10.25114506884152,                0.09985451835524,  85.15210227620004,          66.37466750085471,       1.4019600827332992,               275.9101528795381,                  81.16663365469645, 4674953.580008374,0.7132870702355327, 4674954.293295444, 4.616525356648443e-07
               0.00032954818701,               0.04935753362391,               0.03382800470051,       10.25114506884152,                0.09985451835524,  85.15210227620004,          66.37466750085471,       1.4019600827332992,               275.9101528795381,                  81.16663365469645, 4674953.580008374,0.7132870702355327, 4674954.293295444, 4.782659213022914e-07
               0.00032954818701,               0.04935753362391,               0.03382800470051,       10.25114506884152,                0.09985451835524,  85.15210227620004,          66.37466750085471,       1.4019600827332992,               275.9101528795381,                  81.16663365469645, 4674953.580008374,0.7132870702355327, 4674954.293295444, 4.782659213022914e-07
               0.00032954818701,               0.04935753362391,               0.03382800470051,       10.25114506884152,                0.09985451835524,  85.15210227620004,          66.37466750085471,       1.4019600827332992,               275.9101528795381,                  81.16663365469645, 4674953.580008374,0.7132870702355327, 4674954.293295444, 4.782659213022914e-07
               0.00144007093357,               0.05042886602361,               0.03273739962649,       10.08968349597708,                 0.1007138101813,  86.20098069964898,          64.11572248515048,       1.4011275896183444,               272.4549262307046,                   87.8534505806651, 4674953.602321966,0.7137108764465853, 4674954.316032842,4.7403670303401116e-07
               0.00023971282904,                0.0502167422371,               0.03726991555894,        10.2121372331116,                0.10396970984825,  87.15499785859427,           67.2336599378888,       1.4099011004271693,               265.9037956458402,                   89.5353872397744, 4674953.689509665,0.7092696074192876, 4674954.398779272, 4.986655000623475e-07
               0.00068909118277,               0.04977389112144,               0.02946066829255,         10.242550861934,                0.10425328301641,  84.34718165383052,          64.15846563023055,       1.3578738819313603,               272.1605923835323,                   77.7306006989266, 4674953.744202055,0.7364454190529526,4674954.4806474745, 5.323557577996064e-07
               0.00065425570301,               0.04924163682721,               0.03927643674906,        10.0437047860002,                0.10822294052173,  85.35341273288935,          69.45789372970701,        1.408864166488941,               259.7060008405753,                  91.80722420200848, 4674953.744760044,0.7097916348402276, 4674954.454551679, 5.443409573292241e-07
               0.00044484659758,               0.06131836064393,               0.04336406843636,       10.12797150650871,                 0.0991476130866,  84.99112058240885,          69.71018410675796,       1.3748645183049573,              262.94626826326737,                  87.55213806459017, 4674953.816068193,0.7273443940737374, 4674954.543412587, 5.618060989498197e-07
               0.00084221950353,               0.05622912486296,               0.03276631367907,       10.10683399615876,                0.09942505341401,  84.35036599411201,          63.96208814457875,       1.3899899099556843,               278.3531074146905,                  87.50139550062681,  4674953.87837163, 0.719429682789483, 4674954.597801313, 5.975420668708397e-07
               0.00132265016763,               0.05319484010962,                0.0385677803965,       10.13871287083282,                0.10212263837684,  86.96637528350662,          66.25748216449871,        1.364658408167958,               270.3015097958123,                  85.91938518788305, 4674953.908944118,0.7327841121372572,  4674954.64172823, 6.226015832969602e-07
               0.00045923623205,               0.04245926334967,                0.0403992217534,       10.04784056184701,                0.10753762031391,   84.8992860573576,          69.01151632846936,       1.3696699406285755,               266.5654495957153,                  83.10308246434941, 4674953.927000967,0.7301029031425449,  4674954.65710387,  6.34703431846435e-07
               0.00206144202612,               0.05171722526292,               0.03826424787278,       10.07711105257632,                0.10033877470519,  84.90267176606707,           65.0028187082274,       1.3693708622018643,               273.6136354891871,                  83.73139213929053, 4674953.951034719,0.7302623617915028, 4674954.681297081, 6.449978981018803e-07
               0.00206144202612,               0.05171722526292,               0.03826424787278,       10.07711105257632,                0.10033877470519,  84.90267176606707,           65.0028187082274,       1.3693708622018643,               273.6136354891871,                  83.73139213929053, 4674953.951034719,0.7302623617915028, 4674954.681297081, 6.527483846684754e-07
               0.00206144202612,               0.05171722526292,               0.03826424787278,       10.07711105257632,                0.10033877470519,  84.90267176606707,           65.0028187082274,       1.3693708622018643,               273.6136354891871,                  83.73139213929053, 4674953.951034719,0.7302623617915028, 4674954.681297081, 6.527483846684754e-07
               0.00206144202612,               0.05171722526292,               0.03826424787278,       10.07711105257632,                0.10033877470519,  84.90267176606707,           65.0028187082274,       1.3693708622018643,               273.6136354891871,                  83.73139213929053, 4674953.951034719,0.7302623617915028, 4674954.681297081, 6.527483846684754e-07
                0.0003337116648,               0.04738953245191,               0.03198583515611,       10.04068276812984,                0.10576198610502,  86.07496485719224,          65.98757924545092,       1.4531248092735616,              272.14157091565556,                   91.2063737441533, 4674953.999687663,0.6881721333351364, 4674954.687859797, 6.557062407563949e-07
                0.0003337116648,               0.04738953245191,               0.03198583515611,       10.04068276812984,                0.10576198610502,  86.07496485719224,          65.98757924545092,       1.4531248092735616,              272.14157091565556,                   91.2063737441533, 4674953.999687663,0.6881721333351364, 4674954.687859797, 6.716541146732703e-07
                0.0003337116648,               0.04738953245191,               0.03198583515611,       10.04068276812984,                0.10576198610502,  86.07496485719224,          65.98757924545092,       1.4531248092735616,              272.14157091565556,                   91.2063737441533, 4674953.999687663,0.6881721333351364, 4674954.687859797, 6.716541146732703e-07
                0.0003337116648,               0.04738953245191,               0.03198583515611,       10.04068276812984,                0.10576198610502,  86.07496485719224,          65.98757924545092,       1.4531248092735616,              272.14157091565556,                   91.2063737441533, 4674953.999687663,0.6881721333351364, 4674954.687859797, 6.716541146732703e-07
                0.0011055977593,               0.05765778301652,               0.03510816832456,       10.10926124910627,                0.09944124658915,  85.62496867999018,           64.6705451674687,       1.3462968501794657,              277.07552333331296,                  79.31859863935908, 4674954.016737301,0.7427782363649568, 4674954.759515537, 6.639477609844712e-07
               0.00091972297562,                0.0503240085132,               0.03210430449954,       10.11562387705657,                0.11015094571438,  83.41645695190459,          67.64148058447864,       1.3810340686379328,              266.06675800231704,                  77.80260066475763,  4674954.08223129,0.7240950985273421, 4674954.806326388, 6.888251713460592e-07
               0.00079513843847,               0.05953570713994,               0.04920851233515,       10.07744452089114,                0.09973590539984,   86.2444920372418,             71.98133076912,       1.3168958989240842,              258.73423784352894,                   86.2082554540051, 4674954.097717297,0.7593614657141913, 4674954.857078763, 7.133583164898457e-07
                7.038248809e-05,               0.05829871585593,               0.03819870286931,        10.2642946117349,                0.10260380206307,   85.0870320765371,          65.71013224682824,       1.3828099519337862,              272.07586015492495,                  84.24176128345073, 4674954.101437494,0.7231651743622131, 4674954.824602668, 7.166382323979612e-07
                7.038248809e-05,               0.05829871585593,               0.03819870286931,        10.2642946117349,                0.10260380206307,   85.0870320765371,          65.71013224682824,       1.3828099519337862,              272.07586015492495,                  84.24176128345073, 4674954.101437494,0.7231651743622131, 4674954.824602668, 7.179712485603879e-07
                7.038248809e-05,               0.05829871585593,               0.03819870286931,        10.2642946117349,                0.10260380206307,   85.0870320765371,          65.71013224682824,       1.3828099519337862,              272.07586015492495,                  84.24176128345073, 4674954.101437494,0.7231651743622131, 4674954.824602668, 7.179712485603879e-07
                7.038248809e-05,               0.05829871585593,               0.03819870286931,        10.2642946117349,                0.10260380206307,   85.0870320765371,          65.71013224682824,       1.3828099519337862,              272.07586015492495,                  84.24176128345073, 4674954.101437494,0.7231651743622131, 4674954.824602668, 7.179712485603879e-07
               0.00169256189045,               0.04395534061963,               0.03722121067975,       10.03514192375214,                0.10798791063771,  84.81298033222652,            69.664978914486,       1.4240562616105976,               269.1059235280925,                   87.5417431200663, 4674954.104374057,0.7022194466312778, 4674954.806593503, 7.047179866813997e-07
               0.00101362920807,               0.05417396399146,               0.02942299587013,       10.11344362697367,                0.10231793558594,  82.51216981815304,          65.93473227206027,        1.372575925772419,              270.06204936916225,                  81.53472778387774, 4674954.122991599,0.7285571466199573, 4674954.851548745, 7.088397392940908e-07
               0.00118836049937,               0.05428720898397,               0.03361016019465,       10.10116771213601,                0.10547807505174,   85.8287281722478,          64.83887763428342,       1.3594120369111777,               270.9278527131625,                  81.67023046290728, 4674954.163297258,0.7356121417551776,   4674954.8989094, 7.265179947619555e-07
               0.00071874591772,               0.04905890448305,               0.03271339030676,       10.07701508528969,                0.10314810360517,  87.24687168848202,          63.89582517081489,       1.3843428121664745,              274.60152903898194,                  82.50253219404374, 4674954.197167767,0.7223644253514171, 4674954.919532193, 7.501732161072866e-07
               0.00071874591772,               0.04905890448305,               0.03271339030676,       10.07701508528969,                0.10314810360517,  87.24687168848202,          63.89582517081489,       1.3843428121664745,              274.60152903898194,                  82.50253219404374, 4674954.197167767,0.7223644253514171, 4674954.919532193, 7.628763758090194e-07
               0.00152019007169,               0.04830143606723,               0.04127116037392,       10.01445926314153,                0.10874567531193,  85.37789824625298,          69.33901350210226,       1.3487467494750531,               268.5047257295994,                  79.11951421660368, 4674954.218542581,0.7414290343159017, 4674954.959971616, 7.634444977047544e-07
               0.00152019007169,               0.04830143606723,               0.04127116037392,       10.01445926314153,                0.10874567531193,  85.37789824625298,          69.33901350210226,       1.3487467494750531,               268.5047257295994,                  79.11951421660368, 4674954.218542581,0.7414290343159017, 4674954.959971616, 7.716034289216462e-07
                0.0001284804886,               0.05155089012678,               0.03382769829574,       10.06530850371249,                0.10602504943227,  87.47293459083158,          65.90083098556835,       1.3912738911259999,               271.3090168146647,                  81.11198638456891, 4674954.258701503,0.7187657343232898, 4674954.977467238, 7.795771688232226e-07
                0.0001284804886,               0.05155089012678,               0.03382769829574,       10.06530850371249,                0.10602504943227,  87.47293459083158,          65.90083098556835,       1.3912738911259999,               271.3090168146647,                  81.11198638456891, 4674954.258701503,0.7187657343232898, 4674954.977467238, 7.952285544329323e-07
                0.0001284804886,               0.05155089012678,               0.03382769829574,       10.06530850371249,                0.10602504943227,  87.47293459083158,          65.90083098556835,       1.3912738911259999,               271.3090168146647,                  81.11198638456891, 4674954.258701503,0.7187657343232898, 4674954.977467238, 7.952285544329323e-07
               0.00084183271454,               0.05300799262634,                0.0441018631832,       10.06245474257449,                0.11040829432192,  84.67481750451161,          72.73505229222135,        1.340796739477868,                261.543328806375,                   82.1260769155039,  4674954.28251631,0.7458252026995674, 4674955.028341513, 7.927992051305861e-07
                0.0011405481228,               0.05131840784074,               0.04830281438979,       10.02570045619535,                0.10367415499414,  87.45988769948453,          70.39231054645121,        1.368279448293941,               264.7106823849417,                  85.47151571511347, 4674954.284641247,0.7308448586630928, 4674955.015486106, 7.990967152740719e-07
               0.00109222490997,               0.05046026650953,               0.04417224625582,       10.01530028422661,                0.10789306220388,  84.65294694685349,            72.326217959965,        1.364131388228543,               260.5516541362831,                  77.37723583252145,  4674954.29951881, 0.733067216713338, 4674955.032586026, 8.019311810091142e-07
               0.00109222490997,               0.05046026650953,               0.04417224625582,       10.01530028422661,                0.10789306220388,  84.65294694685349,            72.326217959965,        1.364131388228543,               260.5516541362831,                  77.37723583252145,  4674954.29951881, 0.733067216713338, 4674955.032586026, 8.078964617480078e-07
               0.00074897676575,               0.05023127478877,               0.03760906685975,        10.2558957090442,                0.09978927845018,  85.97293579275036,          67.44963530984441,       1.3421960790070573,                265.945320508817,                  82.65713209941886, 4674954.321285262,0.7450476242933072, 4674955.066332886, 8.086581533991352e-07
               0.00015901585445,               0.04402794058623,               0.02872328311228,       10.06079519549038,                0.10533187191677,  84.64051471760999,          65.90961630253554,       1.4066466001963345,              276.59182494080505,                  80.95477497556578, 4674954.327923797, 0.710910615260737, 4674955.038834413, 8.161005029291902e-07
               0.00015901585445,               0.04402794058623,               0.02872328311228,       10.06079519549038,                0.10533187191677,  84.64051471760999,          65.90961630253554,       1.4066466001963345,              276.59182494080505,                  80.95477497556578, 4674954.327923797, 0.710910615260737, 4674955.038834413, 8.188093493483925e-07
               0.00015901585445,               0.04402794058623,               0.02872328311228,       10.06079519549038,                0.10533187191677,  84.64051471760999,          65.90961630253554,       1.4066466001963345,              276.59182494080505,                  80.95477497556578, 4674954.327923797, 0.710910615260737, 4674955.038834413, 8.188093493483925e-07
               0.00015901585445,               0.04402794058623,               0.02872328311228,       10.06079519549038,                0.10533187191677,  84.64051471760999,          65.90961630253554,       1.4066466001963345,              276.59182494080505,                  80.95477497556578, 4674954.327923797, 0.710910615260737, 4674955.038834413, 8.188093493483925e-07
               0.00015901585445,               0.04402794058623,               0.02872328311228,       10.06079519549038,                0.10533187191677,  84.64051471760999,          65.90961630253554,       1.4066466001963345,              276.59182494080505,                  80.95477497556578, 4674954.327923797, 0.710910615260737, 4674955.038834413, 8.188093493483925e-07
                0.0019515376474,               0.04799640070858,               0.03283158749089,       10.02375522429479,                 0.1029689109236,  86.30582972880552,          65.38429192977279,       1.4168533117572106,               278.5700929554023,                   86.2370614819073, 4674954.333914701,0.7057893655623244, 4674955.039704067, 8.008398272430654e-07
               0.00020616051725,                0.0494849484847,               0.02812826343688,       10.22880237549421,                0.10068122046578,   82.7305108954753,           65.0702518087059,         1.42073259054244,                271.012030433702,                  86.41671259667632, 4674954.341220483,0.7038622233746302, 4674955.045082707, 8.021727216786508e-07
               0.00020616051725,                0.0494849484847,               0.02812826343688,       10.22880237549421,                0.10068122046578,   82.7305108954753,           65.0702518087059,         1.42073259054244,                271.012030433702,                  86.41671259667632, 4674954.341220483,0.7038622233746302, 4674955.045082707, 8.051029581130904e-07
               0.00018504484219,               0.05329321125357,               0.02648733390698,       10.10715354350047,                0.10256202314635,  84.96866461086863,          62.78093227070066,        1.373692193626061,              275.82936843778145,                  83.91993038893028, 4674954.346417458,0.7279651181247191, 4674955.074382576,  7.99168607619066e-07
               0.00018504484219,               0.05329321125357,               0.02648733390698,       10.10715354350047,                0.10256202314635,  84.96866461086863,          62.78093227070066,        1.373692193626061,              275.82936843778145,                  83.91993038893028, 4674954.346417458,0.7279651181247191, 4674955.074382576, 8.012452328168846e-07
               0.00018504484219,               0.05329321125357,               0.02648733390698,       10.10715354350047,                0.10256202314635,  84.96866461086863,          62.78093227070066,        1.373692193626061,              275.82936843778145,                  83.91993038893028, 4674954.346417458,0.7279651181247191, 4674955.074382576, 8.012452328168846e-07
               0.00085186703728,               0.05361566703212,               0.03224305803121,       10.20722273886463,                0.10098495718446,  83.94364154865593,          63.95788865852207,       1.3562706707524959,              275.57405641756156,                  84.32161866142933,4674954.3491556505,0.7373159514281709, 4674955.086471602, 7.903684390068387e-07
               0.00060377461347,               0.04348517866614,               0.03511379310096,        10.2036764200469,                0.10135352438069,  85.91641291623318,          67.51715465327902,       1.4071740400087005,               270.9899030960293,                  83.18054683106202, 4674954.352222508,0.7106441503098061, 4674955.062866658,  7.88722412913361e-07
               0.00060377461347,               0.04348517866614,               0.03511379310096,        10.2036764200469,                0.10135352438069,  85.91641291623318,          67.51715465327902,       1.4071740400087005,               270.9899030960293,                  83.18054683106202, 4674954.352222508,0.7106441503098061, 4674955.062866658,  7.89931861454327e-07
               0.00064367819285,               0.05030772025902,               0.04675718884119,       10.10498563096014,                0.10212633594732,  85.76302623108512,          70.65251300294193,        1.355914743553485,               259.7769559740858,                   88.8112027067773, 4674954.361677081, 0.737509496636397, 4674955.099186578, 7.857864529189611e-07
               0.00064367819285,               0.05030772025902,               0.04675718884119,       10.10498563096014,                0.10212633594732,  85.76302623108512,          70.65251300294193,        1.355914743553485,               259.7769559740858,                   88.8112027067773, 4674954.361677081, 0.737509496636397, 4674955.099186578, 7.895010631658799e-07
               0.00045395716751,               0.04730419790456,               0.04512606700177,       10.15043947638093,                0.10935493366486,  84.41287528169245,          72.24573906778491,       1.3607525450804634,              259.55123968469957,                  84.64126248983005, 4674954.374871005, 0.734887473564026, 4674955.109758479, 7.868359824668049e-07
               0.00045395716751,               0.04730419790456,               0.04512606700177,       10.15043947638093,                0.10935493366486,  84.41287528169245,          72.24573906778491,       1.3607525450804634,              259.55123968469957,                  84.64126248983005, 4674954.374871005, 0.734887473564026, 4674955.109758479, 7.920266345340614e-07
               0.00017998381487,               0.04807604143834,               0.03009766089246,       10.05462118160407,                0.11081534009111,  84.65509293164521,          65.17622929977007,       1.3910356353977458,              270.14495135249945,                  87.74799908599967, 4674954.385756241,0.7188888440762806,4674955.1046450855, 7.884368916630768e-07
               0.00055676160886,               0.04589368392415,               0.03375197366768,        10.2463402065232,                0.10370871125676,  85.24486408938539,          66.76664807156578,       1.3591531991793215,              266.02288910528836,                  77.84184957096068, 4674954.435945027,0.7357522320543527, 4674955.171697259, 8.090832817494004e-07
               0.00137451920872,               0.05036920852977,               0.03978248660781,       10.07573571079852,                0.10328795935677,  86.03555029654032,          68.16057897930955,       1.3810235020242445,               275.5543292532235,                  82.77740483078028, 4674954.443291489, 0.724100638790175, 4674955.167392128, 8.282987130486882e-07
               0.00137451920872,               0.05036920852977,               0.03978248660781,       10.07573571079852,                0.10328795935677,  86.03555029654032,          68.16057897930955,       1.3810235020242445,               275.5543292532235,                  82.77740483078028, 4674954.443291489, 0.724100638790175, 4674955.167392128, 8.313412318967178e-07
               0.00119053788529,               0.05223186966434,               0.03666440049284,       10.14891359228279,                0.09940434051343,  83.17145178963025,          67.47403611432058,       1.3975882569599547,              268.33879229944745,                   83.8522399439459, 4674954.485268036,0.7155183188038572, 4674955.200786355,  8.40711675388714e-07
               0.00091076071212,               0.04643048836775,               0.02835484111919,        10.0735472510936,                0.10801070525948,  85.43485270242192,          63.90632700316054,       1.4075139677042954,              275.20938074059006,                  85.02352261976908, 4674954.514666329, 0.710472523147344, 4674955.225138852,  8.66824414237163e-07
               0.00091076071212,               0.04643048836775,               0.02835484111919,        10.0735472510936,                0.10801070525948,  85.43485270242192,          63.90632700316054,       1.4075139677042954,              275.20938074059006,                  85.02352261976908, 4674954.514666329, 0.710472523147344, 4674955.225138852, 8.795650760400492e-07
               0.00142736313963,               0.04525112083545,               0.04183426847009,       10.17522312396319,                0.10751897651083,  84.66069853474136,          70.70219646928513,       1.3817502450357781,              265.70241290020147,                   84.5366086892078, 4674954.539620038,0.7237197920483138, 4674955.263339831, 8.818148896596291e-07
               0.00031620987765,               0.05335447846018,               0.03908178734209,       10.26641621910052,                0.10433107580862,  84.78747279021344,          67.98138792119525,       1.3733934472999325,               266.8938352102165,                  77.69846323718357, 4674954.540498054,0.7281234681627341, 4674955.268621522, 8.887648954898624e-07
               0.00156418157544,               0.05631159016998,               0.03502177974383,       10.06257710788841,                0.10049007410679,  85.62361551518252,          66.13340554338797,       1.3853141074732291,              273.89947135564216,                  88.64829802945651, 4674954.563805857,0.7218579487535643, 4674955.285663806, 8.951630835000776e-07
               0.00156418157544,               0.05631159016998,               0.03502177974383,       10.06257710788841,                0.10049007410679,  85.62361551518252,          66.13340554338797,       1.3853141074732291,              273.89947135564216,                  88.64829802945651, 4674954.563805857,0.7218579487535643, 4674955.285663806, 9.055947537965431e-07
               0.00030833693553,               0.04982676353819,               0.03290908844571,       10.18469265802774,                0.10178956259648,  83.96350615982651,          65.92651125311822,       1.4165503705898386,               276.2219820733232,                  81.27749904907407, 4674954.595616287,0.7059403045326297, 4674955.301556591, 9.110734585597907e-07
               0.00061241370574,               0.05083167542968,               0.02920961939216,       10.00880574959631,                0.10050566826481,  86.24059743892775,          62.93576576320579,       1.4032894026016387,              279.76636641162844,                  87.48080700989078, 4674954.607365968, 0.712611381619531,  4674955.31997735, 9.264006579212308e-07
               0.00061241370574,               0.05083167542968,               0.02920961939216,       10.00880574959631,                0.10050566826481,  86.24059743892775,          62.93576576320579,       1.4032894026016387,              279.76636641162844,                  87.48080700989078, 4674954.607365968, 0.712611381619531,  4674955.31997735, 9.318430517327905e-07
               0.00103172235117,               0.05849859815211,               0.04133685128342,       10.16816834267042,                0.09958841912489,  83.76404107205639,          68.77944814696093,       1.3667174180522692,              266.32079799546847,                  85.30360812081229, 4674954.643172644,0.7316801460137355,4674955.3748527905, 9.393873543287343e-07
               0.00084552516256,               0.05154128715115,               0.03054430198114,       10.28387927915037,                0.09860104947328,  84.01929746889451,          63.83835993771532,         1.38983285707007,               275.0479936855234,                  83.14793092677814, 4674954.652039397,0.7195109792612882, 4674955.371550376, 9.556833709894732e-07
               0.00084552516256,               0.05154128715115,               0.03054430198114,       10.28387927915037,                0.09860104947328,  84.01929746889451,          63.83835993771532,         1.38983285707007,               275.0479936855234,                  83.14793092677814, 4674954.652039397,0.7195109792612882, 4674955.371550376, 9.599202468044948e-07
               0.00049160761496,               0.06294781157055,               0.04076190106587,       10.03271696107037,                0.09631447098374,  85.29690023220572,          67.67405985293414,       1.3444108063528875,              273.87639491957646,                  81.81446352133761, 4674954.718884882,0.7438202633262048, 4674955.462705145, 9.832184262000447e-07
               0.00014978017507,               0.05926122287154,               0.04059302428054,       10.36243344989921,                 0.1003392349675,  83.78729644264766,          68.95082747275409,        1.346546076730851,              264.45909113936807,                   83.9093777173107, 4674954.742854463,0.7426407586644218, 4674955.485495222,1.0232761515074583e-06
               0.00088064538596,               0.04721036823224,               0.04718301492273,       10.03550853367732,                  0.109338467147,  87.06436283664983,          71.75650026022836,       1.3658282216629278,              261.02086886759315,                  84.26914277346766, 4674954.767263083,0.7321564924046426, 4674955.499419576,1.0431172717387475e-06
               0.00088064538596,               0.04721036823224,               0.04718301492273,       10.03550853367732,                  0.109338467147,  87.06436283664983,          71.75650026022836,       1.3658282216629278,              261.02086886759315,                  84.26914277346766, 4674954.767263083,0.7321564924046426, 4674955.499419576,1.0558471665433137e-06
               0.00088064538596,               0.04721036823224,               0.04718301492273,       10.03550853367732,                  0.109338467147,  87.06436283664983,          71.75650026022836,       1.3658282216629278,              261.02086886759315,                  84.26914277346766, 4674954.767263083,0.7321564924046426, 4674955.499419576,1.0558471665433137e-06
               0.00066617569905,               0.04893508462316,               0.04197523493007,       10.14109410730342,                0.10991814723335,    84.421217011842,          71.15122672884638,       1.3732539369189332,              264.65857119232487,                  87.39207360521921, 4674954.775774665,0.7281974390283744, 4674955.503972104,1.0445335436466151e-06
                0.0017624238173,               0.04719732512654,                0.0356255154774,       10.09638022179317,                0.10608360575488,  85.09192448294478,          66.13475946284488,        1.357137027449014,              271.65212525906065,                  80.62808211266824,4674954.8581679715,  0.73684527042909, 4674955.595013242,1.0885805553941976e-06
                0.0017624238173,               0.04719732512654,                0.0356255154774,       10.09638022179317,                0.10608360575488,  85.09192448294478,          66.13475946284488,        1.357137027449014,              271.65212525906065,                  80.62808211266824,4674954.8581679715,  0.73684527042909, 4674955.595013242,1.1334010778978835e-06
               0.00057716302596,               0.05105376118021,               0.03050748689026,       10.13876415368689,                0.09885541484243,  84.47461245775457,           63.8224820741133,       1.4213254955458212,               275.4777697300151,                  88.88332098902201, 4674954.858861211,0.7035686077072566, 4674955.562429818,1.1225125392863388e-06
               0.00057716302596,               0.05105376118021,               0.03050748689026,       10.13876415368689,                0.09885541484243,  84.47461245775457,           63.8224820741133,       1.4213254955458212,               275.4777697300151,                  88.88332098902201, 4674954.858861211,0.7035686077072566, 4674955.562429818,1.1229016246837784e-06
               0.00057716302596,               0.05105376118021,               0.03050748689026,       10.13876415368689,                0.09885541484243,  84.47461245775457,           63.8224820741133,       1.4213254955458212,               275.4777697300151,                  88.88332098902201, 4674954.858861211,0.7035686077072566, 4674955.562429818,1.1229016246837784e-06
               0.00173555855266,               0.05888157690339,               0.03506883697449,       10.02337869223964,                0.10706306967382,  84.49905173132588,          67.71969365079693,       1.3408335176751869,               269.3210589402895,                  82.67841454922014, 4674954.868310416,0.7458047451960007, 4674955.614115161,1.1113927484669282e-06
                0.0006811585334,               0.04718424391084,               0.03835330884086,       10.33012612800986,                0.10587348637617,  84.73680238214541,          70.57850078872065,       1.3980774813449937,               263.0389963953597,                  82.04649679690799,  4674954.93139421, 0.715267939969943,4674955.6466621505, 1.147263014418612e-06
               0.00030987078562,               0.05514396927106,               0.04161378801404,       10.13075356487215,                0.10597929734205,  83.83685396214042,           71.6748696044322,       1.3517756701564445,               264.3053790771114,                  83.78228786637796, 4674955.038341308,0.7397677159585713, 4674955.778109024,1.2440083280086959e-06
               0.00030987078562,               0.05514396927106,               0.04161378801404,       10.13075356487215,                0.10597929734205,  83.83685396214042,           71.6748696044322,       1.3517756701564445,               264.3053790771114,                  83.78228786637796, 4674955.038341308,0.7397677159585713, 4674955.778109024,1.3104665358626434e-06
               0.00066369701516,               0.05025115436836,               0.02861991215204,       10.10796420615487,                 0.1016307268646,  82.06383783412164,           64.9223699902565,         1.37243440352929,               272.4157626909325,                  79.41555376396857, 4674955.045942988, 0.728632273738144, 4674955.774575262,1.3023771724924137e-06
               0.00162614959687,               0.05141670112129,               0.03746181270334,       10.10052258464559,                0.10239603808825,  84.53409897767246,          68.51271546068594,       1.4221968201327988,              267.15800643932363,                  83.95546582370075, 4674955.058772578,0.7031375586303337, 4674955.761910137,1.3092214311756556e-06
               0.00063761897038,                 0.047160538026,               0.02931102049184,       10.15626242366918,                 0.1029495572893,  85.38682052684182,           64.9332283439552,       1.4213358015486175,              271.44862850046115,                  80.24811140581936, 4674955.103591378,0.7035635061823176, 4674955.807154884, 1.341112886712219e-06
               0.00022187048707,               0.05583891139426,                0.0354250508752,       10.32875119561841,                0.10364745190594,  84.98064226024547,          67.21614021091226,       1.3949197352273106,              271.05474446717875,                   86.8546166899995, 4674955.109005913,0.7168871260087548, 4674955.825893039,1.3680433433100791e-06
               0.00022187048707,               0.05583891139426,                0.0354250508752,       10.32875119561841,                0.10364745190594,  84.98064226024547,          67.21614021091226,       1.3949197352273106,              271.05474446717875,                   86.8546166899995, 4674955.109005913,0.7168871260087548, 4674955.825893039,1.3717469942312334e-06
               0.00022187048707,               0.05583891139426,                0.0354250508752,       10.32875119561841,                0.10364745190594,  84.98064226024547,          67.21614021091226,       1.3949197352273106,              271.05474446717875,                   86.8546166899995, 4674955.109005913,0.7168871260087548, 4674955.825893039,1.3717469942312334e-06
               0.00040446547615,                0.0479316597416,               0.03099112131065,       10.05982950048924,                0.10111567502299,  83.91394399408922,          63.85341591600813,       1.3685272466624958,               267.7969742512407,                  82.74575544776572,  4674955.13332926,0.7307125250438061, 4674955.864041785, 1.367908393294612e-06
               0.00040446547615,                0.0479316597416,               0.03099112131065,       10.05982950048924,                0.10111567502299,  83.91394399408922,          63.85341591600813,       1.3685272466624958,               267.7969742512407,                  82.74575544776572,  4674955.13332926,0.7307125250438061, 4674955.864041785,1.3845436285977002e-06
               0.00090421552614,               0.04396830527407,                0.0326434922861,       10.09001910991919,                0.10508497475309,  85.45179857891316,           65.3580055466123,       1.4287230599665814,               276.2456917531308,                  83.29252867349881, 4674955.151350353,0.6999257085018216,4674955.8512760615,1.3832303985283028e-06
               0.00164256461174,               0.05774856828391,               0.03849152936091,       10.02703594949175,                0.10600503229724,  84.66958874501594,          67.90236753281071,       1.3703457056569999,               268.9656063314311,                  89.09953494034144, 4674955.158464725,0.7297428640611232, 4674955.888207589,1.3937076302138322e-06
                0.0002706626399,               0.04476229932027,               0.02559364598474,       10.22541072452333,                0.10499926727433,  84.57742279076834,          63.67807858715178,       1.4200573746928404,              272.80851018497776,                  82.65465752145447, 4674955.168008441,0.7041968992388782,  4674955.87220534,1.3983795715567157e-06
               0.00159463082069,               0.05320478565935,               0.03402822052508,        10.1081717582962,                0.10064598498237,  84.05682448461319,          66.23318791290336,       1.3333581431171375,               270.1572058835488,                  79.73341903834576,4674955.1706911335,0.7499860447562801, 4674955.920677179,1.3999398818991336e-06
               0.00062565173344,               0.05371623443657,               0.03573666069634,       10.01314464143091,                0.10668477853321,  85.11033080373036,          67.94585987743277,        1.351155084442437,               265.9331833337129,                  88.37762505392939, 4674955.194167107,0.7401074913711009, 4674955.934274599,1.4114098170110854e-06
               0.00117649116382,               0.05269162918772,                0.0405780531926,       10.21129915414651,                 0.1032614073324,  85.89521748345923,          69.34390371496704,       1.3864879540188342,               263.9095598888799,                  80.63247129961695, 4674955.211195815,0.7212467999461725, 4674955.932442616,1.4330732054150135e-06
               0.00117649116382,               0.05269162918772,                0.0405780531926,       10.21129915414651,                 0.1032614073324,  85.89521748345923,          69.34390371496704,       1.3864879540188342,               263.9095598888799,                  80.63247129961695, 4674955.211195815,0.7212467999461725, 4674955.932442616,1.4452746025806486e-06
               0.00190836201181,               0.04988752896079,               0.04179634152599,       10.05901863254075,                0.10634368492348,  86.29241734324134,          68.53357393130213,       1.3645061462777786,              269.39816590399363,                  79.72116865776681, 4674955.233077988,0.7328658817169048,  4674955.96594387,1.4467218371788774e-06
               0.00063888866378,               0.05305256079843,               0.03340370951938,        10.2234968844618,                0.09955433826728,  83.85485602015562,           66.3379592654176,       1.3988767592618567,                273.957797374686,                  83.26877903898455, 4674955.311228611,0.7148592564563504, 4674956.026087867,1.5144198745233348e-06
                0.0005952767187,               0.04567183204261,               0.03319326789609,       10.05093490338156,                0.10501595110591,  85.10561562451531,          66.07957602440493,        1.424713221973635,               268.4791827061799,                  91.85154485286934, 4674955.326856492,  0.70189564087481, 4674956.028752133,1.5780681954329254e-06
                0.0005952767187,               0.04567183204261,               0.03319326789609,       10.05093490338156,                0.10501595110591,  85.10561562451531,          66.07957602440493,        1.424713221973635,               268.4791827061799,                  91.85154485286934, 4674955.326856492,  0.70189564087481, 4674956.028752133,1.5903988754960093e-06
               0.00022457158055,               0.05790853606288,               0.03629266007581,       10.10894032921267,                0.09824935825934,  86.31867088300936,          65.38349164773265,       1.3308741731362945,              273.39096770762274,                  81.56196475371318, 4674955.353771403,0.7513858336009577, 4674956.105157237,1.5960515064330394e-06
                7.280589494e-05,               0.05192266513171,               0.04573486843406,       10.14925418182407,                0.10665971271473,  87.58907985268638,           71.0661058191123,        1.362950514601739,              261.97591795936773,                  86.52145322378114, 4674955.411200926,0.7337023533038578, 4674956.144903279,1.6570503261804036e-06
                7.280589494e-05,               0.05192266513171,               0.04573486843406,       10.14925418182407,                0.10665971271473,  87.58907985268638,           71.0661058191123,        1.362950514601739,              261.97591795936773,                  86.52145322378114, 4674955.411200926,0.7337023533038578, 4674956.144903279,1.7046190577505812e-06
                7.280589494e-05,               0.05192266513171,               0.04573486843406,       10.14925418182407,                0.10665971271473,  87.58907985268638,           71.0661058191123,        1.362950514601739,              261.97591795936773,                  86.52145322378114, 4674955.411200926,0.7337023533038578, 4674956.144903279,1.7046190577505812e-06
               0.00016374208929,                0.0517230032408,               0.03517299810619,       10.03967821402848,                0.10356271367891,  85.48463672685699,          66.55078125365486,        1.436472010043867,              267.89517413761695,                  92.27608039000762, 4674955.432368711,0.6961500071062728, 4674956.128518717,1.6971386434989305e-06
               0.00016374208929,                0.0517230032408,               0.03517299810619,       10.03967821402848,                0.10356271367891,  85.48463672685699,          66.55078125365486,        1.436472010043867,              267.89517413761695,                  92.27608039000762, 4674955.432368711,0.6961500071062728, 4674956.128518717,1.7151003065244578e-06
                0.0008973769429,               0.05139751337037,               0.03409851758352,       10.05352868208063,                0.10890082519011,  85.44029257637501,           68.0279468927157,       1.4310375517060496,              266.08408353071525,                   87.1206175465414, 4674955.434051474,0.6987936821139482, 4674956.132845156,1.6994645297480309e-06
                 0.000890554519,               0.05413989278675,               0.04631154479131,       10.06959530494856,                0.09953937801465,  86.33126286560108,           70.1916090313519,       1.3164786824767147,               266.6877882114204,                  81.58997636982158,   4674955.4369306,0.7596021214097308, 4674956.196532721,1.6948721394662204e-06
               0.00095631603907,               0.05245045029091,               0.02899794502705,       10.04238762363214,                0.10195395057695,  85.63952278262975,          63.57343897455891,       1.4147129538017629,              273.68674552585895,                  83.42343378366172,4674955.4483036585,0.7068571736144047, 4674956.155160832,1.6985262894979138e-06
               0.00103280737759,               0.06249580643798,               0.04519134829159,       10.07291801228832,                0.10295530424931,   85.0096660446467,           70.5698587278291,       1.3296590107041408,              262.87962647916413,                  85.88780346620072, 4674955.458518827,0.7520725178032186, 4674956.210591345, 1.708412255760375e-06
               0.00081726559157,                0.0586855775691,                0.0449419165225,        10.1961279699605,                0.10022976410177,  84.61569652416247,          69.68954651104467,       1.3399865527025359,              267.13949755100333,                  85.29644132944107,  4674955.46710309,0.7462761458188979, 4674956.213379236,1.7159601455902961e-06
                0.0006274781758,               0.04958853208127,               0.03610912470578,       10.03061476023544,                0.10215905244414,  85.67283729044486,          66.65045701058472,       1.3743811583777523,               277.6213083262543,                  82.20001942856352, 4674955.505431745,0.7276001958440319, 4674956.233031941,1.7482514314613826e-06
                0.0006274781758,               0.04958853208127,               0.03610912470578,       10.03061476023544,                0.10215905244414,  85.67283729044486,          66.65045701058472,       1.3743811583777523,               277.6213083262543,                  82.20001942856352, 4674955.505431745,0.7276001958440319, 4674956.233031941,1.7817513938903312e-06
               0.00083491506307,               0.05237788269433,               0.02648075633478,       10.08123280591379,                 0.1049555081447,  84.78945427592308,           62.6761623041564,       1.3976216277958633,               277.6197107340553,                  82.74820654953281, 4674955.507925171,0.7155012344629086, 4674956.223426406,1.7662244988174864e-06
               0.00066124005601,               0.05850824110852,               0.03697617526101,       10.14932088575139,                0.09733509426975,  84.39212525427294,          66.42977035162875,       1.3712034501945478,                268.330148690778,                  83.61248064229399, 4674955.532957817,0.7292863796821099, 4674956.262244198, 1.781930384178158e-06
               0.00033370777975,               0.05202926470811,               0.03831948927287,       10.25724951081878,                0.09718694470795,  85.02019364692443,          66.73809951244002,       1.4019638949084847,               272.0971331425661,                   83.6128006510393, 4674955.537201054,0.7132851306882454, 4674956.250486185,1.7990730951439066e-06
               0.00021275108183,               0.04798024938746,                0.0475520830114,       10.23852813207558,                0.10784953443245,  86.78584336270116,          73.62575999255652,       1.3941705130307016,                261.448845562647,                   86.6177566515681, 4674955.567171208,0.7172723785601816, 4674956.284443586,1.8212093536296332e-06
               0.00021275108183,               0.04798024938746,                0.0475520830114,       10.23852813207558,                0.10784953443245,  86.78584336270116,          73.62575999255652,       1.3941705130307016,                261.448845562647,                   86.6177566515681, 4674955.567171208,0.7172723785601816, 4674956.284443586,1.8484982722548725e-06
               0.00218024818475,               0.05307734033331,               0.03984555893259,       10.00216836230886,                0.10066052043987,  85.07063107790036,          67.65734073356964,        1.354044325432392,               266.7668331885332,                   88.0369831082152,  4674955.57014416,0.7385282602773483,  4674956.30867242,1.8328297099776568e-06
               0.00188664705235,               0.04574681585297,               0.03730408155974,       10.00494130156698,                0.10433167667945,  85.76961554669835,          68.93950774308743,       1.3912393794837474,              261.60586279292204,                  85.24756861547964, 4674955.622822687,0.7187835643144848, 4674956.341606251,1.8758183054356726e-06
               0.00066004095234,               0.04964372549124,               0.03635463677051,       10.04464305978575,                0.10733109916957,  84.80803444149446,          69.88059718441579,       1.4037721875348128,               263.4784952416158,                  79.48851978778868, 4674955.633770783,0.7123663005149833, 4674956.346137084,1.9261802720783737e-06
               0.00145963437639,                0.0520084191804,               0.03674399057567,       10.19115043272019,                0.09952035726651,  85.56847238372667,          67.66488602471433,       1.3519117220453838,               270.7286121942368,                  80.97301633709128, 4674955.656219336,0.7396932682017457, 4674956.395912604, 1.948963513040631e-06
               0.00077362800783,               0.05375851424229,                0.0337929400805,       10.09343244654187,                 0.1048675201631,  86.05899483775173,          65.49639024854466,        1.355682818244336,               269.1118248020465,                  84.00384219317608,  4674955.65968254,0.7376356670913927, 4674956.397318208,1.9644347506933586e-06
               0.00095346862698,               0.04457109781199,               0.03245629492721,       10.05505205989333,                0.11099791083148,  83.59453844889745,          67.11197975423302,        1.385165677412138,              268.90614774982714,                  79.86145568399408, 4674955.714872648,0.7219353008141733, 4674956.436807949, 2.013597364409348e-06
               0.00095346862698,               0.04457109781199,               0.03245629492721,       10.05505205989333,                0.11099791083148,  83.59453844889745,          67.11197975423302,        1.385165677412138,              268.90614774982714,                  79.86145568399408, 4674955.714872648,0.7219353008141733, 4674956.436807949,2.0691485921028767e-06
               0.00237522167367,               0.04777704740655,               0.02949738529091,       10.00753120988927,                0.10301810281862,   84.8206147273395,          65.07656183846979,       1.3912316409470493,              276.81214444950166,                  79.06903933698068, 4674955.716731693,0.7187875624502564, 4674956.435519255, 2.050466002008175e-06
               0.00237522167367,               0.04777704740655,               0.02949738529091,       10.00753120988927,                0.10301810281862,   84.8206147273395,          65.07656183846979,       1.3912316409470493,              276.81214444950166,                  79.06903933698068, 4674955.716731693,0.7187875624502564, 4674956.435519255,2.0523719551286745e-06
               0.00237522167367,               0.04777704740655,               0.02949738529091,       10.00753120988927,                0.10301810281862,   84.8206147273395,          65.07656183846979,       1.3912316409470493,              276.81214444950166,                  79.06903933698068, 4674955.716731693,0.7187875624502564, 4674956.435519255,2.0523719551286745e-06
               0.00237522167367,               0.04777704740655,               0.02949738529091,       10.00753120988927,                0.10301810281862,   84.8206147273395,          65.07656183846979,       1.3912316409470493,              276.81214444950166,                  79.06903933698068, 4674955.716731693,0.7187875624502564, 4674956.435519255,2.0523719551286745e-06
                0.0004981732407,               0.04954394577083,               0.03296300747015,       10.10309206620274,                0.09841430526244,  86.68478179236205,          64.54057826193342,       1.3936329830729048,              271.84134969323253,                  86.37803579876831, 4674955.767348391,0.7175490334586084,4674956.4848974245, 2.063747629458862e-06
                0.0003404059825,               0.04841979325621,               0.03273658266747,       10.14846187197986,                0.10567150477626,  85.47846818960747,          66.71721573829501,       1.3778295362634903,              274.06256159083983,                  78.79386067025946, 4674955.826846232,0.7257791865254108, 4674956.552625419, 2.169974697623052e-06
               0.00030600267873,               0.04949146675039,               0.03406654124041,       10.10039437033579,                0.10663287389733,  86.61066786267142,           66.2978656456122,        1.423795858418351,               274.4435979021222,                  85.58949006899475, 4674955.844682425,0.7023478780945941, 4674956.547030304,2.2433994227523306e-06
               0.00082352410186,               0.05770015381714,               0.03945780978545,       10.03946908991776,                0.10185679232026,  85.22869996945911,          68.87979988232624,       1.3428514422629565,              261.42334556049457,                   79.5353212733498, 4674955.859649201,0.7446840123393043,4674956.6043332135, 2.269125449095293e-06
                0.0004038609078,               0.04999393768617,               0.02864322211365,       10.07623499391998,                 0.1051407942008,  86.23663544812564,          64.13462113151328,       1.4269033132623405,               273.4676376702825,                  87.21608216923902, 4674955.917115434,0.7008183320520098, 4674956.617933766,2.3420068583034024e-06
                1.128217823e-05,               0.04829140987821,               0.03506084186663,       10.14829853330821,                0.10421613964831,  84.07467267564441,          67.45706335929356,        1.334466788408864,              267.54247180786297,                  75.23202649611397, 4674955.950585229,0.7493629730510855, 4674956.699948203,2.4380924464707033e-06
                1.128217823e-05,               0.04829140987821,               0.03506084186663,       10.14829853330821,                0.10421613964831,  84.07467267564441,          67.45706335929356,        1.334466788408864,              267.54247180786297,                  75.23202649611397, 4674955.950585229,0.7493629730510855, 4674956.699948203,2.4788898651122764e-06
               0.00056944551531,               0.05167464277712,               0.04750937379678,       10.08465924187268,                0.10263983899072,  85.77740473668425,          70.95676234563922,        1.345828550793879,               267.8077248283007,                   79.1517350891196, 4674955.955752193,0.7430366961750952, 4674956.698788889,2.4605811490377462e-06
               0.00025428178187,               0.05344286095501,                0.0334640806177,       10.30177685080995,                0.10628209209048,  84.06257812183182,          66.99518792823828,       1.3977687798954612,               272.7121403478973,                  84.76463074956638, 4674955.997678738,0.7154259090511306, 4674956.713104648,  2.50721644152823e-06
               0.00081449406718,               0.05507676574857,               0.02824198333499,       10.04775806765462,                0.10284279021193,  84.10645898013176,          63.65356563576324,       1.3994314450171685,              272.68425427311024,                  86.07512161871891,  4674956.00182415,0.7145759112106644, 4674956.716400061, 2.552323246291692e-06
               0.00124156661335,               0.04790031973308,               0.03485826389401,        10.1255036478366,                0.10331785305346,  85.43226081091564,          66.65315810567675,        1.418492768641891,                273.382534115946,                  80.35621254912361, 4674956.039997502,0.7049736326519528, 4674956.744971135, 2.594401498096984e-06
               0.00078025441502,               0.04645666964715,               0.02845372195369,       10.04610280903252,                0.10999527657247,   84.6160402493531,          66.02535818916812,       1.3725480349578798,               268.4387084996449,                  80.51771301202764,  4674956.09941385,  0.72857195124008, 4674956.827985802, 2.711283788274349e-06
               0.00078025441502,               0.04645666964715,               0.02845372195369,       10.04610280903252,                0.10999527657247,   84.6160402493531,          66.02535818916812,       1.3725480349578798,               268.4387084996449,                  80.51771301202764,  4674956.09941385,  0.72857195124008, 4674956.827985802, 2.791807392249765e-06
               0.00025247146446,               0.04831937204317,               0.03134676342602,       10.26907753895665,                0.10735044554223,  85.28538506770992,          66.39884421215888,       1.3856530598600145,              272.59392173206703,                  80.06550879927894, 4674956.117437039,0.7216813710215636,  4674956.83911841,  2.78916233310301e-06
               0.00025247146446,               0.04831937204317,               0.03134676342602,       10.26907753895665,                0.10735044554223,  85.28538506770992,          66.39884421215888,       1.3856530598600145,              272.59392173206703,                  80.06550879927894, 4674956.117437039,0.7216813710215636,  4674956.83911841, 2.814296450463968e-06
               0.00022376452712,               0.04521887194135,                0.0268351626323,       10.06375156434942,                0.10496557562175,  84.44627414868488,          65.17585626661575,        1.371793002446001,               269.5052303135421,                   81.7672835712963, 4674956.135166971,0.7289729559903946, 4674956.864139927,2.8112141661580324e-06
               0.00117654702623,                0.0450864208619,               0.04374278410093,       10.04984301846006,                0.10915037030785,   86.1043991693727,          70.67656235036156,       1.3960067309150754,               262.6262877693336,                   85.4448851658756, 4674956.168134572,0.7163289243917219,4674956.8844634965, 2.869317688385775e-06
                3.908500319e-05,               0.04972680774788,               0.03601117036022,       10.07819556007334,                0.10882406167424,  83.34203292227474,          68.02671098748708,       1.3330618695988277,              264.05300568759526,                  78.21183205326473,4674956.1819037115,0.7501527294460388, 4674956.932056441,  2.92221805815559e-06
                3.908500319e-05,               0.04972680774788,               0.03601117036022,       10.07819556007334,                0.10882406167424,  83.34203292227474,          68.02671098748708,       1.3330618695988277,              264.05300568759526,                  78.21183205326473,4674956.1819037115,0.7501527294460388, 4674956.932056441,2.9423359558656857e-06
                3.908500319e-05,               0.04972680774788,               0.03601117036022,       10.07819556007334,                0.10882406167424,  83.34203292227474,          68.02671098748708,       1.3330618695988277,              264.05300568759526,                  78.21183205326473,4674956.1819037115,0.7501527294460388, 4674956.932056441,2.9423359558656857e-06
                3.908500319e-05,               0.04972680774788,               0.03601117036022,       10.07819556007334,                0.10882406167424,  83.34203292227474,          68.02671098748708,       1.3330618695988277,              264.05300568759526,                  78.21183205326473,4674956.1819037115,0.7501527294460388, 4674956.932056441,2.9423359558656857e-06
                3.908500319e-05,               0.04972680774788,               0.03601117036022,       10.07819556007334,                0.10882406167424,  83.34203292227474,          68.02671098748708,       1.3330618695988277,              264.05300568759526,                  78.21183205326473,4674956.1819037115,0.7501527294460388, 4674956.932056441,2.9423359558656857e-06
               0.00029614552572,               0.04922494813185,               0.03098451350226,        10.0641146174549,                0.10094295440497,  83.44275966940849,           62.5688844117576,       1.3697267886989177,              277.22585500144413,                  81.64387492154533, 4674956.182287969,0.7300726015221507,  4674956.91236057,2.8696948679814176e-06
               0.00112640051056,               0.04715894692001,               0.03804207560397,        10.0188013330237,                0.10588394487122,  86.13832527526448,          68.90532390646742,       1.3554430033442701,               267.1195567108822,                  85.65373814115343, 4674956.187148143,0.7377661749942348, 4674956.924914317,2.8629235254685475e-06
                0.0014435850383,                0.0442230086461,               0.03876884107783,       10.02557444222997,                0.10459703562587,  86.41044945386939,          67.44467354449867,       1.3945029651170286,              271.46678869381986,                  84.01946331157345, 4674956.188516745,0.7171013794983782, 4674956.905618125,2.8575580819986195e-06
               0.00110758788599,               0.05053299405026,               0.04067852819653,       10.15791565202821,                0.10126260163055,  84.43860330401164,          68.37831663062912,       1.3593123802374083,               271.4493771725757,                  80.19044412753162, 4674956.188997092,0.7356660724485911, 4674956.924663164,2.8459706039713246e-06
               0.00089213861343,               0.05230077806444,                0.0390855266757,       10.04032355436924,                0.10423525166649,  84.71634616303015,           70.8274352040483,       1.3591061612421198,               267.6606847381358,                  82.95579324876587, 4674956.210171984,0.7357776960455216, 4674956.945949679,2.8628002808247857e-06
               0.00118851622971,               0.04821888255537,               0.02856289685484,       10.25275497229887,                 0.1040267534541,   83.5772366362319,            65.236982524003,       1.3920771747160374,              269.55193318910233,                   83.2330431718393, 4674956.226233076, 0.718350978065555, 4674956.944584054,2.9020196185678845e-06
               0.00055358392645,               0.05634215687188,               0.03717903429678,       10.14569146976584,                0.10225748582541,  84.65702485817121,          65.08555052160267,        1.356571382008241,               273.7582365275159,                  80.08221780037931, 4674956.265746495,0.7371525105590979, 4674957.002899005,2.9694285749062698e-06
               0.00055292424318,               0.05053223595101,               0.03747026530797,       10.01232569078311,                 0.1115078993461,  86.46970134792043,          69.37904451232136,       1.4033420342346015,              266.36649565915235,                   82.4749104147537, 4674956.271574059,0.7125846554902143, 4674956.984158714, 3.021826890344964e-06
                0.0007686163942,               0.04674177485151,               0.03498966567067,        10.0697598354018,                0.10883055116521,   86.4375223152498,          68.61964477798978,       1.4259746379544191,               264.9319506467545,                  86.60541876049872, 4674956.336163509,0.7012747445736582, 4674957.037438253,3.1161544207131286e-06
                0.0007686163942,               0.04674177485151,               0.03498966567067,        10.0697598354018,                0.10883055116521,   86.4375223152498,          68.61964477798978,       1.4259746379544191,               264.9319506467545,                  86.60541876049872, 4674956.336163509,0.7012747445736582, 4674957.037438253,3.2167547991993703e-06
                0.0007686163942,               0.04674177485151,               0.03498966567067,        10.0697598354018,                0.10883055116521,   86.4375223152498,          68.61964477798978,       1.4259746379544191,               264.9319506467545,                  86.60541876049872, 4674956.336163509,0.7012747445736582, 4674957.037438253,3.2167547991993703e-06
                0.0007686163942,               0.04674177485151,               0.03498966567067,        10.0697598354018,                0.10883055116521,   86.4375223152498,          68.61964477798978,       1.4259746379544191,               264.9319506467545,                  86.60541876049872, 4674956.336163509,0.7012747445736582, 4674957.037438253,3.2167547991993703e-06
               0.00099647221309,               0.05063544916876,               0.04144757328949,       10.00256916002769,                0.10398956834796,  86.56308783446997,          71.26122815045987,         1.34880115081216,              265.22247858911965,                  81.48077303842243, 4674956.342579583,0.7413991301815432, 4674957.083978713, 3.162886400848566e-06
               0.00099647221309,               0.05063544916876,               0.04144757328949,       10.00256916002769,                0.10398956834796,  86.56308783446997,          71.26122815045987,         1.34880115081216,              265.22247858911965,                  81.48077303842243, 4674956.342579583,0.7413991301815432, 4674957.083978713, 3.173033021750121e-06
               0.00099647221309,               0.05063544916876,               0.04144757328949,       10.00256916002769,                0.10398956834796,  86.56308783446997,          71.26122815045987,         1.34880115081216,              265.22247858911965,                  81.48077303842243, 4674956.342579583,0.7413991301815432, 4674957.083978713, 3.173033021750121e-06
               0.00076787860387,                 0.051464295065,               0.03668628855274,       10.36282036126233,                0.10154778548244,  85.43389358227687,           65.4129628018434,       1.3763862304302177,              272.68791614765297,                   82.1490563197654, 4674956.362074255,0.7265402529400701, 4674957.088614508, 3.156440228868059e-06
               0.00131987689443,               0.04972896843408,               0.04097246977182,       10.07907154124765,                0.10910591999622,  85.78122917462201,          70.77061872545363,        1.390491884101328,               267.2423126358975,                  81.09326690091885, 4674956.376663428,0.7191699652718921, 4674957.095833393,3.1946526489313545e-06
               0.00131987689443,               0.04972896843408,               0.04097246977182,       10.07907154124765,                0.10910591999622,  85.78122917462201,          70.77061872545363,        1.390491884101328,               267.2423126358975,                  81.09326690091885, 4674956.376663428,0.7191699652718921, 4674957.095833393, 3.217955904389614e-06
               0.00117819680799,               0.04780131240596,               0.03323103668794,       10.05162558773723,                0.11030106834551,  85.22751516244396,          68.74160903054837,       1.4095451615391204,                 264.25639508788,                  82.84563394236403,  4674956.39433003,0.7094487124542168, 4674957.103778743, 3.214328838338579e-06
               0.00183680510083,               0.05045526160457,               0.02736693167065,       10.06625110803629,                0.10422563438952,  84.68164299878187,          64.55067637793334,       1.4141188689209157,              276.63165552189764,                  83.87299926625242, 4674956.435138891,0.7071541310831096, 4674957.142293023,3.2937868111029313e-06
               0.00183680510083,               0.05045526160457,               0.02736693167065,       10.06625110803629,                0.10422563438952,  84.68164299878187,          64.55067637793334,       1.4141188689209157,              276.63165552189764,                  83.87299926625242, 4674956.435138891,0.7071541310831096, 4674957.142293023, 3.360985330620786e-06
               0.00093555483262,               0.04993566095449,               0.04257050370433,       10.01921618666922,                0.10848014691097,  85.30421552582264,          69.55506513118064,       1.3629256370168938,               269.4140497791289,                   81.1282144495541, 4674956.438837149,0.7337157456284643, 4674957.172552895,3.3337071376154117e-06
               0.00093555483262,               0.04993566095449,               0.04257050370433,       10.01921618666922,                0.10848014691097,  85.30421552582264,          69.55506513118064,       1.3629256370168938,               269.4140497791289,                   81.1282144495541, 4674956.438837149,0.7337157456284643, 4674957.172552895,3.3398715837808254e-06
               0.00087477238764,                0.0526626816609,               0.04197510355586,       10.10293698691226,                0.10563015365804,   86.2416931787165,          67.86895693315128,       1.3604334300464898,               265.6281477788976,                  81.61737326910254, 4674956.445176974,0.7350598551270732, 4674957.180236829, 3.317154085026651e-06
               0.00064301453571,               0.04919838445705,               0.03993357520736,       10.26543700130227,                0.10067177638179,  85.72069651254678,          67.23238259336264,       1.3879649620985448,              265.87403777401425,                  87.67983151247023,  4674956.45555332,0.7204792824798991, 4674957.176032603, 3.328381633837223e-06
                0.0016378768798,               0.05298595305468,               0.04113494320283,       10.13804863947274,                0.10259890137799,  85.62926804050696,          69.24265450201686,       1.3243297524157878,               266.4458770690469,                  80.53877134702326, 4674956.464616727,0.7550989458447499, 4674957.219715673,3.3441593119463306e-06
                0.0016378768798,               0.05298595305468,               0.04113494320283,       10.13804863947274,                0.10259890137799,  85.62926804050696,          69.24265450201686,       1.3243297524157878,               266.4458770690469,                  80.53877134702326, 4674956.464616727,0.7550989458447499, 4674957.219715673,3.3593139458579222e-06
                0.0016378768798,               0.05298595305468,               0.04113494320283,       10.13804863947274,                0.10259890137799,  85.62926804050696,          69.24265450201686,       1.3243297524157878,               266.4458770690469,                  80.53877134702326, 4674956.464616727,0.7550989458447499, 4674957.219715673,3.3593139458579222e-06
                0.0016378768798,               0.05298595305468,               0.04113494320283,       10.13804863947274,                0.10259890137799,  85.62926804050696,          69.24265450201686,       1.3243297524157878,               266.4458770690469,                  80.53877134702326, 4674956.464616727,0.7550989458447499, 4674957.219715673,3.3593139458579222e-06
               0.00107208233245,               0.04830084099642,               0.04524155382652,       10.21474938992872,                0.10330080791558,  86.47690929247138,           72.1310197317758,        1.395695570739894,              260.63103625939766,                  88.08063776456943, 4674956.510008363,0.7164886247148254, 4674957.226496988, 3.368908947014885e-06
               0.00060329880481,               0.05374846251349,               0.03948145773537,       10.11126271741269,                0.10324355723537,  84.02549949376197,          69.49465743692309,        1.322752748323568,               263.8134353462277,                  83.37984495068586, 4674956.551523947,0.7559991852350194, 4674957.307523132,3.5008748867347464e-06
               0.00071221992781,               0.05430573928285,               0.03739799097289,       10.22357041868703,                 0.1039545565792,  86.00671614318864,          67.35983638666256,       1.3711851359353482,               270.7792798156222,                  86.67742168196236, 4674956.586800289,0.7292961204089002,  4674957.31609641,3.6195924760001506e-06
               0.00183111303017,               0.05097835218301,               0.02961949574397,       10.06306346002345,                0.10227449491115,  84.12257633860469,          65.92175925555097,       1.3952468593656004,              269.53427613905563,                  82.53857859112166, 4674956.591498744,0.7167190474484825, 4674957.308217791, 3.673733747252217e-06
               0.00035473090362,                0.0534300729948,               0.03018311599484,        10.0352074174157,                 0.1079438309675,    83.718281918181,          66.44793047943625,       1.3634401349772474,                269.877536478096,                  77.17628178011283, 4674956.593013468,0.7334388759332566, 4674957.326452344, 3.666821057744956e-06
               0.00062331158507,               0.05653942786491,               0.03211046756601,       10.06636584419933,                0.10086797045675,  83.90737318445275,          64.53645206708626,       1.4020565355785994,              277.49903653802767,                  84.48464572050649, 4674956.603496067,0.7132380004828557, 4674957.316734068,3.6705798956063715e-06
               0.00033664304854,               0.05303793365751,                0.0407524529562,        10.1510111368738,                0.10389053833991,  84.52987854658805,          68.38817780359163,        1.354048012413657,              271.23839814636744,                  79.71507353556999, 4674956.607744177,0.7385262493147868, 4674957.346270426,3.6792759958060996e-06
               0.00074021370717,                0.0573702541551,               0.04088108776795,        10.1679095029518,                0.10181833984125,  84.73215832087415,          68.46143122771542,       1.3809531022717174,              264.32746227403265,                  87.43677935774947, 4674956.614109974,0.7241375527923172, 4674957.338247527, 3.680461729684827e-06
               0.00167364827312,               0.04990189402543,               0.04470794462239,         10.072954211779,                0.10208976159285,  85.04428908907448,          72.07966148342294,       1.3776998906313513,              259.07449419312275,                  86.81329370582436, 4674956.627273763,0.7258474844922396, 4674957.353121247,3.6981476579787154e-06
               0.00167364827312,               0.04990189402543,               0.04470794462239,         10.072954211779,                0.10208976159285,  85.04428908907448,          72.07966148342294,       1.3776998906313513,              259.07449419312275,                  86.81329370582436, 4674956.627273763,0.7258474844922396, 4674957.353121247,3.7224881221115384e-06
               0.00170773456535,               0.05334699584654,                0.0339533556365,       10.02797487857251,                0.10564017712215,  84.16472419249847,           68.7996665330236,       1.3778629002543734,              267.83079604629097,                   81.1717184306563, 4674956.645153632,0.7257616122876852, 4674957.370915244,3.7186924192441143e-06
               0.00149855781375,                0.0480688336768,               0.04079393674944,       10.03795772082187,                0.10502009775025,  86.47668323408205,          67.55480106483786,       1.3611647632841322,               267.3982729561815,                  83.09350353486127, 4674956.679915993,0.7346649185858024, 4674957.414580911,3.7992997145642444e-06
               0.00149855781375,                0.0480688336768,               0.04079393674944,       10.03795772082187,                0.10502009775025,  86.47668323408205,          67.55480106483786,       1.3611647632841322,               267.3982729561815,                  83.09350353486127, 4674956.679915993,0.7346649185858024, 4674957.414580911, 3.865329379509234e-06
               0.00068218816778,               0.06174601080191,               0.04653277882259,       10.12633592099808,                0.09761487611596,  85.59116463421036,          69.93266084094368,        1.344724152980621,               262.7267193317515,                  83.96000733198423,4674956.6865410395,0.7436469388784832, 4674957.430187979,3.8395870655330315e-06
               0.00052169187696,               0.05712238696081,               0.03820211273485,       10.24954147980172,                0.10397772584141,  84.02750533995405,          68.42668094938534,       1.3358971172782206,              264.34382826149863,                   81.4349959703768, 4674956.687504838,0.7485606391886053, 4674957.436065477, 3.834988118274608e-06
               0.00119505370017,               0.05426488181446,               0.03303498235216,       10.01315990365671,                 0.1012163892715,  84.14918786166271,          63.57572086934384,        1.393626888723911,              278.00958127314107,                  87.00080874786073, 4674956.693301017,0.7175521713101133,4674957.4108531885, 3.828843760204029e-06
                5.735712794e-05,               0.05291415792088,               0.04173346251613,       10.30492820187319,                0.10178859182723,  84.06940284666264,          69.36245893742395,       1.3439366853950614,               267.3153236368218,                  83.00567571742667,4674956.7021777565, 0.744082672098531, 4674957.446260429, 3.837869654573448e-06
               0.00070217010622,               0.04887708746728,                0.0295581336587,       10.25358596534523,                0.10178273400645,  84.51311276679749,          64.59212539780096,        1.378153715137455,               274.9175439543423,                  84.31237128275966, 4674956.705008444,0.7256084637120914, 4674957.430616908, 3.841161364469835e-06
               0.00070217010622,               0.04887708746728,                0.0295581336587,       10.25358596534523,                0.10178273400645,  84.51311276679749,          64.59212539780096,        1.378153715137455,               274.9175439543423,                  84.31237128275966, 4674956.705008444,0.7256084637120914, 4674957.430616908,3.8465979270007474e-06
               0.00070217010622,               0.04887708746728,                0.0295581336587,       10.25358596534523,                0.10178273400645,  84.51311276679749,          64.59212539780096,        1.378153715137455,               274.9175439543423,                  84.31237128275966, 4674956.705008444,0.7256084637120914, 4674957.430616908,3.8465979270007474e-06
               0.00122038832854,               0.04530721137877,               0.03246769787376,        10.1189488937552,                0.10841060557382,  85.60236426462079,          66.91453873871295,       1.4038593061971851,              270.38719509306736,                  80.49635546316387,  4674956.72623764,0.7123220935214861, 4674957.438559733,3.8298366644100175e-06
               0.00061561332152,               0.05133261945772,               0.04363901565938,       10.15679694341434,                 0.1029398321071,  84.37623364649572,            71.420996121049,       1.3373544782475464,              261.86991330918073,                  85.10858514682596,  4674956.74636313,0.7477449070274833, 4674957.494108037, 3.890377715659041e-06
               0.00211613065724,               0.04617535231057,                 0.036277435904,       10.07232725047664,                0.10765032436728,  85.00137498104183,          69.32609114129392,       1.3738203977637653,               267.6308240119272,                  80.38605358789869, 4674956.809712726,0.7278971848341668, 4674957.537609911, 4.037829068145962e-06
               0.00211613065724,               0.04617535231057,                 0.036277435904,       10.07232725047664,                0.10765032436728,  85.00137498104183,          69.32609114129392,       1.3738203977637653,               267.6308240119272,                  80.38605358789869, 4674956.809712726,0.7278971848341668, 4674957.537609911,4.1656837298716625e-06
               0.00114126068971,               0.04706040563612,               0.03585971195412,       10.11484421174137,                0.10565581963625,  85.93130279672219,          69.17351091436274,       1.4035037910985897,               267.3267395492785,                  80.92687760350672, 4674956.900614269,  0.71250252855908, 4674957.613116798, 4.320467620451705e-06
               0.00114126068971,               0.04706040563612,               0.03585971195412,       10.11484421174137,                0.10565581963625,  85.93130279672219,          69.17351091436274,       1.4035037910985897,               267.3267395492785,                  80.92687760350672, 4674956.900614269,  0.71250252855908, 4674957.613116798, 4.516701102373132e-06
               0.00014345932147,               0.05014922801132,                0.0298441779227,       10.29949487744406,                0.10505466779376,  85.06619778064847,          65.28961042897038,        1.366044220366557,              271.16315262297064,                  80.33943300999447, 4674956.919045408,0.7320407239318104, 4674957.651086132, 4.513350719646407e-06
               0.00114484272873,               0.04925990246582,               0.02987209442838,       10.15824132124798,                0.10570379834389,   84.6221991107976,          66.54689177770696,       1.3767867486945935,               272.7751742043526,                   82.1771367372007, 4674956.921041983,0.7263288965761433,  4674957.64737088, 4.536810279039429e-06
               0.00052481041496,                0.0531766819332,               0.02741146289018,       10.01117854162421,                0.10524319746049,  82.64911013399525,          64.80569586284159,        1.357528794640956,               271.8845612525655,                   82.9769411418085, 4674956.987402804,0.7366326253613527,  4674957.72403543,4.6737661875655845e-06
                 8.41484326e-05,               0.04379502439696,               0.03422404866045,       10.03110709180402,                0.10595365934847,  83.67766035360063,           66.4307266627882,       1.3659711229030955,               264.5550573583221,                   80.3344363013813,  4674957.06100262,0.7320798977614564, 4674957.793082518, 4.988247180531001e-06
                 8.41484326e-05,               0.04379502439696,               0.03422404866045,       10.03110709180402,                0.10595365934847,  83.67766035360063,           66.4307266627882,       1.3659711229030955,               264.5550573583221,                   80.3344363013813,  4674957.06100262,0.7320798977614564, 4674957.793082518, 5.171731398765315e-06
                 8.41484326e-05,               0.04379502439696,               0.03422404866045,       10.03110709180402,                0.10595365934847,  83.67766035360063,           66.4307266627882,       1.3659711229030955,               264.5550573583221,                   80.3344363013813,  4674957.06100262,0.7320798977614564, 4674957.793082518, 5.171731398765315e-06
               0.00090760001168,                0.0546451038408,               0.03546293790221,       10.00851260767836,                0.10304016754873,  85.44273036508916,          65.95632775220459,       1.3537001369051265,               271.3341825646053,                   87.3209184756524, 4674957.066423092,0.7387160366890652, 4674957.805139129, 5.108386274516504e-06
               0.00090760001168,                0.0546451038408,               0.03546293790221,       10.00851260767836,                0.10304016754873,  85.44273036508916,          65.95632775220459,       1.3537001369051265,               271.3341825646053,                   87.3209184756524, 4674957.066423092,0.7387160366890652, 4674957.805139129, 5.122231176671704e-06
               0.00030274646045,                0.0472834259781,               0.03023828240336,        10.2709284853861,                0.10382755091768,  83.81039410012339,          66.18974657952093,       1.3762798340635827,               266.7694555359243,                  78.85826402422008, 4674957.075667487,0.7265964197465681, 4674957.802263907, 5.094812764899567e-06
               0.00030274646045,                0.0472834259781,               0.03023828240336,        10.2709284853861,                0.10382755091768,  83.81039410012339,          66.18974657952093,       1.3762798340635827,               266.7694555359243,                  78.85826402422008, 4674957.075667487,0.7265964197465681, 4674957.802263907, 5.118361829333166e-06
                 0.000773051378,               0.05551062027764,               0.03975328327285,       10.07564575002073,                0.10762701860359,  85.52155432931468,          69.88677025780427,        1.375778567904445,              266.60006559101356,                  87.84223326477697,4674957.1155705415,0.7268611558058922, 4674957.842431697, 5.170580135414823e-06
               0.00156050392186,               0.05051685012436,               0.03203764917112,       10.08342862155089,                0.09978547188141,  84.96691838250682,           65.2302131255792,       1.3859489521771535,               275.0013645950702,                  78.87914894993658, 4674957.137343996,0.7215272961021575, 4674957.858871292, 5.305244440769223e-06
               0.00037168345725,               0.04971744111772,               0.03930872144712,       10.12020245240735,                0.10767276440833,  84.20721165164339,          69.38213317566752,       1.3792890177258728,              270.59409443844277,                  84.85137006170508, 4674957.195686293,0.7250112102311724, 4674957.920697503, 5.496614414921205e-06
               0.00058087774014,               0.05106325824678,               0.03671597509736,       10.03895568819264,                0.10938456559323,  84.13621460602718,          70.35525712649934,       1.4020398152181397,               265.6266801184973,                  88.66126074044405, 4674957.231923426,0.7132465063728683, 4674957.945169932, 5.732623211771983e-06
               0.00058087774014,               0.05106325824678,               0.03671597509736,       10.03895568819264,                0.10938456559323,  84.13621460602718,          70.35525712649934,       1.4020398152181397,               265.6266801184973,                  88.66126074044405, 4674957.231923426,0.7132465063728683, 4674957.945169932, 5.836478762333858e-06
               0.00167144796679,               0.04743873654005,               0.04127175097464,       10.11676003059803,                0.10359408721405,   84.8311225517998,          70.01508842592861,       1.3640974497131593,              263.97088174585446,                  78.50855306592479, 4674957.258389651,0.7330854553025363, 4674957.991475106, 5.855891493724163e-06
               0.00167144796679,               0.04743873654005,               0.04127175097464,       10.11676003059803,                0.10359408721405,   84.8311225517998,          70.01508842592861,       1.3640974497131593,              263.97088174585446,                  78.50855306592479, 4674957.258389651,0.7330854553025363, 4674957.991475106, 5.933378642723924e-06
               0.00046506289621,               0.05661360935087,               0.04250830116647,       10.10985419865756,                0.10656372834816,  85.20902901964959,          70.77554481861497,       1.3716503849813944,               264.4896859989601,                  88.85882885953818,  4674957.27894254,0.7290487510150514, 4674958.007991292, 5.935332012466767e-06
                0.0013152125843,               0.05511828327202,               0.03794640977271,       10.09169004813958,                0.10270678481481,  84.73688526998356,          68.27239939441688,       1.3770109537929052,              270.50695013073715,                  79.74234800613804, 4674957.280019082,0.7262106356129935, 4674958.006229717,  5.96970483903135e-06
               0.00073833879116,               0.04801483107559,               0.03581206019923,       10.21539016557534,                 0.1049161542658,  84.28349892835212,          68.64105791606795,       1.3628441923462167,               264.5844063193512,                   77.3518838134172, 4674957.294129079,0.7337595930745693, 4674958.027888672, 5.985428630716098e-06
               0.00084864541524,                0.0480257474481,               0.03551868395096,       10.09017790801202,                0.10667656528165,  84.25311980147079,           66.6412428378316,       1.3456831609037596,              268.87289905783814,                  78.65884275081983, 4674957.315965265,0.7431169751194634,  4674958.05908224, 6.063870053013514e-06
               0.00084864541524,                0.0480257474481,               0.03551868395096,       10.09017790801202,                0.10667656528165,  84.25311980147079,           66.6412428378316,       1.3456831609037596,              268.87289905783814,                  78.65884275081983, 4674957.315965265,0.7431169751194634,  4674958.05908224, 6.130073320782417e-06
               0.00151059884777,               0.04829860352907,               0.03156401068183,       10.00710298865413,                0.11093001360168,  83.75480699253393,          66.33549837720732,       1.4157715686107277,              269.29482723003383,                   87.7612420717902, 4674957.327730989,0.7063286353329462, 4674958.034059624, 6.104991981839281e-06
               0.00085439696858,               0.05168495154939,               0.04065286958762,       10.06861349706077,                0.10616356419833,  85.70254944674188,          67.63510057108999,       1.3459488785151144,              268.15057078314976,                  79.13109661038804, 4674957.332552878, 0.742970268754357, 4674958.075523147, 6.125121921962234e-06
               0.00017880858419,                0.0484800093616,               0.03172188868588,       10.13443077461831,                0.10998321402005,    82.545504810105,          67.58898168367159,        1.383729182317593,               262.9439492819435,                  83.54139056347675, 4674957.363888027,0.7226847657611085, 4674958.086572793, 6.206576552835322e-06
               0.00157602959737,               0.05252749782597,               0.03245493734558,       10.11583851231371,                0.10385392923566,  85.93536246107298,          65.96387971201757,       1.3724283740345864,               271.7503601435845,                  82.13353012191502, 4674957.502127749,0.7286354748410346, 4674958.230763224, 6.737396027488491e-06
               0.00091584768268,               0.05028417588038,               0.04352414017379,       10.11321462082045,                0.10670218589486,   84.8248400525328,          72.31932521442504,       1.3836021022001146,               262.2327309705753,                  80.72404587951311, 4674957.506001523, 0.722751142405656, 4674958.228752665, 7.180418791001499e-06
               0.00163383224497,               0.04812666937351,               0.03170111098786,        10.0171933367442,                0.10104320004974,  84.95930369054977,          66.28459229464632,       1.3826608494978705,              272.11022259904075,                  78.27648833839257, 4674957.510821075, 0.723243158554147,4674958.2340642335, 7.175825860937924e-06
               0.00163383224497,               0.04812666937351,               0.03170111098786,        10.0171933367442,                0.10104320004974,  84.95930369054977,          66.28459229464632,       1.3826608494978705,              272.11022259904075,                  78.27648833839257, 4674957.510821075, 0.723243158554147,4674958.2340642335,7.1931179626811885e-06
               0.00061173559943,               0.05607483450161,               0.03028801651871,       10.05675271249506,                0.10684714809417,  85.00334052275998,           65.7095072291772,       1.3884738887267234,              272.26804962358665,                  83.18326692444802, 4674957.525169345,0.7202152003859671, 4674958.245384545,7.1730038606573795e-06
               0.00054010978105,               0.04992308008307,               0.03005548361399,       10.33509410771223,                0.10280685577011,  84.62395278111563,          64.48341575817051,       1.3873293257131811,              271.77520789466905,                  85.36613274049192, 4674957.525808531,0.7208093863985268, 4674958.246617917, 7.190818605114939e-06
               0.00082806581259,               0.05386591769114,               0.03733205805783,       10.08545690095503,                0.10803772759766,  84.46270076156534,          68.40801217626503,       1.3332787136270727,              265.26702454324163,                  82.46387974082484,4674957.5695685875, 0.750030724843408, 4674958.319599313, 7.317409684090617e-06
                0.0007817114623,               0.05427224330507,               0.03489034203498,       10.08456507681073,                 0.1051655464108,   83.6810421473702,          67.35176549272722,        1.374075158403374,              264.11007352850726,                   87.8632718315578, 4674957.569647949,0.7277622289321962, 4674958.297410178, 7.440583082356058e-06
               0.00021463658882,               0.05296644556748,               0.05001927673996,        10.2569901416398,                 0.1006758586352,  85.99661705178258,          71.91804072235503,       1.3319756404566299,              261.09927931179374,                  80.06932726588994,4674957.5726974355,0.7507644806906367, 4674958.323461916, 7.415165250504918e-06
                3.639153408e-05,               0.05462340698483,               0.03754169149192,       10.15319309229163,                 0.1051708941696,  86.10262034245802,          68.66251284861606,       1.4032018633768262,              265.86754428240545,                  83.34215815083833, 4674957.576848334,0.7126558381225956, 4674958.289504172, 7.404892296496128e-06
               0.00085773607239,               0.05573458673608,               0.03565950809666,       10.03442578238785,                0.10387434848546,  85.50939476396955,          66.61218296588487,       1.3529672576050946,              269.31011222211805,                  77.07985123452228, 4674957.637216495,0.7391161865735859, 4674958.376332682, 7.613067718444561e-06
                1.257496568e-05,                0.0521559236832,               0.02887235698966,       10.04840269468028,                0.09903515710359,  83.74630085061813,          64.38467709847643,       1.3849346481010014,               273.2722624256333,                  87.53269736652103, 4674957.698601435,0.7220557312008785, 4674958.420657166, 8.050793726675556e-06
               0.00062615168842,               0.04410810673414,               0.03570035857434,       10.02381463511707,                0.10897617709218,  83.39933107503661,          68.10394160170719,         1.38309725722066,               267.5898572534577,                    84.303267484033, 4674957.710555203,0.7230149541395986, 4674958.433570158, 8.306176713098334e-06
               0.00044310042706,               0.04287375543548,               0.02972515525421,       10.08235451365772,                0.10384215930464,  85.56427068172951,          64.78053583579043,       1.4387544132267789,               274.3311277077526,                  83.31265020822815, 4674957.711242741,0.6950456525497227, 4674958.406288394, 8.317109088029654e-06
               0.00044310042706,               0.04287375543548,               0.02972515525421,       10.08235451365772,                0.10384215930464,  85.56427068172951,          64.78053583579043,       1.4387544132267789,               274.3311277077526,                  83.31265020822815, 4674957.711242741,0.6950456525497227, 4674958.406288394, 8.319968254459621e-06
               0.00044310042706,               0.04287375543548,               0.02972515525421,       10.08235451365772,                0.10384215930464,  85.56427068172951,          64.78053583579043,       1.4387544132267789,               274.3311277077526,                  83.31265020822815, 4674957.711242741,0.6950456525497227, 4674958.406288394, 8.319968254459621e-06
               0.00044310042706,               0.04287375543548,               0.02972515525421,       10.08235451365772,                0.10384215930464,  85.56427068172951,          64.78053583579043,       1.4387544132267789,               274.3311277077526,                  83.31265020822815, 4674957.711242741,0.6950456525497227, 4674958.406288394, 8.319968254459621e-06
               0.00044310042706,               0.04287375543548,               0.02972515525421,       10.08235451365772,                0.10384215930464,  85.56427068172951,          64.78053583579043,       1.4387544132267789,               274.3311277077526,                  83.31265020822815, 4674957.711242741,0.6950456525497227, 4674958.406288394, 8.319968254459621e-06
               0.00075118496922,                0.0463771324703,               0.03596432804623,        10.1039094267984,                0.10560567535951,  84.63578992837026,          69.25780071847885,       1.4147179793532474,              270.89311947382004,                   83.8950708605596, 4674957.737500444,0.7068546626212809, 4674958.444355107, 8.220929023536771e-06
               0.00156248603762,               0.05005012310272,               0.03981144217634,       10.03649238186535,                0.10769073515339,   85.4503863474846,          69.10177719782007,       1.3885792071596617,              262.10931451067404,                  88.29529017551143, 4674957.760288561,0.7201605748119329, 4674958.480449135, 8.382928533160954e-06
               0.00156248603762,               0.05005012310272,               0.03981144217634,       10.03649238186535,                0.10769073515339,   85.4503863474846,          69.10177719782007,       1.3885792071596617,              262.10931451067404,                  88.29529017551143, 4674957.760288561,0.7201605748119329, 4674958.480449135, 8.478439980984022e-06
               0.00050154567709,               0.04591996762461,               0.03773448638596,        10.0630001125395,                0.10820248603941,  86.82521789577565,          69.45176424009176,        1.395428836001338,              261.64448075688995,                   84.6768316445548, 4674957.765340949,0.7166255807537584,  4674958.48196653, 8.415336131824028e-06
               0.00047381629071,               0.05604710948237,               0.03956599001228,       10.24666785572876,                0.09899648867703,  85.72304528589831,          67.20182837983805,       1.3612884746317133,               265.5517993207542,                  84.23031654572313, 4674957.784482204, 0.734598153613651, 4674958.519080358,  8.47573739744797e-06
               0.00076036420046,               0.05160220463809,               0.03364823458794,       10.12300967851153,                0.10192395632177,  86.44709903412917,          64.86245526337186,        1.378324694774105,                270.245060990656,                   85.4529357077541, 4674957.822164264,0.7255184527938034,4674958.5476827165, 8.677760230529604e-06
                5.786533225e-05,               0.05446205319131,                0.0446186349583,       10.21359803533514,                0.10174914076134,  85.22112874113925,          70.38804318428704,       1.3305349925856413,              261.23656378939756,                  77.51966083463533, 4674957.884744295,0.7515773771997462, 4674958.636321672, 9.081314327147262e-06
                5.786533225e-05,               0.05446205319131,                0.0446186349583,       10.21359803533514,                0.10174914076134,  85.22112874113925,          70.38804318428704,       1.3305349925856413,              261.23656378939756,                  77.51966083463533, 4674957.884744295,0.7515773771997462, 4674958.636321672, 9.365376098562984e-06
               0.00083007852369,               0.05697794345559,               0.03659285897341,        10.0354154953956,                0.09629012496655,  84.21012778086677,          65.10919636570844,        1.346523608837905,              274.43272116550827,                  82.89414928539459, 4674957.897647299, 0.742653150257821, 4674958.640300449, 9.332395407061199e-06
               0.00083007852369,               0.05697794345559,               0.03659285897341,        10.0354154953956,                0.09629012496655,  84.21012778086677,          65.10919636570844,        1.346523608837905,              274.43272116550827,                  82.89414928539459, 4674957.897647299, 0.742653150257821, 4674958.640300449, 9.392602538472432e-06
               0.00083007852369,               0.05697794345559,               0.03659285897341,        10.0354154953956,                0.09629012496655,  84.21012778086677,          65.10919636570844,        1.346523608837905,              274.43272116550827,                  82.89414928539459, 4674957.897647299, 0.742653150257821, 4674958.640300449, 9.392602538472432e-06
               0.00069282567216,               0.05027519708237,               0.03496028707232,       10.15563943750903,                 0.1035880814369,  85.94312602561499,          66.90796991538917,       1.3519798882996985,               265.6603981424193,                   83.5177192141511, 4674957.899568189,0.7396559731799252, 4674958.639224162, 9.261309413584479e-06
               0.00072511692668,               0.05814316220454,               0.04884291788181,        10.1286761577505,                0.10018897403875,   85.3829715806097,          71.62438560185053,       1.3476315524654454,              260.24745193049125,                  85.96657366945118, 4674957.961684683,0.7420425843922506, 4674958.703727268,   9.5196526631432e-06
               0.00206796443783,                0.0464640201261,               0.03111244475972,       10.05866196419455,                0.10771025693396,  84.26405674688866,          67.52591450166689,       1.3907516792974428,               270.2653706969651,                  83.75076820257195, 4674957.982204642,0.7190356228835644, 4674958.701240265, 9.867627526595752e-06
               0.00078564183652,               0.05210882907757,               0.02929425952416,       10.03055283462817,                0.10106023415413,  85.75744248357073,          63.05881454953394,        1.395113426635534,              274.10441837729763,                  84.43755167389982, 4674958.000503665,0.7167875965552187, 4674958.717291261,1.0010861216114823e-05
               0.00072990742326,               0.06119928796084,               0.03593695717799,       10.04030821037801,                0.09815158298942,  84.86578603565508,          65.50884198620852,         1.35708367508019,              269.83678312416544,                  84.56374004397749, 4674958.085703238,0.7368742387538558,4674958.8225774765,1.0499184858384018e-05
               0.00072990742326,               0.06119928796084,               0.03593695717799,       10.04030821037801,                0.09815158298942,  84.86578603565508,          65.50884198620852,         1.35708367508019,              269.83678312416544,                  84.56374004397749, 4674958.085703238,0.7368742387538558,4674958.8225774765,  1.09461775333639e-05
               0.00112615362732,               0.04784060249237,               0.03186647713274,       10.00212236659014,                0.10569152293725,  84.37971655730014,           64.8122632233823,       1.3932958559749444,              269.30067215910634,                  87.94817025839686,  4674958.10736466,0.7177226543175643,4674958.8250873145,1.0955916057900443e-05
               0.00023672037908,               0.05085895093656,               0.04581202949653,       10.05224020617014,                0.10306260072389,  86.46532568871095,          69.46145830556455,       1.3454165925444193,              267.92869545729275,                  83.24493816052953, 4674958.166480654,0.7432642094214286, 4674958.909744863,1.1355007993562493e-05
                0.0019320843902,               0.04687663597832,                0.0334351371471,        10.0248737006038,                0.10719818058463,  83.86165792385246,          67.73611827683311,        1.359177801641806,              267.83670208824435,                  80.60492073815617,  4674958.17382394,0.7357389142112677, 4674958.909562854,1.1675246819069007e-05
                2.737340945e-05,               0.04854662502533,               0.04876111202318,       10.12337907969325,                0.10133280649608,  85.23350142720686,          73.09922733079908,       1.3908884703973792,               264.4357514238104,                   84.2776768922318,  4674958.21665092,0.7189649071677892, 4674958.935615827,1.1914915834796748e-05
                2.737340945e-05,               0.04854662502533,               0.04876111202318,       10.12337907969325,                0.10133280649608,  85.23350142720686,          73.09922733079908,       1.3908884703973792,               264.4357514238104,                   84.2776768922318,  4674958.21665092,0.7189649071677892, 4674958.935615827, 1.217001677427937e-05
                0.0003035884044,               0.04805677449415,               0.04031345675997,        10.0647465328315,                0.11025883515796,  86.88310868528737,           69.2787149321196,       1.3883303304158103,               266.1573422317724,                  85.24608657601601, 4674958.221199841,0.7202896732080297, 4674958.941489515, 1.207638931469796e-05
                 2.18988559e-05,               0.05087422003728,               0.04220666955575,       10.01380789345176,                0.10168097203743,  85.74347269805553,          68.91844696275705,       1.3300033404483644,               269.6333394298676,                  82.94119928327368, 4674958.228062423,0.7518778108202981, 4674958.979940234,1.2085105689235843e-05
                0.0001531048688,               0.05051309468087,               0.04493277962477,        10.0957882449687,                  0.098271669602,  84.76141150806343,          69.93340588588259,       1.3839486354936912,               267.6349978938157,                  85.65414852523878, 4674958.233035393,0.7225701694075326, 4674958.955605563,1.2096319086148287e-05
               0.00061639525644,               0.04689639141681,               0.03706432427928,       10.00534484621978,                0.10350065002259,  87.17731242015174,          66.84124466128542,       1.4312350621401608,                270.771427443193,                  83.57229991055517, 4674958.319348987,0.6986972485879961, 4674959.018046236,1.2609932712515323e-05
               0.00106619020573,                0.0509478605239,                0.0375726380216,       10.09089443426413,                0.10817033502876,   84.1413909532344,          70.50723502970638,       1.3677440861413575,              264.42668080159314,                   80.5532680599041, 4674958.321230009,0.7311309258307034, 4674959.052360935,1.3100678947328775e-05
               0.00096287094029,               0.05274850356438,                0.0381771702864,       10.13460497794776,                0.10589066425273,  85.89250433201488,           68.2964205380595,       1.4018159272777102,               271.4954820722588,                   85.9699181358614, 4674958.330920614,0.7133604209662348, 4674959.044281036,1.3111289131780233e-05
               0.00096287094029,               0.05274850356438,                0.0381771702864,       10.13460497794776,                0.10589066425273,  85.89250433201488,           68.2964205380595,       1.4018159272777102,               271.4954820722588,                   85.9699181358614, 4674958.330920614,0.7133604209662348, 4674959.044281036,1.3174816797888831e-05
               0.00096287094029,               0.05274850356438,                0.0381771702864,       10.13460497794776,                0.10589066425273,  85.89250433201488,           68.2964205380595,       1.4018159272777102,               271.4954820722588,                   85.9699181358614, 4674958.330920614,0.7133604209662348, 4674959.044281036,1.3174816797888831e-05
               0.00052124237226,               0.05360688510453,               0.04926797570808,       10.16168212087875,                0.10433265431632,  86.63336668941658,          73.15435104444582,       1.3774573947994322,               262.2939490126903,                  87.73770213495094,4674958.3493474135, 0.725975267021313,  4674959.07532268, 1.309885934961673e-05
               0.00040800006404,               0.04937931305575,               0.03286606807086,       10.00017664729808,                0.10565728652188,  86.43804267716617,          65.18918980373859,       1.3724299544982625,               268.1309811581616,                   79.3239973561652, 4674958.351122257,0.7286346357585756, 4674959.079756893,1.3165455412656013e-05
               0.00172122060787,               0.05089760068857,               0.03258607279537,       10.01270995298136,                0.10577663669334,  83.24288552109802,          67.21216083201818,       1.3706560004584794,               267.2754509271632,                   78.4073319703579, 4674958.356595369,0.7295776618389324, 4674959.086173031,1.3147559757710708e-05
               0.00172122060787,               0.05089760068857,               0.03258607279537,       10.01270995298136,                0.10577663669334,  83.24288552109802,          67.21216083201818,       1.3706560004584794,               267.2754509271632,                   78.4073319703579, 4674958.356595369,0.7295776618389324, 4674959.086173031,1.3183538699597807e-05
               0.00172122060787,               0.05089760068857,               0.03258607279537,       10.01270995298136,                0.10577663669334,  83.24288552109802,          67.21216083201818,       1.3706560004584794,               267.2754509271632,                   78.4073319703579, 4674958.356595369,0.7295776618389324, 4674959.086173031,1.3183538699597807e-05
               0.00097839196134,               0.04764805154448,               0.03285023748217,       10.10944236945463,                0.10378666473552,  85.31463816258763,          65.27984803681252,       1.3752195607744813,               267.2175056636761,                  83.12890647994016, 4674958.382572038,0.7271566144949472, 4674959.109728653,1.3157655892225433e-05
               0.00097839196134,               0.04764805154448,               0.03285023748217,       10.10944236945463,                0.10378666473552,  85.31463816258763,          65.27984803681252,       1.3752195607744813,               267.2175056636761,                  83.12890647994016, 4674958.382572038,0.7271566144949472, 4674959.109728653,1.3328542317717806e-05
               0.00097839196134,               0.04764805154448,               0.03285023748217,       10.10944236945463,                0.10378666473552,  85.31463816258763,          65.27984803681252,       1.3752195607744813,               267.2175056636761,                  83.12890647994016, 4674958.382572038,0.7271566144949472, 4674959.109728653,1.3328542317717806e-05
               0.00060226715138,                0.0506199971135,               0.03733306979962,       10.20897160273927,                0.10338777218144,  83.72015887058579,          66.88387737346862,       1.3680546314224147,              266.81671043667177,                   79.9011753243904,  4674958.38642809,0.7309649607781121,  4674959.11739305,1.3154971947000375e-05
               0.00036313215071,               0.04987289592995,               0.03658898982015,       10.01085910419079,                0.11082784827164,  85.29538298712625,          69.78138718971829,       1.3721852880982495,               266.2308795201468,                  86.56186594310769, 4674958.395046174,0.7287645543743793, 4674959.123810728,1.3171517512430881e-05
               0.00036313215071,               0.04987289592995,               0.03658898982015,       10.01085910419079,                0.11082784827164,  85.29538298712625,          69.78138718971829,       1.3721852880982495,               266.2308795201468,                  86.56186594310769, 4674958.395046174,0.7287645543743793, 4674959.123810728,1.3228273781925458e-05
               0.00036313215071,               0.04987289592995,               0.03658898982015,       10.01085910419079,                0.11082784827164,  85.29538298712625,          69.78138718971829,       1.3721852880982495,               266.2308795201468,                  86.56186594310769, 4674958.395046174,0.7287645543743793, 4674959.123810728,1.3228273781925458e-05
               0.00036313215071,               0.04987289592995,               0.03658898982015,       10.01085910419079,                0.11082784827164,  85.29538298712625,          69.78138718971829,       1.3721852880982495,               266.2308795201468,                  86.56186594310769, 4674958.395046174,0.7287645543743793, 4674959.123810728,1.3228273781925458e-05
               0.00036313215071,               0.04987289592995,               0.03658898982015,       10.01085910419079,                0.11082784827164,  85.29538298712625,          69.78138718971829,       1.3721852880982495,               266.2308795201468,                  86.56186594310769, 4674958.395046174,0.7287645543743793, 4674959.123810728,1.3228273781925458e-05
               0.00036313215071,               0.04987289592995,               0.03658898982015,       10.01085910419079,                0.11082784827164,  85.29538298712625,          69.78138718971829,       1.3721852880982495,               266.2308795201468,                  86.56186594310769, 4674958.395046174,0.7287645543743793, 4674959.123810728,1.3228273781925458e-05
               0.00035999334222,               0.04973493258623,               0.03426826985282,       10.06795933785562,                0.10406511803357,  86.76921544058165,          66.51908407260223,       1.3966199395843761,                 265.90357788894,                  81.17483027152802, 4674958.409456077,0.7160144085423789, 4674959.125470486,1.2926533360571662e-05
                0.0003904221708,               0.06018322632973,               0.04080422345688,       10.08482176092276,                0.09721394999488,  84.72130081496081,          66.81555735510376,        1.320588579492451,               270.5693487791188,                  80.33073090527704, 4674958.439285511,0.7572381099830012, 4674959.196523621,1.3151021559073598e-05
                 1.23758177e-06,               0.05467174661189,               0.04608480841429,       10.01180819234482,                0.10063424394549,  88.01665426926708,          70.60138854604781,       1.3752221647491534,              263.97580201980395,                  82.44574557627054, 4674958.462541857,0.7271552376283903, 4674959.189697094,1.3436987615737892e-05
                0.0010961412996,               0.05529448710477,               0.03377043011441,       10.09556412172584,                0.10171829748325,  84.68873411433441,          65.52818016709551,        1.364693121650327,               273.2862216339172,                  78.56136424114165, 4674958.497069649,0.7327654724240841, 4674959.229835122,1.3763182766688396e-05
                3.710888535e-05,               0.05218318511503,                0.0409814558332,       10.09959382801993,                0.10632635913565,   84.3458825161675,          68.85865519968304,       1.3707457507771492,              269.97897101888555,                   81.2025348339774, 4674958.519575967,  0.72952989234732,  4674959.24910586,1.4089656220375875e-05
               0.00130062422659,               0.04864793880197,               0.02905866151642,       10.09249876480708,                0.10551299207979,   83.4031755900054,          66.66134798338354,       1.4062224798269678,              269.15957141000615,                  81.30679977574916, 4674958.563309358, 0.711125027757377, 4674959.274434386,1.4494205968745403e-05
               0.00011504822336,               0.05040308090388,               0.04913407500433,        10.1062023763742,                 0.1011423206046,  85.89675269262128,          71.87525902284877,       1.3803509656019155,              266.72676603055186,                  83.68745281744496, 4674958.598151851,0.7244534360606907, 4674959.322605288,1.4998678044716776e-05
               0.00165019258342,               0.05265025186411,               0.04377035975542,       10.04357912436411,                0.10081136127254,  86.27658834020882,          69.42527459555794,       1.3589454819864686,               269.9128525374158,                   79.6122214500296, 4674958.626500646,0.7358646930693848, 4674959.362365339,1.5402331283753365e-05
               0.00115663120474,               0.04579232021609,               0.03501856132037,        10.0300599766234,                0.10531808826155,  85.59509866351364,          67.77917345960164,       1.4183216245784447,               272.8529476455601,                  81.78112734806773, 4674958.675496278,0.7050586994309004, 4674959.380554978,1.5933170639968337e-05
                0.0002170464045,               0.05458157136426,                0.0275120338826,       10.02042360286197,                  0.099415658822,  83.60962589177198,          63.19154963185884,       1.3841293274460256,              274.58541412939564,                  82.76213641255674,4674958.6796871815,0.7224758410727304, 4674959.402163022, 1.627631559170422e-05
                0.0002170464045,               0.05458157136426,                0.0275120338826,       10.02042360286197,                  0.099415658822,  83.60962589177198,          63.19154963185884,       1.3841293274460256,              274.58541412939564,                  82.76213641255674,4674958.6796871815,0.7224758410727304, 4674959.402163022, 1.631042177836212e-05
                0.0002170464045,               0.05458157136426,                0.0275120338826,       10.02042360286197,                  0.099415658822,  83.60962589177198,          63.19154963185884,       1.3841293274460256,              274.58541412939564,                  82.76213641255674,4674958.6796871815,0.7224758410727304, 4674959.402163022, 1.631042177836212e-05
                0.0002170464045,               0.05458157136426,                0.0275120338826,       10.02042360286197,                  0.099415658822,  83.60962589177198,          63.19154963185884,       1.3841293274460256,              274.58541412939564,                  82.76213641255674,4674958.6796871815,0.7224758410727304, 4674959.402163022, 1.631042177836212e-05
                4.532380583e-05,                0.0544857095415,               0.04236880085821,       10.05948825703895,                0.10008402770965,  85.57993607929706,          67.91531527578697,       1.3209314969118586,               269.6087079461173,                  79.82853255817795, 4674958.685105832,0.7570415289043007, 4674959.442147361,1.6029264659236724e-05
                4.532380583e-05,                0.0544857095415,               0.04236880085821,       10.05948825703895,                0.10008402770965,  85.57993607929706,          67.91531527578697,       1.3209314969118586,               269.6087079461173,                  79.82853255817795, 4674958.685105832,0.7570415289043007, 4674959.442147361, 1.607269304490378e-05
                4.532380583e-05,                0.0544857095415,               0.04236880085821,       10.05948825703895,                0.10008402770965,  85.57993607929706,          67.91531527578697,       1.3209314969118586,               269.6087079461173,                  79.82853255817795, 4674958.685105832,0.7570415289043007, 4674959.442147361, 1.607269304490378e-05
                4.532380583e-05,                0.0544857095415,               0.04236880085821,       10.05948825703895,                0.10008402770965,  85.57993607929706,          67.91531527578697,       1.3209314969118586,               269.6087079461173,                  79.82853255817795, 4674958.685105832,0.7570415289043007, 4674959.442147361, 1.607269304490378e-05
                4.532380583e-05,                0.0544857095415,               0.04236880085821,       10.05948825703895,                0.10008402770965,  85.57993607929706,          67.91531527578697,       1.3209314969118586,               269.6087079461173,                  79.82853255817795, 4674958.685105832,0.7570415289043007, 4674959.442147361, 1.607269304490378e-05
                4.532380583e-05,                0.0544857095415,               0.04236880085821,       10.05948825703895,                0.10008402770965,  85.57993607929706,          67.91531527578697,       1.3209314969118586,               269.6087079461173,                  79.82853255817795, 4674958.685105832,0.7570415289043007, 4674959.442147361, 1.607269304490378e-05
                4.532380583e-05,                0.0544857095415,               0.04236880085821,       10.05948825703895,                0.10008402770965,  85.57993607929706,          67.91531527578697,       1.3209314969118586,               269.6087079461173,                  79.82853255817795, 4674958.685105832,0.7570415289043007, 4674959.442147361, 1.607269304490378e-05
                4.532380583e-05,                0.0544857095415,               0.04236880085821,       10.05948825703895,                0.10008402770965,  85.57993607929706,          67.91531527578697,       1.3209314969118586,               269.6087079461173,                  79.82853255817795, 4674958.685105832,0.7570415289043007, 4674959.442147361, 1.607269304490378e-05
                4.532380583e-05,                0.0544857095415,               0.04236880085821,       10.05948825703895,                0.10008402770965,  85.57993607929706,          67.91531527578697,       1.3209314969118586,               269.6087079461173,                  79.82853255817795, 4674958.685105832,0.7570415289043007, 4674959.442147361, 1.607269304490378e-05
                0.0004418318696,               0.05338536648464,                0.0345241486577,       10.01589634077986,                0.10337223797056,  86.97840988663665,          65.32504088631993,       1.3757371179654772,              272.56103091524005,                  80.68459857590452, 4674958.686642656,0.7268830555933973, 4674959.413525712,1.5364826732240288e-05
               0.00106980505468,                0.0535825481011,               0.04990434132306,       10.08044465359051,                0.10005554702627,  85.81410184939902,          72.89576753290748,       1.3356903009653356,              262.22847094807196,                  84.49574617718778, 4674958.702443722,0.7486765452120719, 4674959.451120267,1.5421971844092862e-05
               0.00041723539644,                0.0531774224997,               0.03653248130746,       10.20642809606489,                0.10086953274365,   86.5082492270164,          66.52214333171409,       1.3979546178986404,               269.2225613280982,                  84.94299319792562, 4674958.720761035,0.7153308034442257, 4674959.436091838,1.5609436170180786e-05
                0.0010483594774,               0.05835370944155,               0.03556891774695,       10.04264935286284,                0.10129169131436,  84.97419382362271,           66.4045715770462,       1.3592922472121434,              268.63343116037254,                  79.93443942046827, 4674958.730115671,0.7356769686952618, 4674959.465792639, 1.574767990087553e-05
               0.00075985140768,               0.05378289611587,               0.03702076594091,       10.05607032026231,                0.10488306063468,  86.09971187159263,          68.86609499571952,       1.4036794399838393,               266.6747790709485,                  85.78684045610507,4674958.7325241305,0.7124133698300184,   4674959.4449375, 1.576160374935278e-05
               0.00059949762797,               0.05145622019677,               0.04276799633577,       10.13611474976554,                0.10674010234196,    85.231033201993,          70.55549147881834,       1.3482587070927599,              261.92650716835345,                  86.49573640661937,4674958.7331854105,0.7416974166302939, 4674959.474882827, 1.570726741227492e-05
               0.00010683114909,               0.05091910045837,               0.04325952982304,         10.113814548997,                0.10624677413204,  85.64370442709733,          70.25263268050033,       1.4156076596731573,              267.16150554319165,                   85.6418251336267,4674958.7845500335,0.7064104189934132, 4674959.490960453,1.6046305032737867e-05
               0.00143668270505,               0.04760547389281,               0.03472301772861,       10.17813606749092,                0.10646890488824,  84.17284937905612,          68.88440379013511,       1.3969858015037457,               268.9947997121071,                  85.12375153426078,  4674958.79957925,0.7158268888084462, 4674959.515406138,1.6500430388449995e-05
               0.00026074344648,               0.06187209832873,               0.04380762141504,       10.03880571053426,                0.09706394191973,  85.26364998720877,           68.0942484547286,        1.345403023246651,               264.9525743580159,                  83.95335842154786,4674958.8087567575,0.7432717057427567, 4674959.552028463, 1.661796899950466e-05
               0.00024094370997,               0.05175440107981,               0.03627417945103,        10.1791076229475,                0.10204260815336,   86.1140472424366,          67.47352160160818,       1.4095016860812637,              266.83838701467187,                  82.59997676622561, 4674958.829079242,0.7094705950868553, 4674959.538549838,1.6781685283965178e-05
               0.00028669283473,                 0.052144514845,               0.03929417472109,       10.04958083441814,                0.10228878343799,  87.03816175556616,          66.89749989047183,       1.4142805408780728,               269.4527879364626,                  84.76914532307846, 4674958.845421476,0.7070732935200665,  4674959.55249477,1.7006824539391157e-05
               0.00028669283473,                 0.052144514845,               0.03929417472109,       10.04958083441814,                0.10228878343799,  87.03816175556616,          66.89749989047183,       1.4142805408780728,               269.4527879364626,                  84.76914532307846, 4674958.845421476,0.7070732935200665,  4674959.55249477,1.7145786197775596e-05
               0.00048101046503,               0.05064478588227,               0.03973444504791,       10.12719837492628,                0.10011493143942,    84.634459158607,          68.44306547415837,        1.411793714737223,              269.99369574521666,                  83.31623721651272, 4674958.852168134,0.7083187788423678, 4674959.560486914, 1.703263783409766e-05
               0.00030274735688,               0.05832677045118,               0.04043126047573,       10.10199846424181,                0.09740443588637,  84.05804954954638,          68.03952566305409,       1.3306698623226987,              268.27833417237736,                  80.92095498006387, 4674958.916121643,0.7515012012479858, 4674959.667622845,1.7566600440651837e-05
               0.00098808805479,               0.04335236306498,               0.03904759428437,       10.00709566988051,                 0.1055442893896,  85.13656100914581,          69.28365998261752,       1.4051128298438984,               269.6404786720607,                  81.79466128379592, 4674958.948561199,0.7116866195799346, 4674959.660247819, 1.833531082588888e-05
               0.00037901699859,                0.0480240220985,               0.02725560941725,       10.10287116376101,                0.10333323139571,  83.56759381180974,          63.75566150993639,       1.4271082660565317,              278.20785867596106,                  83.50553636496105, 4674958.963264509,0.7007176846948395, 4674959.663982194,1.8677286011900254e-05
               0.00037901699859,                0.0480240220985,               0.02725560941725,       10.10287116376101,                0.10333323139571,  83.56759381180974,          63.75566150993639,       1.4271082660565317,              278.20785867596106,                  83.50553636496105, 4674958.963264509,0.7007176846948395, 4674959.663982194, 1.881459250942421e-05
               0.00108836533375,               0.05248163712946,                0.0372695949124,        10.1925925952363,                0.09890578476446,  84.90274517207204,           67.1919433762462,       1.3664774664835364,              270.91566478706295,                  79.88433562581757, 4674958.968303703,0.7318086280437381, 4674959.700112331,1.8674434579845862e-05
               0.00013931872058,               0.04889386108328,               0.04576319382588,       10.11056510742424,                0.10719537045213,  86.46317258152288,          72.44210475026544,       1.4004160044467677,              265.35618138385604,                  86.71236410336954, 4674958.969860582,0.7140735301686648, 4674959.683934112,1.8642857123716405e-05
               0.00121994187138,               0.04933343231249,               0.03711698258715,       10.12225467339271,                0.10694047030886,  83.92982479698634,          68.33980889412587,       1.3566941961532626,               269.2702687788933,                  81.96318182215882, 4674959.004769388,0.7370857801525026, 4674959.741855168,1.8894301997398764e-05
               0.00138807641769,               0.04989486913934,                0.0356816376244,       10.01377036535997,                0.10644475900738,  86.05530203147852,          66.46903012389528,       1.4040373548640561,               271.8940393329326,                  80.59687528338355, 4674959.013983615,0.7122317625921167, 4674959.726215377, 1.921694924291864e-05
               0.00138807641769,               0.04989486913934,                0.0356816376244,       10.01377036535997,                0.10644475900738,  86.05530203147852,          66.46903012389528,       1.4040373548640561,               271.8940393329326,                  80.59687528338355, 4674959.013983615,0.7122317625921167, 4674959.726215377,1.9305483280251713e-05
                4.082744008e-05,               0.04900414545763,               0.03915062346806,       10.05172120197124,                0.10511314477959,  86.26149386309241,          70.98390246862472,       1.4036566744997179,               261.5983620847294,                  83.44535080976416, 4674959.036992399, 0.712424924247529, 4674959.749417324,1.9335826028643002e-05
               0.00085374353131,               0.04753697908517,               0.05321459124259,       10.03556051346458,                0.10370388619596,  87.22613737644255,           75.4664980360282,       1.3683737306281063,              261.12592389252563,                  82.97389792027526, 4674959.060563541,0.7307945027130734, 4674959.791358043,1.9693041354953827e-05
               0.00085374353131,               0.04753697908517,               0.05321459124259,       10.03556051346458,                0.10370388619596,  87.22613737644255,           75.4664980360282,       1.3683737306281063,              261.12592389252563,                  82.97389792027526, 4674959.060563541,0.7307945027130734, 4674959.791358043, 1.992512434619631e-05
               0.00085374353131,               0.04753697908517,               0.05321459124259,       10.03556051346458,                0.10370388619596,  87.22613737644255,           75.4664980360282,       1.3683737306281063,              261.12592389252563,                  82.97389792027526, 4674959.060563541,0.7307945027130734, 4674959.791358043, 1.992512434619631e-05
               0.00089396450602,               0.04433825697769,                0.0343140382234,       10.06856118231058,                0.10665970703225,  84.64562868180008,          68.81043386189502,       1.4135165051157674,              264.72643144797286,                  88.12334691628206, 4674959.081505159,0.7074554816875659,  4674959.78896064,1.9835419732470693e-05
                5.213798518e-05,                 0.049148045109,               0.03258098108009,       10.01407302728671,                0.10472674002817,  83.82434546874516,          65.60455755913873,       1.3598922677834282,               276.1510778478938,                   80.5741287419619,   4674959.1234334,0.7353523684857487, 4674959.858785768,2.0370372471562812e-05
                5.213798518e-05,                 0.049148045109,               0.03258098108009,       10.01407302728671,                0.10472674002817,  83.82434546874516,          65.60455755913873,       1.3598922677834282,               276.1510778478938,                   80.5741287419619,   4674959.1234334,0.7353523684857487, 4674959.858785768, 2.079735687313935e-05
                5.213798518e-05,                 0.049148045109,               0.03258098108009,       10.01407302728671,                0.10472674002817,  83.82434546874516,          65.60455755913873,       1.3598922677834282,               276.1510778478938,                   80.5741287419619,   4674959.1234334,0.7353523684857487, 4674959.858785768, 2.079735687313935e-05
                5.213798518e-05,                 0.049148045109,               0.03258098108009,       10.01407302728671,                0.10472674002817,  83.82434546874516,          65.60455755913873,       1.3598922677834282,               276.1510778478938,                   80.5741287419619,   4674959.1234334,0.7353523684857487, 4674959.858785768, 2.079735687313935e-05
               0.00042304446912,               0.04549539921828,               0.03453480231964,       10.00026106798984,                0.10584739383879,  83.00736743328531,          66.92629054602767,       1.3738969452962078,               265.2393527121187,                   84.8852215176107, 4674959.147437727,0.7278566295846908, 4674959.875294357,2.0631084881253057e-05
               0.00042304446912,               0.04549539921828,               0.03453480231964,       10.00026106798984,                0.10584739383879,  83.00736743328531,          66.92629054602767,       1.3738969452962078,               265.2393527121187,                   84.8852215176107, 4674959.147437727,0.7278566295846908, 4674959.875294357, 2.087869065575521e-05
               0.00095239668935,               0.05526949575556,               0.03880017943119,       10.00748035631063,                0.10516591003636,  85.05243618177524,          68.69639524288176,       1.3413135538727181,               268.6254713693129,                  77.22515768400974, 4674959.188793985,0.7455378327556164, 4674959.934331818, 2.110734060788654e-05
               0.00169378768845,               0.05269388683649,               0.04222523181054,       10.05060528198073,                0.10222700710931,  86.26256486609631,          68.84505530190509,       1.3573309094727353,                267.453028233185,                  78.13613602750613, 4674959.255615436,0.7367400189747811, 4674959.992355455,2.2177237956448285e-05
               0.00169378768845,               0.05269388683649,               0.04222523181054,       10.05060528198073,                0.10222700710931,  86.26256486609631,          68.84505530190509,       1.3573309094727353,                267.453028233185,                  78.13613602750613, 4674959.255615436,0.7367400189747811, 4674959.992355455,2.2917919976590307e-05
               0.00054136785227,               0.05333789843184,               0.03686841994586,       10.03856834358678,                0.10322782755293,  86.33244170395248,          68.00476773680143,        1.410718631758515,              270.18723684207635,                  84.07603567228352,  4674959.27192133,0.7088585756845514, 4674959.980779906, 2.287638680507449e-05
               0.00054136785227,               0.05333789843184,               0.03686841994586,       10.03856834358678,                0.10322782755293,  86.33244170395248,          68.00476773680143,        1.410718631758515,              270.18723684207635,                  84.07603567228352,  4674959.27192133,0.7088585756845514, 4674959.980779906,2.3062892653137514e-05
               0.00182299144859,               0.04564680809164,               0.03538961769192,       10.05302845951338,                0.10441373988754,  84.41225705478091,          67.97253440068971,       1.3953470875102076,               264.8301181623413,                  83.08904763658303, 4674959.290981261,0.7166675653326897, 4674960.007648827,2.3053099732309905e-05
               0.00117051455497,                0.0477863911902,               0.03765745352483,       10.21249633043387,                0.10377126547239,  85.21263585403008,          68.39891908214119,       1.4186014330264438,              270.01352404248416,                  85.12797100238978, 4674959.295511261,0.7049196319128201, 4674960.000430892, 2.320957290057397e-05
               0.00044833030014,               0.04568698164492,               0.04270737980994,       10.07447528952273,                0.11055005326885,  85.72400727548448,          72.05451504281017,       1.4025194463877786,              262.77653798862013,                   85.5114115106442, 4674959.310913845, 0.713002591568711, 4674960.023916436,2.3326047597543667e-05
                6.714089648e-05,               0.04580381521965,               0.02847265723723,       10.09536214976468,                0.10154163269286,  85.01065553144369,          64.26256918478781,        1.439501281682715,               273.0219374924949,                  87.34418622926414, 4674959.357195336,0.6946850362168785, 4674960.051880373,2.3942693960805235e-05
               0.00081698604909,               0.05474254442236,               0.03358824203756,       10.00003872307704,                0.10781246274987,  84.94358196852234,          66.33993561213649,       1.3766638029041693,               271.2435470331849,                  86.66483603724788,  4674959.39536001,0.7263937628711015, 4674960.121753773,2.4848890358979103e-05
               0.00081698604909,               0.05474254442236,               0.03358824203756,       10.00003872307704,                0.10781246274987,  84.94358196852234,          66.33993561213649,       1.3766638029041693,               271.2435470331849,                  86.66483603724788,  4674959.39536001,0.7263937628711015, 4674960.121753773, 2.532300770327693e-05
               0.00081698604909,               0.05474254442236,               0.03358824203756,       10.00003872307704,                0.10781246274987,  84.94358196852234,          66.33993561213649,       1.3766638029041693,               271.2435470331849,                  86.66483603724788,  4674959.39536001,0.7263937628711015, 4674960.121753773, 2.532300770327693e-05
               0.00077570715027,                 0.048779215685,               0.04502698907953,       10.05103685436821,                0.10579068971268,  86.10807470724487,          73.09316859083748,       1.3590664767527314,              261.60983662323275,                    82.267489736728, 4674959.402397415,0.7357991806179618, 4674960.138196595,2.5033136152721038e-05
               0.00056044435794,               0.05690140146197,               0.04356844928299,       10.14330261844414,                0.10086564382697,  85.87071558461305,          69.54399659856404,       1.3222930481643251,               264.1476892437533,                  82.89939982994574, 4674959.411569091,0.7562620111995985, 4674960.167831101,2.5111394726764838e-05
                0.0009195202763,               0.05133268567455,               0.03687780114962,       10.07357198250682,                 0.0985646305416,  84.54958894228736,          66.93500062172366,       1.3581294861322024,              270.99796276221844,                  85.80928849107082, 4674959.427819665,0.7363068177305285, 4674960.164126482, 2.530666486334881e-05
               0.00022763578877,               0.04848007476038,               0.03710700939981,        10.1329254310615,                0.09778846960694,  85.40563471300646,          66.34777365006875,       1.4179179143352318,              272.27220689735304,                  86.35162041888613, 4674959.477579904,0.7052594440693233, 4674960.182839348, 2.603292618522032e-05
               0.00086194275104,               0.05208189625918,               0.04047894416556,       10.19740570825279,                0.10424821325453,  85.66333697337481,           69.1028363534547,       1.3805899847048086,              270.74706198778665,                  84.73255479185427, 4674959.482996377,0.7243280127182838,  4674960.20732439, 2.661984878160558e-05
               0.00086194275104,               0.05208189625918,               0.04047894416556,       10.19740570825279,                0.10424821325453,  85.66333697337481,           69.1028363534547,       1.3805899847048086,              270.74706198778665,                  84.73255479185427, 4674959.482996377,0.7243280127182838,  4674960.20732439,2.6691941448951118e-05
               0.00032897224842,               0.05048808157208,               0.03066196961251,       10.02611244369384,                0.10587328916195,  86.24516402295367,          65.56979419603687,       1.4252400767101738,               272.2141886104623,                  87.07009716670922, 4674959.486570988,0.7016361778909986, 4674960.188207165,2.6473666472038238e-05
               0.00032897224842,               0.05048808157208,               0.03066196961251,       10.02611244369384,                0.10587328916195,  86.24516402295367,          65.56979419603687,       1.4252400767101738,               272.2141886104623,                  87.07009716670922, 4674959.486570988,0.7016361778909986, 4674960.188207165,2.6520982959857695e-05
               0.00042402322794,               0.06118781480011,               0.04200690600554,        10.0909106508838,                0.09758206257317,  85.93301219554043,          67.52623541950439,       1.3604393738538108,              268.49490311466093,                  85.44100056491737,  4674959.52311111,0.7350566436247952, 4674960.258167753,2.6745683468440588e-05
               0.00042402322794,               0.06118781480011,               0.04200690600554,        10.0909106508838,                0.09758206257317,  85.93301219554043,          67.52623541950439,       1.3604393738538108,              268.49490311466093,                  85.44100056491737,  4674959.52311111,0.7350566436247952, 4674960.258167753, 2.723427438272356e-05
               0.00120356044533,               0.05085319643325,               0.04424491248851,       10.10034411359392,                0.10584786970047,   85.7949406534017,          71.26175357020097,       1.3390607011075724,              260.43711631376766,                  80.11102791253862, 4674959.526700281,0.7467921350935575, 4674960.273492415, 2.701176142116772e-05
               0.00013246900008,               0.04741984210206,               0.03520434567755,       10.04408300179054,                 0.1064739917247,  84.06486704669805,          67.13243748234719,       1.3818978375246969,               269.8961927031047,                  88.82782648062673, 4674959.529838903,0.7236424957370471, 4674960.253481398,2.6967929286557052e-05
               0.00013246900008,               0.04741984210206,               0.03520434567755,       10.04408300179054,                 0.1064739917247,  84.06486704669805,          67.13243748234719,       1.3818978375246969,               269.8961927031047,                  88.82782648062673, 4674959.529838903,0.7236424957370471, 4674960.253481398,2.7010250327834867e-05
               0.00033869725094,               0.05239148138768,               0.03839767699036,       10.24987752945945,                0.09809159591198,  85.43844179340309,           67.5530238600625,       1.3895305635243034,               270.1166792957766,                  84.21147491806302, 4674959.556059488,0.7196675094815284, 4674960.275726997,2.7096717172472992e-05
               0.00090569466383,               0.05954987758602,               0.04847229133829,        10.1023661628105,                0.10130674632588,  85.69221859908151,          71.51992498065877,        1.328341043265395,               261.1344531570099,                  82.72168853473791, 4674959.569470646,0.7528187170530766, 4674960.322289363,2.7499764972304687e-05
               0.00058871370756,               0.06199382776183,               0.05038071453408,       10.05612853082099,                0.10181969688177,  85.75851297535276,          72.41014731214105,       1.3314302365870079,                261.053560374414,                  81.60481305609078, 4674959.575132309,0.7510720220410518, 4674960.326204332,2.7624632364939193e-05
               0.00058871370756,               0.06199382776183,               0.05038071453408,       10.05612853082099,                0.10181969688177,  85.75851297535276,          72.41014731214105,       1.3314302365870079,                261.053560374414,                  81.60481305609078, 4674959.575132309,0.7510720220410518, 4674960.326204332, 2.770283283780783e-05
               0.00103152751678,               0.05586759277736,               0.03472362844465,       10.12867196351414,                0.10038524264441,  84.46931800665553,          65.92011381888925,       1.3789854681900864,                271.358242141662,                  86.54714504956875, 4674959.576584581,0.7251708035128873, 4674960.301755385,2.7447113094480873e-05
                1.567314373e-05,                0.0544030573435,               0.02961234577572,       10.04957905843594,                0.10350397823586,  84.20762270829745,          64.53992088457426,       1.3583755596661802,               271.9604997827392,                  77.74730019892971, 4674959.583966895,0.7361734336899799, 4674960.320140328, 2.743164549802867e-05
                1.567314373e-05,                0.0544030573435,               0.02961234577572,       10.04957905843594,                0.10350397823586,  84.20762270829745,          64.53992088457426,       1.3583755596661802,               271.9604997827392,                  77.74730019892971, 4674959.583966895,0.7361734336899799, 4674960.320140328, 2.753289954864583e-05
                0.0005042118337,               0.04522099972344,                0.0376715365026,         10.105147555537,                0.10558453924592,  85.26458316924612,           67.1445630158957,       1.4095864952559218,              270.08904043999416,                  86.99108949139789, 4674959.633428542,0.7094279090822603, 4674960.342856451,2.7950026640090082e-05
               0.00071294224231,               0.04945466445067,               0.02803234764921,       10.00101468615675,                0.10234300236513,  84.03403323410954,          62.35002603833222,       1.4105452110525103,              281.41970751992096,                   83.3144626181177, 4674959.646245058,0.7089457269177691, 4674960.355190785,  2.86824216715544e-05
               0.00071294224231,               0.04945466445067,               0.02803234764921,       10.00101468615675,                0.10234300236513,  84.03403323410954,          62.35002603833222,       1.4105452110525103,              281.41970751992096,                   83.3144626181177, 4674959.646245058,0.7089457269177691, 4674960.355190785, 2.886622351997951e-05
                0.0006902431847,               0.04826564624602,               0.03189995642868,       10.18435777652887,                 0.1071821365104,   83.4471401935773,          65.51339573120663,         1.38999167459369,               270.1171919418853,                   82.5082559319719, 4674959.650967829,0.7194287694509474, 4674960.370396598,2.8646643048584253e-05
               0.00030923035151,               0.05339120662672,               0.04017188842191,       10.14663200313506,                0.09988522617659,  86.15120279240189,           66.6279400628053,       1.3559865376063702,               266.6626684034707,                  80.28296472993087, 4674959.671341871,0.7374704484642091, 4674960.408812319,2.8865474547986368e-05
               0.00068279872322,               0.05025347798556,               0.03764321778744,        10.2383424488332,                0.10554755596939,  84.25155042702006,           68.8949517927503,       1.4153953006364017,              267.20877253933617,                  87.20465508686725,  4674959.69460134,0.7065164053818547, 4674960.401117746,2.9355830484223897e-05
               0.00068279872322,               0.05025347798556,               0.03764321778744,        10.2383424488332,                0.10554755596939,  84.25155042702006,           68.8949517927503,       1.4153953006364017,              267.20877253933617,                  87.20465508686725,  4674959.69460134,0.7065164053818547, 4674960.401117746, 2.969721561382377e-05
               0.00089618866068,               0.06161196749392,               0.03978605473288,       10.08175479131068,                0.09959615884496,  85.27638089404999,          66.93175304002978,       1.3564907234416812,               270.2891092283096,                  82.27736052920613,  4674959.75764644,0.7371963425321518, 4674960.494842782,3.0358377547113293e-05
               0.00089618866068,               0.06161196749392,               0.03978605473288,       10.08175479131068,                0.09959615884496,  85.27638089404999,          66.93175304002978,       1.3564907234416812,               270.2891092283096,                  82.27736052920613,  4674959.75764644,0.7371963425321518, 4674960.494842782,  3.13150341597437e-05
               0.00022536217642,               0.04848206449526,               0.03386549803432,        10.0734538538356,                0.10831043688631,  83.46731107575124,              67.4461587717,       1.3717117583316463,              261.70729275747686,                  84.51779929140919, 4674959.778023461,0.7290161317974388, 4674960.507039593, 3.132256099546245e-05
               0.00022536217642,               0.04848206449526,               0.03386549803432,        10.0734538538356,                0.10831043688631,  83.46731107575124,              67.4461587717,       1.3717117583316463,              261.70729275747686,                  84.51779929140919, 4674959.778023461,0.7290161317974388, 4674960.507039593,3.1641680208941857e-05
               0.00022536217642,               0.04848206449526,               0.03386549803432,        10.0734538538356,                0.10831043688631,  83.46731107575124,              67.4461587717,       1.3717117583316463,              261.70729275747686,                  84.51779929140919, 4674959.778023461,0.7290161317974388, 4674960.507039593,3.1641680208941857e-05
               0.00022536217642,               0.04848206449526,               0.03386549803432,        10.0734538538356,                0.10831043688631,  83.46731107575124,              67.4461587717,       1.3717117583316463,              261.70729275747686,                  84.51779929140919, 4674959.778023461,0.7290161317974388, 4674960.507039593,3.1641680208941857e-05
               0.00112455649663,               0.05100506190472,               0.05128838315162,       10.05726512940511,                0.10350918634318,  86.83978521425885,          73.55324808206402,       1.3499074503103805,               263.6039627713926,                  84.00671930019742, 4674959.810472526,0.7407915259450363, 4674960.551264051, 3.152340261572778e-05
               0.00024120641388,               0.05241694852571,               0.03921720963473,       10.14890376729684,                0.10521472087716,  86.69270318939866,          67.97674992746919,       1.3932111085792687,               268.5055825435062,                  87.50792567093157, 4674959.850666488, 0.717766312543799,4674960.5684328005,   3.2529081366845e-05
               0.00024120641388,               0.05241694852571,               0.03921720963473,       10.14890376729684,                0.10521472087716,  86.69270318939866,          67.97674992746919,       1.3932111085792687,               268.5055825435062,                  87.50792567093157, 4674959.850666488, 0.717766312543799,4674960.5684328005, 3.318272971244927e-05
               0.00139974284315,                0.0489720888642,               0.03742529369799,       10.03964698419732,                0.11077803025435,  84.43856778914014,          69.23997436316682,        1.403911630030921,              264.35228741749484,                   86.2593749489371, 4674959.853023776,0.7122955452530693, 4674960.565319321, 3.289132042283078e-05
                6.430958705e-05,               0.05225007375379,               0.03144268051033,       10.03470886116956,                0.10082689454862,  86.36438654772265,          64.41885509354208,        1.416443048141371,              273.08594427337766,                  83.66275166141102,4674959.8601858765,0.7059937929111803, 4674960.566179669, 3.288401509353334e-05
               0.00033373027011,               0.04903007402219,               0.04555211248766,       10.00695789612633,                0.10516660722974,  86.04260280265049,          72.77263719211852,       1.4036560154369955,               265.2907501434459,                  82.27486678854152, 4674959.865344396,0.7124252587544915, 4674960.577769655,3.2922501484557535e-05
               0.00033373027011,               0.04903007402219,               0.04555211248766,       10.00695789612633,                0.10516660722974,  86.04260280265049,          72.77263719211852,       1.4036560154369955,               265.2907501434459,                  82.27486678854152, 4674959.865344396,0.7124252587544915, 4674960.577769655,3.3007416963976554e-05
               0.00085879734019,               0.04724617388528,               0.04769954178863,       10.07284122732533,                0.10299669868847,  85.96626280428188,           73.3783193516723,       1.3534834053144242,               261.8293507344575,                   81.2607142615606, 4674959.877705891,0.7388343263563638, 4674960.616540217, 3.288221904151872e-05
                0.0002868958054,               0.04743475902765,               0.03874295974714,       10.07826034494677,                0.10100337638077,  85.96762603738419,          66.02772107017445,       1.3607342173668744,              269.28614854720064,                  80.25461606308282, 4674959.891584706,0.7348973717549906, 4674960.626482077,3.3150892762338434e-05
               0.00017393323553,               0.04323763686347,               0.02834205647418,       10.00271941011551,                 0.1055684809113,  83.85863439998151,          63.92884107178048,       1.4209622281535599,               276.0433592966994,                  81.40289549296115,  4674959.92741447,0.7037484742289241, 4674960.631162944, 3.382069122611367e-05
               0.00017393323553,               0.04323763686347,               0.02834205647418,       10.00271941011551,                 0.1055684809113,  83.85863439998151,          63.92884107178048,       1.4209622281535599,               276.0433592966994,                  81.40289549296115,  4674959.92741447,0.7037484742289241, 4674960.631162944, 3.442652012922038e-05
               0.00017393323553,               0.04323763686347,               0.02834205647418,       10.00271941011551,                 0.1055684809113,  83.85863439998151,          63.92884107178048,       1.4209622281535599,               276.0433592966994,                  81.40289549296115,  4674959.92741447,0.7037484742289241, 4674960.631162944, 3.442652012922038e-05
               0.00048139514344,               0.04959525111184,               0.03474863806733,       10.16754419111164,                0.10619589742866,   84.1738319951693,          68.14469155528354,        1.416971299877188,               267.9306885830678,                  89.61453318945439, 4674959.944064465,0.7057305960160747, 4674960.649795061, 3.419737798472352e-05
               0.00048139514344,               0.04959525111184,               0.03474863806733,       10.16754419111164,                0.10619589742866,   84.1738319951693,          68.14469155528354,        1.416971299877188,               267.9306885830678,                  89.61453318945439, 4674959.944064465,0.7057305960160747, 4674960.649795061,3.4482064485252214e-05
               0.00096253948654,               0.04925398093657,               0.03863532976861,       10.06856950499968,                0.10370196779074,  84.93844057202152,           69.1825336655848,       1.3915941854708047,              267.19033957843794,                  90.24953612406475, 4674959.967509774,0.7186003006053662, 4674960.686110074,3.4543886831435955e-05
               0.00018729292421,               0.04864537661027,                0.0324264394985,       10.02816875008419,                0.10415318876483,  85.41696471393458,          64.89445787416173,         1.39853834217274,              270.70973077264455,                   77.2918866764708, 4674959.984457865,0.7150322374761788, 4674960.699490103, 3.507213539037265e-05
               0.00018729292421,               0.04864537661027,                0.0324264394985,       10.02816875008419,                0.10415318876483,  85.41696471393458,          64.89445787416173,         1.39853834217274,              270.70973077264455,                   77.2918866764708, 4674959.984457865,0.7150322374761788, 4674960.699490103,3.5369331176328826e-05
               0.00092688918412,               0.04790172082029,               0.03708524114175,       10.04721859471311,                0.11030481341241,  84.76740349937565,           68.0881404027567,       1.3979481183153282,               266.2612561906487,                  81.46059989474847, 4674959.998877822,0.7153341292844997, 4674960.714211952,  3.52717013316067e-05
               0.00086449349064,               0.05047519440997,               0.03833716264546,       10.03475787177176,                0.10561629149868,  85.66532405779277,          69.71082738737513,        1.342353822129753,                262.783601137679,                  82.75490237505805, 4674960.002995617,0.7449600720124736, 4674960.747955689,  3.54221893805202e-05
               0.00038773025043,               0.05500937477162,               0.03996382563743,       10.04391616216713,                0.10745340760641,  85.06062774538157,          67.59827144405646,       1.3613447580095523,                269.074282712118,                   83.2466715788932, 4674960.086266112,0.7345677824198763, 4674960.820833894,3.6851982714832995e-05
               0.00038773025043,               0.05500937477162,               0.03996382563743,       10.04391616216713,                0.10745340760641,  85.06062774538157,          67.59827144405646,       1.3613447580095523,                269.074282712118,                   83.2466715788932, 4674960.086266112,0.7345677824198763, 4674960.820833894,3.8385438162174796e-05
               0.00079660031709,               0.04844411803454,               0.04094758970364,       10.01129243312978,                0.10889128890824,  85.12973777484125,          70.73377941537095,       1.3537071244146779,              258.80731805510436,                  81.40869687018358, 4674960.101035023,0.7387122236151226, 4674960.839747246,3.8286211209118336e-05
               0.00079660031709,               0.04844411803454,               0.04094758970364,       10.01129243312978,                0.10889128890824,  85.12973777484125,          70.73377941537095,       1.3537071244146779,              258.80731805510436,                  81.40869687018358, 4674960.101035023,0.7387122236151226, 4674960.839747246,3.8568928917804995e-05
               0.00016580120023,               0.04612933045862,               0.03483813183393,       10.13408371766686,                0.10144770059866,  84.32566130501634,          65.66437397639311,        1.395791455133483,               273.2673031067758,                     79.72831539484, 4674960.155168815,0.7164394052723067,  4674960.87160822, 3.924719898231424e-05
               0.00024039609871,               0.05607841067892,                0.0403390203073,       10.05613689662004,                0.10027526023431,  85.55653636526849,          66.17795179958301,         1.38008501942068,               269.6361424654251,                  84.94945233307905, 4674960.169744186, 0.724593040231515, 4674960.894337227,  4.04031361271173e-05
               0.00039198874547,               0.04870292279457,               0.04037116500559,        10.1309915785485,                0.10269454189971,  86.59644938182325,          67.54168018209923,       1.3935764555163883,               266.4679279298406,                  80.81713152552204, 4674960.178641997,0.7175781393561583, 4674960.896220136,4.0676063541158156e-05
               0.00039198874547,               0.04870292279457,               0.04037116500559,        10.1309915785485,                0.10269454189971,  86.59644938182325,          67.54168018209923,       1.3935764555163883,               266.4679279298406,                  80.81713152552204, 4674960.178641997,0.7175781393561583, 4674960.896220136, 4.085702631825886e-05
               0.00039198874547,               0.04870292279457,               0.04037116500559,        10.1309915785485,                0.10269454189971,  86.59644938182325,          67.54168018209923,       1.3935764555163883,               266.4679279298406,                  80.81713152552204, 4674960.178641997,0.7175781393561583, 4674960.896220136, 4.085702631825886e-05
               0.00039934748199,               0.04558628712946,               0.03243919581231,       10.00351408779368,                0.10443938405045,  85.28644583404318,          66.68978257564675,       1.3560381821202694,              269.39708956449874,                  80.21158352114443, 4674960.211345905,0.7374423620110929, 4674960.948788268, 4.091622049858369e-05
                0.0007956301211,               0.04950144685026,               0.03364344954126,       10.02728427728203,                0.10480470475076,  86.13398971919321,          67.02164992115667,       1.3601088501870942,              268.21074801981183,                  83.62330901908537,4674960.2564370055, 0.735235271693469, 4674960.991672277, 4.233257895103188e-05
                3.780684228e-05,               0.04538387729741,               0.03507265213332,       10.16791594513003,                0.10586359047262,  84.12634130932891,          67.16136289374626,       1.3678095623409872,                270.072543631888,                  82.16681612763861, 4674960.318228371,0.7310959270444884, 4674961.049324298, 4.444416741464862e-05
               0.00079575302504,                 0.051916223389,               0.02812110296496,       10.04256868595782,                0.10504348926742,  84.04299688106883,          63.95668060551966,        1.379045793241035,               273.7068500194553,                   84.7696675029254, 4674960.353389978,0.7251390816035187,  4674961.07852906,4.6404666258883355e-05
               0.00052903637301,               0.04452267977392,               0.03839808961625,       10.02618746691022,                0.10634972748861,  85.91576144801294,          68.50150261445488,       1.4301481802475973,              269.78254943907547,                  84.43346205242052, 4674960.376870462,0.6992282434865407, 4674961.076098706,  4.75436341909627e-05
               0.00133789421805,               0.04752411110127,               0.04432220758794,       10.04486550642884,                0.10095466385516,  86.72426069597621,           70.0934247295848,        1.361787081343994,              264.64931267169527,                   80.0741723489871, 4674960.379513663,0.7343291867720363,  4674961.11384285, 4.792580873095916e-05
               0.00052817555515,               0.04793966555132,               0.04313508879597,       10.02618030952604,                0.10398606694956,  87.52126961067626,          70.08132858158353,       1.4066985001692507,               266.8451504703311,                  84.40045008987147, 4674960.396430823,0.7108843862986151,  4674961.10731521,4.8157731776300187e-05
               0.00134896011508,               0.04954466144737,               0.03822931522678,       10.03253887081605,                0.10702962363321,  86.53617676342415,          67.72139198554065,       1.3860774890719096,              270.38370431268095,                  81.37044630429209, 4674960.397855926,0.7214603857895279,4674961.1193163125,4.8357908338721207e-05
               0.00134896011508,               0.04954466144737,               0.03822931522678,       10.03253887081605,                0.10702962363321,  86.53617676342415,          67.72139198554065,       1.3860774890719096,              270.38370431268095,                  81.37044630429209, 4674960.397855926,0.7214603857895279,4674961.1193163125, 4.839236584373718e-05
               0.00134896011508,               0.04954466144737,               0.03822931522678,       10.03253887081605,                0.10702962363321,  86.53617676342415,          67.72139198554065,       1.3860774890719096,              270.38370431268095,                  81.37044630429209, 4674960.397855926,0.7214603857895279,4674961.1193163125, 4.839236584373718e-05
               0.00079339973015,               0.04741656909241,               0.03174780493687,       10.02991119769077,                0.09973748298166,  84.58529364034504,             64.19236419716,       1.4188979196689446,              275.96854739547234,                  86.60540937521988, 4674960.398544852,0.7047723350199278, 4674961.103317187, 4.768651795987316e-05
                8.850098972e-05,                0.0539056624089,               0.04080191972782,       10.17604090967786,                0.10536283349988,   84.2538800643166,           70.4316667801051,        1.345077751429911,               261.9758384197082,                  84.95980794911344,    4674960.414076,0.7434514465330577, 4674961.157527447, 4.783709110076473e-05
               0.00053871840202,               0.04788263204345,               0.03195348211036,       10.03801149226372,                0.10393862145956,   86.3475320471419,          64.22221632572428,       1.4032088246595935,              277.10390195232935,                  82.40910944581428, 4674960.506747324,0.7126523026553738, 4674961.219399626,5.0297630003306654e-05
               0.00042364517302,               0.05188444188386,               0.03805106428832,       10.00532626436858,                0.10955207948571,  83.84128190795332,          69.39333299802156,       1.3942050120534786,              264.27235217379524,                  89.31861904783958,  4674960.51061054,0.7172546299536917, 4674961.227865171,   5.2466057691174e-05
               0.00042364517302,               0.05188444188386,               0.03805106428832,       10.00532626436858,                0.10955207948571,  83.84128190795332,          69.39333299802156,       1.3942050120534786,              264.27235217379524,                  89.31861904783958,  4674960.51061054,0.7172546299536917, 4674961.227865171,5.2567401413365126e-05
               0.00042364517302,               0.05188444188386,               0.03805106428832,       10.00532626436858,                0.10955207948571,  83.84128190795332,          69.39333299802156,       1.3942050120534786,              264.27235217379524,                  89.31861904783958,  4674960.51061054,0.7172546299536917, 4674961.227865171,5.2567401413365126e-05
               0.00042364517302,               0.05188444188386,               0.03805106428832,       10.00532626436858,                0.10955207948571,  83.84128190795332,          69.39333299802156,       1.3942050120534786,              264.27235217379524,                  89.31861904783958,  4674960.51061054,0.7172546299536917, 4674961.227865171,5.2567401413365126e-05
               0.00042364517302,               0.05188444188386,               0.03805106428832,       10.00532626436858,                0.10955207948571,  83.84128190795332,          69.39333299802156,       1.3942050120534786,              264.27235217379524,                  89.31861904783958,  4674960.51061054,0.7172546299536917, 4674961.227865171,5.2567401413365126e-05
               0.00042364517302,               0.05188444188386,               0.03805106428832,       10.00532626436858,                0.10955207948571,  83.84128190795332,          69.39333299802156,       1.3942050120534786,              264.27235217379524,                  89.31861904783958,  4674960.51061054,0.7172546299536917, 4674961.227865171,5.2567401413365126e-05
               0.00104662910742,               0.05143948498706,               0.03972623499145,        10.2117160359688,                0.10626375791977,  85.47097234352096,          69.35553945148891,       1.3824553761594944,              268.46242147148917,                  84.26383608533338, 4674960.528378107,0.7233506536594564,  4674961.25172876,5.1455331258295914e-05
               0.00025597430881,               0.05390065250475,               0.04110163572795,       10.17638950865021,                0.10700197117566,  85.16181468282691,           71.0103774152357,       1.3676502857957291,               264.0410969414247,                  82.48932048846282, 4674960.566893121,0.7311810704723963, 4674961.298074191, 5.266830121134548e-05
               0.00025597430881,               0.05390065250475,               0.04110163572795,       10.17638950865021,                0.10700197117566,  85.16181468282691,           71.0103774152357,       1.3676502857957291,               264.0410969414247,                  82.48932048846282, 4674960.566893121,0.7311810704723963, 4674961.298074191,5.3682436050551826e-05
               0.00020164200684,               0.05829408973559,               0.04187627346325,       10.06566058171615,                 0.1028470362229,  84.88436447566592,          68.14538043216115,       1.3218409583644803,              266.17862000233276,                  80.79290964047934, 4674960.576890522,0.7565206643598822, 4674961.333411186, 5.341528721676185e-05
               0.00020164200684,               0.05829408973559,               0.04187627346325,       10.06566058171615,                 0.1028470362229,  84.88436447566592,          68.14538043216115,       1.3218409583644803,              266.17862000233276,                  80.79290964047934, 4674960.576890522,0.7565206643598822, 4674961.333411186, 5.368229201323548e-05
               0.00023393748602,               0.05410403364705,               0.04204308049687,       10.12471984210972,                0.10361371941975,  85.05166837684594,          70.33589695542412,       1.3767494947092285,               259.1523109298533,                  84.75927429739305, 4674960.610094903,0.7263485505845066, 4674961.336443454, 5.404532831028409e-05
               0.00047463922126,               0.06149237420878,               0.03913433023526,       10.02202892596622,                0.09903116694097,  85.88191678612725,          66.44114513216765,       1.3559536932693665,                272.620314845542,                  85.13622596272481, 4674960.640069761,0.7374883117054539, 4674961.377558073, 5.550092478634656e-05
               0.00065689334461,               0.05225739626125,                0.0476745001315,       10.15468535445442,                 0.1026724864747,  87.13193195482867,          71.67339427172541,       1.3719145692173411,               263.7968788230564,                   81.9409537887548, 4674960.683241151,0.7289083609415173, 4674961.412149512,  5.72888440673835e-05
                0.0001392931935,               0.05048977244568,               0.04141537141612,        10.0202178050152,                0.10426416879235,  86.23282783417163,          67.62444609694045,       1.3586169138838462,              268.73950540967746,                  85.91516148552594,4674960.7217506515,0.7360426546886741, 4674961.457793307,5.9377253976092237e-05
               0.00047391503643,               0.04736470733447,               0.03653813808017,       10.08326322065138,                0.10734798020674,  85.37061129422392,          68.74300904708949,       1.3832266947157803,               269.5672901601719,                  86.33130765011593, 4674960.726733172,0.7229472969399827, 4674961.449680469,6.0369706636647394e-05
               0.00020924224825,               0.04729415185651,               0.03490249122123,       10.18494438252377,                0.10104785613878,   86.2592127183344,          66.97901793763735,       1.4154067151786596,              270.14386876359464,                   83.5109951395756, 4674960.734514469,0.7065107076828975, 4674961.441025177,6.0454212894088576e-05
               0.00057362359213,               0.04835905676663,               0.04047914207906,       10.02243394407164,                0.10728661996094,  85.49562269996761,          68.65935953771603,       1.4195134075898594,               267.1156609220077,                  83.65792756490364, 4674960.753873275,0.7044667522357988, 4674961.458340026, 6.097768957693653e-05
               0.00057362359213,               0.04835905676663,               0.04047914207906,       10.02243394407164,                0.10728661996094,  85.49562269996761,          68.65935953771603,       1.4195134075898594,               267.1156609220077,                  83.65792756490364, 4674960.753873275,0.7044667522357988, 4674961.458340026, 6.156789873422763e-05
               0.00057362359213,               0.04835905676663,               0.04047914207906,       10.02243394407164,                0.10728661996094,  85.49562269996761,          68.65935953771603,       1.4195134075898594,               267.1156609220077,                  83.65792756490364, 4674960.753873275,0.7044667522357988, 4674961.458340026, 6.156789873422763e-05
               0.00013405656857,               0.04944296738703,               0.04558291653243,       10.03315160690654,                0.10059556715624,  87.30368942776131,          70.79075391039109,       1.3800181249915011,               268.3077222063346,                  84.10685437782284, 4674960.764648888,0.7246281638555715, 4674961.489277052, 6.097750671373642e-05
               0.00013405656857,               0.04944296738703,               0.04558291653243,       10.03315160690654,                0.10059556715624,  87.30368942776131,          70.79075391039109,       1.3800181249915011,               268.3077222063346,                  84.10685437782284, 4674960.764648888,0.7246281638555715, 4674961.489277052,  6.13060385578955e-05
               0.00013405656857,               0.04944296738703,               0.04558291653243,       10.03315160690654,                0.10059556715624,  87.30368942776131,          70.79075391039109,       1.3800181249915011,               268.3077222063346,                  84.10685437782284, 4674960.764648888,0.7246281638555715, 4674961.489277052,  6.13060385578955e-05
               0.00097917273445,               0.04813217048336,               0.03698763679849,       10.08608065947036,                0.10626444414272,   85.7964906883193,          67.91886593159799,        1.352731643501437,               265.9702570518832,                  79.92258625321416, 4674960.782786617,0.7392449232662145,  4674961.52203154,6.0943698033540484e-05
               0.00051697982736,               0.04798052356946,               0.03466941756478,       10.06788211246965,                0.10317662555085,  85.28119785605993,           69.0302783291946,       1.3825266109098224,              267.50705430640545,                  82.16271618390067,   4674960.7883492,0.7233133829821281, 4674961.511662583, 6.136108358098198e-05
                7.843692653e-05,                0.0459649332203,                 0.040764942295,        10.0463096591427,                0.10152143860186,  85.86534843909459,          69.15805428937787,       1.4074365868716059,               267.9709813821234,                    79.695823814677, 4674960.794569945,0.7105115849110902,  4674961.50508153, 6.141664613994675e-05
               0.00045754605038,               0.05900067486226,               0.04525379174929,       10.05679933503356,                0.09836320910045,  85.77688490667437,          69.06625521696621,        1.318819488290392,               266.3551358059609,                  79.65533476565965,  4674960.83828215,0.7582538845375396, 4674961.596536035, 6.267068719648402e-05
               0.00153375099487,               0.04641986903782,               0.04176067875773,       10.00161365641722,                0.10405181658144,   84.9968602194282,          69.59800524027995,        1.374800432718692,               264.8759193553326,                  79.20387831352758, 4674960.855988399,0.7273782988433328, 4674961.583366698, 6.429075733590747e-05
               0.00012768152877,               0.04865481920136,               0.04673415690135,        10.0812842114073,                 0.1085709332301,  86.49852546645201,          72.57424990527718,        1.405007717832569,              262.50149016525626,                  85.20928919786131, 4674960.868995337,0.7117398625700413, 4674961.580735199, 6.495968772662889e-05
               0.00040701934431,               0.05084917421951,               0.04519862128251,       10.12827346425121,                0.10765390492202,  85.64421682221354,          71.07853599572674,       1.3521979125573766,               263.6706378565935,                  80.70647524775926, 4674960.870253725,0.7395367133119782, 4674961.609790438, 6.509781991350444e-05
               0.00113631950464,               0.04810646083797,               0.03813225274113,       10.00304267100782,                0.10465331081824,  85.62344595017633,          70.15121543903749,       1.3682943582372904,               267.0384277021515,                  82.30224314972419,4674960.8743554335,0.7308368948390996, 4674961.605192329, 6.494790406560322e-05
               0.00018716999595,               0.04914959535381,               0.03270739100174,       10.02681317631125,                0.10575794056236,  84.89643622079616,          65.02358583117133,       1.3914621995331626,               266.4033419714831,                  80.87328333616061, 4674960.881842526,0.7186684628123576, 4674961.600510988, 6.500064778285669e-05
               0.00033923543504,               0.05673865766095,               0.04581718294474,       10.05189486839234,                0.10483917052814,  85.77669279929071,          70.33337553117332,       1.3435484208261417,              265.17656522924284,                  84.93189367180918, 4674960.884872908,0.7442977004022711, 4674961.629170608, 6.501789712178233e-05
               0.00087620904922,               0.05416481914202,               0.04099455844142,       10.05758803852661,                0.10282513537058,   86.3923088832848,          69.55867567996509,       1.3677658159827506,               263.5079208021886,                  81.31503070156646, 4674960.901222772,0.7311193102757083, 4674961.632342082, 6.532647692476542e-05
               0.00111178558251,               0.05043199042413,               0.04062696791488,       10.03791164426428,                0.10355602173261,  86.06118228181873,          70.77873526705635,        1.369795297572372,              263.07314746196795,                  80.81959749942285, 4674960.931813629,0.7300360877075984, 4674961.661849717, 6.655068219313062e-05
               0.00064441914744,               0.05312230409873,               0.03756603600695,       10.04892623723088,                0.10414547406046,   84.2870445002412,          66.82383963890712,       1.3678563744278045,              273.52949485538517,                  84.13438712813486, 4674960.951678962,0.7310709067816535, 4674961.682749869,  6.79068359609834e-05
               0.00079515464432,               0.05307664973476,               0.03975998343985,       10.03080193608246,                0.10186060765947,  86.75352318602881,          69.41780899534115,       1.3650947074671278,               267.2789376758487,                   82.6164719166807, 4674960.971133586,0.7325499062665441, 4674961.703683493, 6.891040102950014e-05
               0.00079515464432,               0.05307664973476,               0.03975998343985,       10.03080193608246,                0.10186060765947,  86.75352318602881,          69.41780899534115,       1.3650947074671278,               267.2789376758487,                   82.6164719166807, 4674960.971133586,0.7325499062665441, 4674961.703683493, 6.958069282802652e-05
               0.00079515464432,               0.05307664973476,               0.03975998343985,       10.03080193608246,                0.10186060765947,  86.75352318602881,          69.41780899534115,       1.3650947074671278,               267.2789376758487,                   82.6164719166807, 4674960.971133586,0.7325499062665441, 4674961.703683493, 6.958069282802652e-05
               0.00079515464432,               0.05307664973476,               0.03975998343985,       10.03080193608246,                0.10186060765947,  86.75352318602881,          69.41780899534115,       1.3650947074671278,               267.2789376758487,                   82.6164719166807, 4674960.971133586,0.7325499062665441, 4674961.703683493, 6.958069282802652e-05
               0.00044009425932,               0.04929592779287,               0.04068816478951,       10.25216385836357,                 0.1049178223507,  84.83808630034983,          68.34914230969548,       1.3820292854289495,              268.04359684891534,                  83.13275113442427, 4674960.990190808,0.7235736684766585, 4674961.713764477, 6.885204698168551e-05
               0.00071621179926,               0.04829433876042,               0.04885561757088,       10.01116261087319,                0.10444933396738,  85.64794930099012,          73.38711591132603,       1.3639626630683248,                264.062725187971,                  84.34915926147274, 4674960.993209076,0.7331578987290117, 4674961.726366974, 6.926681291542761e-05
               0.00071621179926,               0.04829433876042,               0.04885561757088,       10.01116261087319,                0.10444933396738,  85.64794930099012,          73.38711591132603,       1.3639626630683248,                264.062725187971,                  84.34915926147274, 4674960.993209076,0.7331578987290117, 4674961.726366974, 6.937134576573773e-05
               0.00043748851678,               0.04526909433728,               0.03214465142219,       10.06201268494245,                0.10209545826179,   85.1168611836365,          67.46498152473778,       1.4096664835860324,                268.822623356079,                  82.33725059697386, 4674960.995175839,0.7093876542032218, 4674961.704563494, 6.874868976744909e-05
               0.00105512302065,               0.04793611926021,               0.03717381600786,       10.04437381752458,                 0.1038078152264,   84.8923615168508,          69.07843778811622,       1.4020452721231769,               270.4769284809564,                  87.59715525287444, 4674960.997064322,0.7132437303437837, 4674961.710308053, 6.853864331522223e-05
               0.00105512302065,               0.04793611926021,               0.03717381600786,       10.04437381752458,                 0.1038078152264,   84.8923615168508,          69.07843778811622,       1.4020452721231769,               270.4769284809564,                  87.59715525287444, 4674960.997064322,0.7132437303437837, 4674961.710308053, 6.860336033242311e-05
               0.00105512302065,               0.04793611926021,               0.03717381600786,       10.04437381752458,                 0.1038078152264,   84.8923615168508,          69.07843778811622,       1.4020452721231769,               270.4769284809564,                  87.59715525287444, 4674960.997064322,0.7132437303437837, 4674961.710308053, 6.860336033242311e-05
                0.0007998144741,               0.05024671535863,               0.02647832696447,        10.0049369478002,                0.10625638782406,  83.25079018677428,          65.02727782717298,       1.4146713967338662,               272.6495934974867,                  85.88413223022924,4674961.0141682485,0.7068779380913178, 4674961.721046187, 6.816233717954571e-05
               0.00041133796684,               0.05124609447445,               0.04084737506755,       10.15085246016422,                0.10836305695853,  85.83600121300816,           70.8049415619592,        1.371429551618596,               261.2657572898325,                  82.14190376802597, 4674961.027075749, 0.729166145515659, 4674961.756241894, 6.884754726452501e-05
               0.00092014598615,               0.04749149731177,               0.03607333551216,       10.08273994882722,                0.10655705769486,  85.85671714499354,           68.7132045894281,        1.364536123462734,               265.6643958052502,                  80.49181296611798, 4674961.036875771,0.7328497815523829, 4674961.769725553, 6.928663288662317e-05
               0.00092014598615,               0.04749149731177,               0.03607333551216,       10.08273994882722,                0.10655705769486,  85.85671714499354,           68.7132045894281,        1.364536123462734,               265.6643958052502,                  80.49181296611798, 4674961.036875771,0.7328497815523829, 4674961.769725553, 6.962613546700689e-05
               0.00092014598615,               0.04749149731177,               0.03607333551216,       10.08273994882722,                0.10655705769486,  85.85671714499354,           68.7132045894281,        1.364536123462734,               265.6643958052502,                  80.49181296611798, 4674961.036875771,0.7328497815523829, 4674961.769725553, 6.962613546700689e-05
               0.00139838537366,               0.04755798343465,               0.03974343330354,       10.16839426246879,                0.10678586163104,  85.71592193095697,          69.27364716052459,       1.3785239493207868,              265.97623137712424,                  84.18665846037055, 4674961.106669711,0.7254135849382308, 4674961.832083296, 7.106591840177872e-05
               0.00139838537366,               0.04755798343465,               0.03974343330354,       10.16839426246879,                0.10678586163104,  85.71592193095697,          69.27364716052459,       1.3785239493207868,              265.97623137712424,                  84.18665846037055, 4674961.106669711,0.7254135849382308, 4674961.832083296,  7.35448973880077e-05
               0.00118916711719,               0.04985919582013,               0.04238754614749,       10.13243697327079,                0.10301394135427,  84.97603587309884,          69.95800679842606,       1.3602026496736297,              267.44693437513394,                  80.00278838935074, 4674961.124136884,0.7351845699168006, 4674961.859321454, 7.345461334301137e-05
               0.00066692083881,               0.05046310683579,               0.03480580824603,        10.0237361423613,                0.10726811477875,  85.26770144602615,          66.97579642732255,       1.3791876757345374,              268.66876807720575,                   88.4301048639298, 4674961.127695218,0.7250644836768956, 4674961.852759701, 7.385888893114229e-05
               0.00086879345633,               0.05061009087908,               0.03921312704971,       10.00952797640791,                0.10782264205767,   86.4197723122614,          69.11496616729293,       1.3713767765146654,              264.88512624536565,                  86.71906434266805,  4674961.13508166,0.7291942062352009, 4674961.864275866, 7.389509488358115e-05
               0.00086879345633,               0.05061009087908,               0.03921312704971,       10.00952797640791,                0.10782264205767,   86.4197723122614,          69.11496616729293,       1.3713767765146654,              264.88512624536565,                  86.71906434266805,  4674961.13508166,0.7291942062352009, 4674961.864275866, 7.416800455801224e-05
               0.00028115396195,               0.05458684547539,               0.03736012606973,       10.13494171043332,                0.09945234962387,  84.91063048461926,          67.22464529347064,       1.3836400644034164,               269.9769286662971,                   80.7077642556072, 4674961.167765681,0.7227313126634344, 4674961.890496993, 7.464983421575356e-05
               0.00028115396195,               0.05458684547539,               0.03736012606973,       10.13494171043332,                0.09945234962387,  84.91063048461926,          67.22464529347064,       1.3836400644034164,               269.9769286662971,                   80.7077642556072, 4674961.167765681,0.7227313126634344, 4674961.890496993, 7.586965399660175e-05
               0.00079511406094,               0.04680236391745,               0.03966786503467,       10.14010863050374,                0.10513171121799,  84.23520218455965,          69.58150417318811,       1.3813770738488214,              267.53865541247336,                  81.78714731998627, 4674961.168208325,0.7239153008481451, 4674961.892123627, 7.513136027033076e-05
               0.00044025251931,               0.04783988029264,               0.04182907557022,       10.22954390177825,                0.10214911207693,  85.58993261016784,          69.15549238348524,       1.3560219425598286,              264.12080919207534,                  83.01978304571227, 4674961.184002685,0.7374511935347089, 4674961.921453879, 7.536931055779967e-05
                2.209716231e-05,               0.05543532950272,               0.03828614412803,       10.03457266969164,                0.10412487637831,   86.2908232037384,          68.58251450558623,       1.3869676734762653,               264.5097199437588,                  82.57240394124183,  4674961.19226753,0.7209973376622557, 4674961.913264867, 7.590022043429017e-05
                2.209716231e-05,               0.05543532950272,               0.03828614412803,       10.03457266969164,                0.10412487637831,   86.2908232037384,          68.58251450558623,       1.3869676734762653,               264.5097199437588,                  82.57240394124183,  4674961.19226753,0.7209973376622557, 4674961.913264867, 7.621387037083244e-05
                2.209716231e-05,               0.05543532950272,               0.03828614412803,       10.03457266969164,                0.10412487637831,   86.2908232037384,          68.58251450558623,       1.3869676734762653,               264.5097199437588,                  82.57240394124183,  4674961.19226753,0.7209973376622557, 4674961.913264867, 7.621387037083244e-05
                2.209716231e-05,               0.05543532950272,               0.03828614412803,       10.03457266969164,                0.10412487637831,   86.2908232037384,          68.58251450558623,       1.3869676734762653,               264.5097199437588,                  82.57240394124183,  4674961.19226753,0.7209973376622557, 4674961.913264867, 7.621387037083244e-05
                2.209716231e-05,               0.05543532950272,               0.03828614412803,       10.03457266969164,                0.10412487637831,   86.2908232037384,          68.58251450558623,       1.3869676734762653,               264.5097199437588,                  82.57240394124183,  4674961.19226753,0.7209973376622557, 4674961.913264867, 7.621387037083244e-05
                2.209716231e-05,               0.05543532950272,               0.03828614412803,       10.03457266969164,                0.10412487637831,   86.2908232037384,          68.58251450558623,       1.3869676734762653,               264.5097199437588,                  82.57240394124183,  4674961.19226753,0.7209973376622557, 4674961.913264867, 7.621387037083244e-05
                2.209716231e-05,               0.05543532950272,               0.03828614412803,       10.03457266969164,                0.10412487637831,   86.2908232037384,          68.58251450558623,       1.3869676734762653,               264.5097199437588,                  82.57240394124183,  4674961.19226753,0.7209973376622557, 4674961.913264867, 7.621387037083244e-05
                2.209716231e-05,               0.05543532950272,               0.03828614412803,       10.03457266969164,                0.10412487637831,   86.2908232037384,          68.58251450558623,       1.3869676734762653,               264.5097199437588,                  82.57240394124183,  4674961.19226753,0.7209973376622557, 4674961.913264867, 7.621387037083244e-05
                2.209716231e-05,               0.05543532950272,               0.03828614412803,       10.03457266969164,                0.10412487637831,   86.2908232037384,          68.58251450558623,       1.3869676734762653,               264.5097199437588,                  82.57240394124183,  4674961.19226753,0.7209973376622557, 4674961.913264867, 7.621387037083244e-05
                2.209716231e-05,               0.05543532950272,               0.03828614412803,       10.03457266969164,                0.10412487637831,   86.2908232037384,          68.58251450558623,       1.3869676734762653,               264.5097199437588,                  82.57240394124183,  4674961.19226753,0.7209973376622557, 4674961.913264867, 7.621387037083244e-05
               0.00074096226323,               0.04746343613276,               0.03138026309771,       10.13004610232512,                0.10559877513395,  83.63923193085998,          67.37519551643214,        1.407382196310557,               270.6160735295616,                  86.44042123059425, 4674961.231053614,0.7105390437803557, 4674961.941592658,  7.38542138704199e-05
               0.00073960196532,                0.0545409347402,               0.03825071793807,       10.04356706273025,                0.09988665825965,  85.87935648066636,          67.89090316694148,       1.3461693703473219,               268.8622553105895,                  83.92771722954684, 4674961.256374683,0.7428485761357001, 4674961.999223259, 7.587226567334145e-05
               0.00074624129233,               0.04361275591187,               0.03563311435745,       10.02317948800874,                0.10576858398266,  85.17520801847968,          69.50546633486552,       1.4103543782360248,               266.1798174422557,                  82.89470031770124, 4674961.298254068,0.7090416532408911, 4674962.007295721, 7.808539012838296e-05
                4.774402722e-05,               0.05704433619823,               0.05089882679045,       10.00056394813091,                0.10156481186045,  85.70458923315667,          74.24533396350044,       1.3503550686507415,              262.13880929430354,                  83.31950699193243, 4674961.298720936,0.7405459669205285, 4674962.039266903, 7.934213832877426e-05
                5.690446695e-05,               0.05340858597501,               0.04478470202596,       10.08774403516296,                0.10561161733083,  86.68360398263681,          72.16587670929738,       1.3781418277843183,              262.04117485215613,                  84.12865297460495, 4674961.315296434,0.7256147225483544, 4674962.040911157, 7.962573331851003e-05
               0.00066076282683,               0.05346791235703,               0.03774833302564,       10.00350928239409,                0.10260918638824,  86.01130236958757,          67.30211094989556,       1.3408248156940803,               269.8881517755459,                  84.12620500567701, 4674961.318769871,0.7458095854844007, 4674962.064579457, 8.002518643968079e-05
                0.0001792960903,               0.05437079135287,                0.0425244682317,       10.02401443314679,                0.10793516094092,  84.95536544482451,          69.76948711838503,         1.37103059381055,                263.461473953226,                  87.59216321390602, 4674961.328453597, 0.729378326431555,4674962.0578319235, 8.015342970805186e-05
               0.00047683889685,               0.05562603751402,                 0.038354131986,       10.17587019837468,                0.10341637483405,  84.83287980720469,           68.3045318107182,       1.3641455250409684,               266.9403213163175,                  80.24953424852058, 4674961.330841448,0.7330596198451538, 4674962.063901068, 8.023661096170013e-05
                5.183325064e-05,               0.05599663126558,               0.03757018968649,       10.04789459854044,                0.10193883659252,  86.01628735540409,          66.17730574118708,       1.3395764251074922,              270.83173775907505,                  83.58733644344025, 4674961.350312851,0.7465046273263256, 4674962.096817479, 8.071857086691004e-05
                5.183325064e-05,               0.05599663126558,               0.03757018968649,       10.04789459854044,                0.10193883659252,  86.01628735540409,          66.17730574118708,       1.3395764251074922,              270.83173775907505,                  83.58733644344025, 4674961.350312851,0.7465046273263256, 4674962.096817479, 8.150439795211489e-05
               0.00018701894404,               0.05015339730776,               0.04045091139896,       10.03225624979648,                0.11019911761915,  85.68886893233301,          70.21768153414573,       1.3985281430952266,              266.26465142954487,                  81.59802508711915, 4674961.373900396,0.7150374520077923, 4674962.088937848, 8.165640126162594e-05
                0.0001407829414,               0.04553117371619,               0.03244507441769,       10.00051515917538,                0.10281376757971,  86.05463421766565,          64.89210193503388,       1.3976696686730032,              276.17350894302285,                  80.21110815649625, 4674961.383918856,0.7154766411647433, 4674962.099395498, 8.262222207533106e-05
               0.00098559379296,                0.0502802897939,               0.04719481596221,       10.01105485834847,                0.10179866531539,  86.58043496254152,          71.42961560981138,       1.3422504370064385,              265.52804239508066,                  83.17230116698109, 4674961.400999971,0.7450174516092954, 4674962.146017422, 8.333468481853375e-05
                8.329142132e-05,               0.04691156017157,               0.03296294772642,        10.0279664616613,                0.10368151382395,   86.3709330411375,          65.04783660488764,        1.397456330429534,              268.29034527668784,                  80.63682439952233, 4674961.407129515,0.7155858671394988, 4674962.122715382, 8.388533956345994e-05
               0.00015631672152,               0.05177562302689,               0.03044971827366,       10.10633961615591,                 0.1044891773412,  85.41491160398706,          65.09475367188548,       1.4095366505697475,              272.31168787860554,                    87.784392118416, 4674961.440831215,0.7094529961997021, 4674962.150284211, 8.515866926492314e-05
               0.00015631672152,               0.05177562302689,               0.03044971827366,       10.10633961615591,                 0.1044891773412,  85.41491160398706,          65.09475367188548,       1.4095366505697475,              272.31168787860554,                    87.784392118416, 4674961.440831215,0.7094529961997021, 4674962.150284211, 8.659352945826016e-05
               0.00015631672152,               0.05177562302689,               0.03044971827366,       10.10633961615591,                 0.1044891773412,  85.41491160398706,          65.09475367188548,       1.4095366505697475,              272.31168787860554,                    87.784392118416, 4674961.440831215,0.7094529961997021, 4674962.150284211, 8.659352945826016e-05
               0.00132233815667,               0.04668504247499,               0.03651345620657,       10.00660489380844,                0.10764643140445,  83.67150091064146,          69.51968126138374,       1.3712166921380906,              266.83609620822483,                  82.17795304761462, 4674961.447087167,0.7292793369082567, 4674962.176366503,   8.5568744775737e-05
               0.00071640484168,               0.04708074447134,               0.03846404206315,       10.07368330783609,                 0.1037855359841,  84.71670827225728,          68.83653158124318,       1.3831125495078864,               270.8153900885196,                  80.79085937720177, 4674961.468910015,0.7230069601752956, 4674962.191916975, 8.635153506647283e-05
                0.0017228820993,                0.0491486750494,               0.03597565058084,       10.00983118158708,                0.10490934703316,  85.56783082142832,          68.06991094087401,        1.382636625328944,              272.60386821871725,                   84.1458059075677, 4674961.493834516,0.7232558299705748, 4674962.217090346, 8.795548527244969e-05
                5.169688309e-05,               0.05048373204396,               0.03657096607265,       10.12075760263951,                0.10395683209369,  85.71123060156378,          65.98074824475904,       1.3553180922573944,              269.48112449647357,                  77.57882069166624, 4674961.520858063,0.7378341702311502, 4674962.258692234, 8.982209121932861e-05
                5.169688309e-05,               0.05048373204396,               0.03657096607265,       10.12075760263951,                0.10395683209369,  85.71123060156378,          65.98074824475904,       1.3553180922573944,              269.48112449647357,                  77.57882069166624, 4674961.520858063,0.7378341702311502, 4674962.258692234, 9.103567313150854e-05
                5.169688309e-05,               0.05048373204396,               0.03657096607265,       10.12075760263951,                0.10395683209369,  85.71123060156378,          65.98074824475904,       1.3553180922573944,              269.48112449647357,                  77.57882069166624, 4674961.520858063,0.7378341702311502, 4674962.258692234, 9.103567313150854e-05
                5.169688309e-05,               0.05048373204396,               0.03657096607265,       10.12075760263951,                0.10395683209369,  85.71123060156378,          65.98074824475904,       1.3553180922573944,              269.48112449647357,                  77.57882069166624, 4674961.520858063,0.7378341702311502, 4674962.258692234, 9.103567313150854e-05
                5.169688309e-05,               0.05048373204396,               0.03657096607265,       10.12075760263951,                0.10395683209369,  85.71123060156378,          65.98074824475904,       1.3553180922573944,              269.48112449647357,                  77.57882069166624, 4674961.520858063,0.7378341702311502, 4674962.258692234, 9.103567313150854e-05
                5.169688309e-05,               0.05048373204396,               0.03657096607265,       10.12075760263951,                0.10395683209369,  85.71123060156378,          65.98074824475904,       1.3553180922573944,              269.48112449647357,                  77.57882069166624, 4674961.520858063,0.7378341702311502, 4674962.258692234, 9.103567313150854e-05
                5.169688309e-05,               0.05048373204396,               0.03657096607265,       10.12075760263951,                0.10395683209369,  85.71123060156378,          65.98074824475904,       1.3553180922573944,              269.48112449647357,                  77.57882069166624, 4674961.520858063,0.7378341702311502, 4674962.258692234, 9.103567313150854e-05
                5.169688309e-05,               0.05048373204396,               0.03657096607265,       10.12075760263951,                0.10395683209369,  85.71123060156378,          65.98074824475904,       1.3553180922573944,              269.48112449647357,                  77.57882069166624, 4674961.520858063,0.7378341702311502, 4674962.258692234, 9.103567313150854e-05
                5.169688309e-05,               0.05048373204396,               0.03657096607265,       10.12075760263951,                0.10395683209369,  85.71123060156378,          65.98074824475904,       1.3553180922573944,              269.48112449647357,                  77.57882069166624, 4674961.520858063,0.7378341702311502, 4674962.258692234, 9.103567313150854e-05
               0.00149238296004,               0.04748715582055,               0.03660556124327,       10.06438409926229,                0.10744877421932,  85.58437162007955,          68.51197216744241,       1.3708535507134223,              267.80749119097595,                  80.58501100992319, 4674961.526124265,0.7294725242383316,4674962.2555967895, 8.718902593122666e-05
               0.00149238296004,               0.04748715582055,               0.03660556124327,       10.06438409926229,                0.10744877421932,  85.58437162007955,          68.51197216744241,       1.3708535507134223,              267.80749119097595,                  80.58501100992319, 4674961.526124265,0.7294725242383316,4674962.2555967895, 8.741860287700123e-05
                0.0006680366805,               0.04985191657282,               0.02936583384431,       10.05237915420227,                0.10216752467896,  85.43409635107884,          64.37746019651252,       1.3774008930220547,               274.4341011878071,                  83.40831619500577, 4674961.531953737,0.7260050469445921, 4674962.257958784, 8.680176953355108e-05
               0.00055014081666,               0.04953425624616,               0.03895592082573,        10.2366604783706,                0.10627215530241,  84.89705293426827,          67.85089986223346,       1.3812888475726028,               266.6929500365344,                  82.42670083699974, 4674961.564348042,0.7239615390780445, 4674962.288309581, 8.804766145695473e-05
               0.00052887019736,               0.05201487657813,               0.04752223149834,       10.02974039424175,                0.10878324953971,   85.3582189929312,          73.35595830701033,       1.3805280273956855,              259.85412446425596,                  85.38788174043358, 4674961.578600634,0.7243605201456595, 4674962.302961154, 8.966750185800237e-05
               0.00032481650304,               0.04780755008347,               0.04339764475695,        10.0679045314716,                0.10674346536839,  84.93443017486841,          71.46719149161363,       1.4024783412166797,               265.7496656252529,                  86.83817140710887, 4674961.589137471,0.7130234889278068, 4674962.302160961, 9.033311044998793e-05
               0.00089955381455,               0.05326588867041,               0.03215086322293,       10.06562727651176,                0.10396627760815,  84.11817541998063,          66.37581539845232,       1.3660380635902323,               269.0051068624401,                  79.32322996813208, 4674961.604536436,0.7320440232622742, 4674962.336580459,  9.10583206242607e-05
               0.00089955381455,               0.05326588867041,               0.03215086322293,       10.06562727651176,                0.10396627760815,  84.11817541998063,          66.37581539845232,       1.3660380635902323,               269.0051068624401,                  79.32322996813208, 4674961.604536436,0.7320440232622742, 4674962.336580459, 9.175940872501718e-05
               0.00089955381455,               0.05326588867041,               0.03215086322293,       10.06562727651176,                0.10396627760815,  84.11817541998063,          66.37581539845232,       1.3660380635902323,               269.0051068624401,                  79.32322996813208, 4674961.604536436,0.7320440232622742, 4674962.336580459, 9.175940872501718e-05
               0.00030582350903,                0.0490080839649,               0.03205000239581,       10.13677276493564,                0.10375100271073,  84.54715499783818,          66.92636205043189,        1.377734538458547,              272.85041601789436,                  82.56260849804164, 4674961.640004158,0.7258292305851834, 4674962.365833389, 9.202159239135635e-05
               0.00045640152829,                0.0539552417461,               0.03893500393204,       10.11480207977122,                0.10176060368734,  85.67009585329244,          67.72747781689753,       1.3486027877220994,              271.14297604072374,                  79.80137105807586, 4674961.651044153, 0.741508180988623, 4674962.392552334, 9.370462665110828e-05
               0.00092813176753,               0.04900254253253,                0.0362269946675,       10.07822255058174,                0.10263081613259,  85.14829010827047,          67.19110751273477,        1.424195257598994,              273.00654128886276,                  86.49141529994489, 4674961.669791164,0.7021509127097281, 4674962.371942077, 9.464018946539388e-05
               0.00092813176753,               0.04900254253253,                0.0362269946675,       10.07822255058174,                0.10263081613259,  85.14829010827047,          67.19110751273477,        1.424195257598994,              273.00654128886276,                  86.49141529994489, 4674961.669791164,0.7021509127097281, 4674962.371942077,  9.55272738476169e-05
               0.00014725723139,               0.04951432008798,                0.0333757281256,       10.15886769632638,                0.09927354645082,  85.48014983380416,          65.57581208392727,       1.3929937855392447,               271.6129727102141,                  86.62254143547042, 4674961.676221257,0.7178782923377421, 4674962.394099549, 9.488180201645707e-05
               0.00014725723139,               0.04951432008798,                0.0333757281256,       10.15886769632638,                0.09927354645082,  85.48014983380416,          65.57581208392727,       1.3929937855392447,               271.6129727102141,                  86.62254143547042, 4674961.676221257,0.7178782923377421, 4674962.394099549, 9.518685041312625e-05
               0.00027270496266,               0.04912909112549,                0.0421348756743,       10.18423833689213,                0.10087144586939,  85.67941572196727,          68.86794828388352,       1.3983881288161375,               267.2641979526874,                  87.64573118788113, 4674961.694713756, 0.715109045474085, 4674962.409822802,  9.51191882392258e-05
               0.00034970306388,               0.05040564735761,               0.04372606172725,       10.23587769668651,                0.10230088969243,  85.04472030085043,          70.10530653722242,        1.358631007330137,              260.72635059656625,                  83.13929441240963, 4674961.702518233,0.7360350195194739, 4674962.438553252, 9.589525795772091e-05
               0.00034970306388,               0.05040564735761,               0.04372606172725,       10.23587769668651,                0.10230088969243,  85.04472030085043,          70.10530653722242,        1.358631007330137,              260.72635059656625,                  83.13929441240963, 4674961.702518233,0.7360350195194739, 4674962.438553252,  9.62694621790765e-05
               0.00034970306388,               0.05040564735761,               0.04372606172725,       10.23587769668651,                0.10230088969243,  85.04472030085043,          70.10530653722242,        1.358631007330137,              260.72635059656625,                  83.13929441240963, 4674961.702518233,0.7360350195194739, 4674962.438553252,  9.62694621790765e-05
               0.00031144618426,               0.04855215576362,                 0.034504793926,       10.12908035722483,                0.10617357376178,  84.74288317048203,          68.12163178419397,          1.3528256076351,               263.4654436653576,                  79.59621011133817,4674961.7107615955,0.7391935770258806, 4674962.449955173, 9.522508985472943e-05
               0.00084197267574,               0.05060496258802,               0.03923392114933,       10.22005189641344,                0.10362589874965,  84.50746145166609,           67.8571885169643,       1.3658033011112718,               265.3910725184644,                  83.76393601734506, 4674961.724734454,0.7321698513880881, 4674962.456904306, 9.581123328320358e-05
               0.00022645621869,               0.04678446547982,               0.04149497263937,        10.1103957194474,                0.10309550005922,   85.5541826391367,          69.80789127378493,       1.3967696694652503,               269.3730030167573,                  81.85242912590533, 4674961.772637092,0.7159376537599413, 4674962.488574745, 9.835590093115883e-05
               0.00094165815848,                0.0456013504786,               0.03869941710097,       10.14729872930977,                0.10371263060535,   84.7927910737532,          68.79233698102384,        1.382366315938552,              268.28703831750045,                  83.23435620299597, 4674961.785278549,0.7233972561904144, 4674962.508675805,0.00010084757507174209
                4.865717361e-05,                0.0450689229953,               0.03559952081577,       10.15834824413605,                0.10520066834537,  85.10957680851705,          66.09475394887144,       1.4126889271205816,              269.81173927522883,                  84.38212351082055, 4674961.785394965, 0.707869921539099, 4674962.493264887,0.00010098597442610938
               0.00041194495069,               0.05480418528512,               0.04168964236986,        10.0360151237639,                0.10247484313476,  86.39609022072331,           68.7270209829465,       1.3431612549985863,               264.6290145277646,                  85.15895846293023, 4674961.789537401,0.7445122439904303, 4674962.534049645,0.00010069797272988945
               0.00041194495069,               0.05480418528512,               0.04168964236986,        10.0360151237639,                0.10247484313476,  86.39609022072331,           68.7270209829465,       1.3431612549985863,               264.6290145277646,                  85.15895846293023, 4674961.789537401,0.7445122439904303, 4674962.534049645,0.00010090653986195034
               0.00023547114335,               0.04781820841728,               0.03321089513874,       10.07139879675924,                0.10432907160238,  85.62147537987607,          66.92245809228955,       1.3655927178773257,              271.97288771189386,                  80.61132319053308,   4674961.8052757,0.7322827567170963, 4674962.537558457,0.00010069486126897002
               0.00023547114335,               0.04781820841728,               0.03321089513874,       10.07139879675924,                0.10432907160238,  85.62147537987607,          66.92245809228955,       1.3655927178773257,              271.97288771189386,                  80.61132319053308,   4674961.8052757,0.7322827567170963, 4674962.537558457,0.00010148722779805414
               0.00023547114335,               0.04781820841728,               0.03321089513874,       10.07139879675924,                0.10432907160238,  85.62147537987607,          66.92245809228955,       1.3655927178773257,              271.97288771189386,                  80.61132319053308,   4674961.8052757,0.7322827567170963, 4674962.537558457,0.00010148722779805414
               0.00049091340287,               0.04529863619672,               0.03547016092177,       10.00946071988224,                0.10185214897923,  84.78613185709251,          66.14651979010787,       1.4216378073712097,               273.7700869271571,                  86.23352280001659, 4674961.821097083,0.7034140445723851, 4674962.524511128,0.00010076963391644035
               0.00049091340287,               0.04529863619672,               0.03547016092177,       10.00946071988224,                0.10185214897923,  84.78613185709251,          66.14651979010787,       1.4216378073712097,               273.7700869271571,                  86.23352280001659, 4674961.821097083,0.7034140445723851, 4674962.524511128,0.00010156677479338625
               0.00049091340287,               0.04529863619672,               0.03547016092177,       10.00946071988224,                0.10185214897923,  84.78613185709251,          66.14651979010787,       1.4216378073712097,               273.7700869271571,                  86.23352280001659, 4674961.821097083,0.7034140445723851, 4674962.524511128,0.00010156677479338625
               0.00049091340287,               0.04529863619672,               0.03547016092177,       10.00946071988224,                0.10185214897923,  84.78613185709251,          66.14651979010787,       1.4216378073712097,               273.7700869271571,                  86.23352280001659, 4674961.821097083,0.7034140445723851, 4674962.524511128,0.00010156677479338625
               0.00100763492418,               0.04651418708724,               0.04043521740033,       10.05810170906686,                0.10466272730933,  84.18880063349475,          70.29605285440604,       1.3693242893065158,               265.3212275432139,                  83.72783065935056, 4674961.826274225,0.7302871991750344, 4674962.556561423,  9.98038942961282e-05
               0.00017947515595,               0.05138614871928,               0.04323461179888,       10.06514575804647,                0.10162932182693,  87.25236525048044,           69.6694565721224,       1.3620120779618188,              263.67723911532187,                  78.95770176036925, 4674961.866212813,0.7342078797835984, 4674962.600420693,0.00010159288983071555
               0.00033753113374,               0.04740655819255,               0.03968443913463,       10.16849399792269,                0.10482509306401,  84.84842393599956,          69.42141442233125,       1.4111852367538362,               265.2620347121747,                  88.96865330364385, 4674961.875817938,0.7086241933059831, 4674962.584442131,0.00010360338727127545
               0.00033753113374,               0.04740655819255,               0.03968443913463,       10.16849399792269,                0.10482509306401,  84.84842393599956,          69.42141442233125,       1.4111852367538362,               265.2620347121747,                  88.96865330364385, 4674961.875817938,0.7086241933059831, 4674962.584442131,0.00010410094513522751
               0.00026203642368,               0.04982958253645,               0.03522399383425,       10.08207648089568,                0.10123393237602,  83.61062920720376,          65.65716117587604,       1.3755674405391005,               273.2778807079444,                   85.1882654229752, 4674961.904652282,0.7269727172432118,4674962.6316249985,0.00010457265228272507
               0.00032764389074,               0.04952412820497,               0.02950708216833,       10.06443933628802,                0.10065218913543,  85.13081577930957,          63.01122202007002,       1.3947574249957282,               274.7406134116942,                  80.98014973182333,4674961.9050833965,0.7169705513509367, 4674962.622053948,0.00010557518510075908
               0.00016753963364,                0.0490129155875,               0.03704110870994,       10.07083503901944,                0.10498308199056,  84.61599992230126,           68.1309167240336,       1.3991086844706586,               272.2806355917295,                  87.70372191327303, 4674961.934332539, 0.714740756811428, 4674962.649073296,0.00010663191460183526
               0.00064447449432,               0.04949132783756,               0.03695765388421,       10.05276877434803,                0.10103955852066,  83.95367884951015,          69.11702397434951,         1.39942261543405,               267.0493859389581,                  82.22880136508185, 4674961.952139482,0.7145804197896547, 4674962.666719901,0.00010862005455527272
               0.00064447449432,               0.04949132783756,               0.03695765388421,       10.05276877434803,                0.10103955852066,  83.95367884951015,          69.11702397434951,         1.39942261543405,               267.0493859389581,                  82.22880136508185, 4674961.952139482,0.7145804197896547, 4674962.666719901,0.00010958712450406056
               0.00064447449432,               0.04949132783756,               0.03695765388421,       10.05276877434803,                0.10103955852066,  83.95367884951015,          69.11702397434951,         1.39942261543405,               267.0493859389581,                  82.22880136508185, 4674961.952139482,0.7145804197896547, 4674962.666719901,0.00010958712450406056
               0.00040067563541,               0.05158564546192,               0.04100658416023,       10.10621437292929,                0.10129684566845,   85.9461968315647,          69.37242979297663,        1.348037781206227,              261.37852682061055,                  84.26281788673164, 4674961.981157641,0.7418189712050933, 4674962.722976612,0.00010954071925150811
               0.00040067563541,               0.05158564546192,               0.04100658416023,       10.10621437292929,                0.10129684566845,   85.9461968315647,          69.37242979297663,        1.348037781206227,              261.37852682061055,                  84.26281788673164, 4674961.981157641,0.7418189712050933, 4674962.722976612, 0.0001111299427460508
               0.00032462981118,               0.04528648904175,                0.0423217460507,        10.0839364416217,                0.10398661765797,  84.96546877857351,          70.29445464888826,       1.4013448028379425,              265.71729326170237,                  86.42697212464685, 4674961.995386582,0.7136002488287276, 4674962.708986831, 0.0001108125313893652
               0.00032462981118,               0.04528648904175,                0.0423217460507,        10.0839364416217,                0.10398661765797,  84.96546877857351,          70.29445464888826,       1.4013448028379425,              265.71729326170237,                  86.42697212464685, 4674961.995386582,0.7136002488287276, 4674962.708986831,0.00011160089060832078
               0.00115241301156,               0.05196986732485,               0.04813465228505,       10.01608953683311,                0.09879235925767,  85.79075282137192,          71.04973385052557,       1.3533784792889063,               264.0804692397783,                  81.21977412185018, 4674962.007810234,0.7388916074130432, 4674962.746701841,0.00011118106245013342
               0.00115241301156,               0.05196986732485,               0.04813465228505,       10.01608953683311,                0.09879235925767,  85.79075282137192,          71.04973385052557,       1.3533784792889063,               264.0804692397783,                  81.21977412185018, 4674962.007810234,0.7388916074130432, 4674962.746701841,0.00011187169104490895
               0.00137651357879,               0.05145102628942,               0.03019724786791,       10.00906497710902,                0.10242080561552,  85.19224422699219,          63.95377357236968,       1.4028597751276068,               276.9117601200612,                  84.61448880134435, 4674962.015904798,0.7128296197023954, 4674962.728734418, 0.0001112086300758339
               0.00057326427349,               0.04739923462393,               0.03781870015355,       10.06550686624613,                0.10249945737037,  84.87868113730178,          68.89880187257396,        1.390617914355129,              269.44605084740175,                  79.50463528887187, 4674962.030604519,  0.71910478764667, 4674962.749709306,0.00011192582867532578
               0.00057326427349,               0.04739923462393,               0.03781870015355,       10.06550686624613,                0.10249945737037,  84.87868113730178,          68.89880187257396,        1.390617914355129,              269.44605084740175,                  79.50463528887187, 4674962.030604519,  0.71910478764667, 4674962.749709306,0.00011274845310301954
               0.00024390289287,               0.05330072760373,               0.03442966338548,       10.19477840678453,                0.09976585119288,  85.48730478618754,          65.46551124902993,       1.3673707093847451,              271.42074914510556,                  82.26315519788803, 4674962.033053884,0.7313305697837821, 4674962.764384454,0.00011176345269409078
               0.00040915982332,               0.05238804201186,               0.02972511728012,       10.08579136472015,                0.10368972178976,  84.97546062026231,          64.77662709668246,       1.3791935369832167,               275.5256355701358,                  81.52812481059051, 4674962.042131315,0.7250614023230947, 4674962.767192718,0.00011185126693672755
               0.00026470409293,               0.04587918915866,               0.02999779169154,       10.02568932085549,                0.10409353035282,  85.54331646676445,          65.05872808760452,       1.4444540420448742,               274.0554610987651,                  85.11789313003106, 4674962.048009137,0.6923030923049149, 4674962.740312229,0.00011212946246904659
               0.00026470409293,               0.04587918915866,               0.02999779169154,       10.02568932085549,                0.10409353035282,  85.54331646676445,          65.05872808760452,       1.4444540420448742,               274.0554610987651,                  85.11789313003106, 4674962.048009137,0.6923030923049149, 4674962.740312229,0.00011245899996769103
               0.00026470409293,               0.04587918915866,               0.02999779169154,       10.02568932085549,                0.10409353035282,  85.54331646676445,          65.05872808760452,       1.4444540420448742,               274.0554610987651,                  85.11789313003106, 4674962.048009137,0.6923030923049149, 4674962.740312229,0.00011245899996769103
               0.00047017883229,               0.04955540935762,               0.04805599167989,       10.07615831318974,                0.10380066879107,   86.7991729081213,            73.383003100167,        1.395845537392481,               261.8919268782456,                  86.18492467198764, 4674962.091920206,0.7164116467127566, 4674962.808331853,0.00011326694419830274
               0.00047017883229,               0.04955540935762,               0.04805599167989,       10.07615831318974,                0.10380066879107,   86.7991729081213,            73.383003100167,        1.395845537392481,               261.8919268782456,                  86.18492467198764, 4674962.091920206,0.7164116467127566, 4674962.808331853,0.00011575338106831132
               0.00047017883229,               0.04955540935762,               0.04805599167989,       10.07615831318974,                0.10380066879107,   86.7991729081213,            73.383003100167,        1.395845537392481,               261.8919268782456,                  86.18492467198764, 4674962.091920206,0.7164116467127566, 4674962.808331853,0.00011575338106831132
               0.00047017883229,               0.04955540935762,               0.04805599167989,       10.07615831318974,                0.10380066879107,   86.7991729081213,            73.383003100167,        1.395845537392481,               261.8919268782456,                  86.18492467198764, 4674962.091920206,0.7164116467127566, 4674962.808331853,0.00011575338106831132
               0.00070676386681,               0.04899087420067,               0.03407727800569,       10.13888933634323,                0.10113525752135,  83.64180956315506,          67.01209523177343,       1.3837538990014906,              268.38121725059887,                  80.44368943017166, 4674962.099301738,0.7226718571283482, 4674962.821973595,0.00011387009717378904
               0.00070676386681,               0.04899087420067,               0.03407727800569,       10.13888933634323,                0.10113525752135,  83.64180956315506,          67.01209523177343,       1.3837538990014906,              268.38121725059887,                  80.44368943017166, 4674962.099301738,0.7226718571283482, 4674962.821973595, 0.0001142903630730209
               0.00120885331166,               0.04981343641173,               0.04127362792543,       10.07906674379582,                0.10759832772957,  85.00340852050027,          69.56573969740163,       1.3589915620442776,              265.92357409279515,                   83.1936711820632, 4674962.101675703,0.7358397417094623,4674962.8375154445,0.00011328761583723688
               0.00120885331166,               0.04981343641173,               0.04127362792543,       10.07906674379582,                0.10759832772957,  85.00340852050027,          69.56573969740163,       1.3589915620442776,              265.92357409279515,                   83.1936711820632, 4674962.101675703,0.7358397417094623,4674962.8375154445,0.00011342208626099058
                2.351744803e-05,               0.05202332981012,               0.05090067343016,       10.03987197944209,                0.10529717283766,  87.61706806213559,          73.92844254224951,       1.3678171573297546,              260.15680542141445,                  84.97302168761702, 4674962.125577722,0.7310918675360051, 4674962.856669589,0.00011365169605771723
                2.351744803e-05,               0.05202332981012,               0.05090067343016,       10.03987197944209,                0.10529717283766,  87.61706806213559,          73.92844254224951,       1.3678171573297546,              260.15680542141445,                  84.97302168761702, 4674962.125577722,0.7310918675360051, 4674962.856669589,0.00011500988388485121
               0.00058014543306,               0.04894557921307,               0.04549437781332,       10.03757598680612,                0.10591757051168,  86.21278352011191,           71.1267902451415,        1.395593943696889,               265.5094492609981,                  87.35221047985814, 4674962.141309405,0.7165407993610435, 4674962.857850204,0.00011476823719000575
               0.00035758958514,               0.04766387399426,               0.04281961794424,       10.08189905809154,                0.10380357327832,   87.0807758772969,          70.48999662063571,       1.3817047354276912,              265.99769115720534,                  80.87418376904769, 4674962.149027424, 0.723743629416209, 4674962.872771054,0.00011554136284970746
               0.00064306133642,               0.04805171697497,               0.03835126571605,       10.09441717677213,                 0.1077316777744,  84.15372401945338,          70.56777844230908,       1.3807530695469867,                263.970840538891,                  81.18609814844801, 4674962.159918116,0.7242424601873899, 4674962.884160576,0.00011604206791548594
               0.00017060377826,               0.04714076048043,               0.03658748041224,       10.05062252546255,                0.10274692203875,   84.6858728526412,           68.2637197615294,        1.425479243233861,              271.94985001061343,                   86.6592357619573,   4674962.1694607,0.7015184575619543, 4674962.870979157,0.00011665005064574948
               0.00017060377826,               0.04714076048043,               0.03658748041224,       10.05062252546255,                0.10274692203875,   84.6858728526412,           68.2637197615294,        1.425479243233861,              271.94985001061343,                   86.6592357619573,   4674962.1694607,0.7015184575619543, 4674962.870979157,0.00011720661789397966
               0.00028213386032,               0.05385278077085,               0.03715261723389,       10.10158313749722,                0.10038034545061,  85.10130349005361,          66.58449231118296,         1.33707276419408,               269.5712091008876,                  83.00944016387861, 4674962.184021232,0.7479024528651957, 4674962.931923685,0.00011689136805373151
               0.00035564358716,               0.05072694275073,               0.03881530198493,       10.18563011490287,                0.10391891300025,  85.57311069432892,          69.22064200657005,       1.4008101169018843,               268.0599384897502,                  87.80316679652769, 4674962.187765474,0.7138726283699749, 4674962.901638103, 0.0001173763128984976
                 5.67987799e-05,               0.04659620235177,               0.03893287478852,       10.13013613674519,                0.10324507772555,  84.76200017236246,          67.81685440623383,       1.4062787105937458,              270.99923595861503,                   83.6692982399847, 4674962.211127945,0.7110965930628285, 4674962.922224538,0.00011839392469328962
               0.00081371043957,                0.0501677264891,               0.04754327637219,       10.14648852894367,                0.10433919493914,  86.55080406955013,          72.81233744625028,       1.3782516307547428,               261.2803341227409,                   86.6151366756988, 4674962.234621043,0.7255569140537792, 4674962.960177957,0.00012059748341791662
               0.00081371043957,                0.0501677264891,               0.04754327637219,       10.14648852894367,                0.10433919493914,  86.55080406955013,          72.81233744625028,       1.3782516307547428,               261.2803341227409,                   86.6151366756988, 4674962.234621043,0.7255569140537792, 4674962.960177957,0.00012201402257778151
               0.00013919454267,               0.05177234213781,                0.0330699554519,       10.01210834099607,                0.10455004889069,  86.18597416557267,          67.15401765446231,       1.3905318631767376,              267.72858248547334,                  86.53712871655618, 4674962.238965826,0.7191492884711403, 4674962.958115115,0.00012106294846000429
               0.00035784457144,               0.04713914388884,               0.03117634283995,       10.02245017056558,                0.10966631238379,  85.36188574544653,          67.19199152113514,       1.4002172456123365,               270.4805491574617,                  84.46485829590328, 4674962.253780897, 0.714174891884498, 4674962.967955789,0.00012162324448047987
               0.00035784457144,               0.04713914388884,               0.03117634283995,       10.02245017056558,                0.10966631238379,  85.36188574544653,          67.19199152113514,       1.4002172456123365,               270.4805491574617,                  84.46485829590328, 4674962.253780897, 0.714174891884498, 4674962.967955789, 0.0001225241565043941
               0.00109463065998,               0.05183314004127,               0.04449089882068,       10.11411256045525,                0.10460539004273,   85.1558186719987,          70.40447497788847,       1.3544633169721467,               264.7327021716062,                  81.21321790542831, 4674962.311717898,0.7382998029326209,4674963.0500177005,0.00012492282567443512
               0.00074223626477,               0.04818554048925,               0.03863741373992,       10.10955171061723,                0.10146866925723,   85.2590397029132,          69.22594682457495,       1.3568973622403566,              266.35041151536115,                  81.31024161979907,4674962.3350574225,0.7369754174692419,  4674963.07203284, 0.0001294112650819382
               0.00055049464752,               0.04613399470257,               0.03746669102984,       10.04195694040042,                0.11034689963458,  86.01166924815018,          69.27684552583796,       1.4035802851376018,               265.6746113232416,                  84.71194693233038, 4674962.339353425,0.7124636977228301, 4674963.051817123, 0.0001305504671961487
               0.00055049464752,               0.04613399470257,               0.03746669102984,       10.04195694040042,                0.11034689963458,  86.01166924815018,          69.27684552583796,       1.4035802851376018,               265.6746113232416,                  84.71194693233038, 4674962.339353425,0.7124636977228301, 4674963.051817123,0.00013083088936713557
               0.00089235022944,               0.04684000611782,               0.03858244459686,        10.0236782587459,                0.10885772195981,  84.11248649229913,          70.26868930334722,        1.368569762987031,              263.76154098831796,                  80.79304382641261, 4674962.346537677, 0.730689824548956, 4674963.077227501,0.00012999604969888024
               0.00089235022944,               0.04684000611782,               0.03858244459686,        10.0236782587459,                0.10885772195981,  84.11248649229913,          70.26868930334722,        1.368569762987031,              263.76154098831796,                  80.79304382641261, 4674962.346537677, 0.730689824548956, 4674963.077227501, 0.0001304630098203557
               0.00089235022944,               0.04684000611782,               0.03858244459686,        10.0236782587459,                0.10885772195981,  84.11248649229913,          70.26868930334722,        1.368569762987031,              263.76154098831796,                  80.79304382641261, 4674962.346537677, 0.730689824548956, 4674963.077227501, 0.0001304630098203557
               0.00089235022944,               0.04684000611782,               0.03858244459686,        10.0236782587459,                0.10885772195981,  84.11248649229913,          70.26868930334722,        1.368569762987031,              263.76154098831796,                  80.79304382641261, 4674962.346537677, 0.730689824548956, 4674963.077227501, 0.0001304630098203557
               0.00089235022944,               0.04684000611782,               0.03858244459686,        10.0236782587459,                0.10885772195981,  84.11248649229913,          70.26868930334722,        1.368569762987031,              263.76154098831796,                  80.79304382641261, 4674962.346537677, 0.730689824548956, 4674963.077227501, 0.0001304630098203557
               0.00040968249508,               0.05103205419935,               0.04770576585101,       10.05161617592907,                0.10646034075251,   85.7062643980539,          73.91070354762567,       1.3677601152079424,               261.0816658009177,                  82.72302118684713, 4674962.356584318,0.7311223575546131, 4674963.087706676,0.00012785993738321418
               0.00038845917512,               0.04925161618674,               0.03960193699429,        10.0083728499952,                0.10914313453866,  84.67415489843322,          70.93660119380827,       1.3498648371791955,               262.3441880004975,                  79.83558030668867, 4674962.362008616, 0.740814911580106,4674963.1028235275,0.00012821062438458835
               0.00040119198301,                 0.049958846886,               0.03049275044714,       10.09504442299663,                0.10297383284579,   85.5340208789637,           65.9281245030347,       1.3963094153167155,               268.6001649387071,                  84.47245071018479, 4674962.387746887,0.7161736424825129,  4674963.10392053,   0.00012958632801729
               0.00040119198301,                 0.049958846886,               0.03049275044714,       10.09504442299663,                0.10297383284579,   85.5340208789637,           65.9281245030347,       1.3963094153167155,               268.6001649387071,                  84.47245071018479, 4674962.387746887,0.7161736424825129,  4674963.10392053,0.00013125389999984297
               0.00035796779678,               0.05375929430732,                0.0372224859635,       10.12193431233567,                0.10631865926899,  84.44485376056032,          68.69335022893463,        1.367545175335744,                262.109474467837,                  83.83372336177773, 4674962.418507247,0.7312372695508882, 4674963.149744517,0.00013197756971492915
                4.648315034e-05,               0.04377618535589,               0.03488862139103,       10.14030534756828,                0.10556009616622,  84.41227676493921,          67.37474877405786,       1.4050864491612147,              268.31912819221793,                  80.61073549413842, 4674962.432368101,0.7116999815897189, 4674963.144068082,0.00013427108675586585
               0.00100602870703,               0.04963797316632,               0.04048672539922,       10.10658955213831,                 0.1018019075337,  86.13341150237179,          68.54153556779603,       1.3987212951579344,               265.9175527011164,                   87.4552955750501,  4674962.45861613,0.7149387111369364, 4674963.173554841,0.00013631791849019075
               0.00026468249708,               0.04930499414792,               0.03820867993504,       10.08050703453957,                0.10308644064066,  85.20788189667027,          67.58786977548377,       1.4096431877496853,               273.0817517813467,                  83.08866540765104, 4674962.513638331,0.7093993775803449, 4674963.223037709,0.00014130626576522093
               0.00028388933328,               0.04596172014278,               0.03042434510816,       10.04014905431103,                0.10231705534618,  85.12371356129964,          64.54920486255959,        1.424779999771368,               276.9172037979045,                  82.90435797458588, 4674962.556660121,0.7018627438344645, 4674963.258522865,0.00014764593056494616
               0.00043476321351,               0.04979567973534,               0.03957592330243,       10.20221390886098,                0.09967387876858,  84.96735370969932,          68.29783704388477,       1.3905020666257988,               269.2735260095129,                  84.63681809129378, 4674962.559989334,0.7191646988534195, 4674963.279154033,0.00015032130709382351
               0.00021105114468,               0.04978709456714,               0.03607033417221,       10.13676739550019,                0.10283345334452,  84.67905680180141,          67.68853328074483,       1.3875389462532461,               268.7022307676491,                   89.1975311441687, 4674962.571092114, 0.720700491110745, 4674963.291792605,0.00015065877764320395
               0.00035745671773,                0.0519067624338,               0.03697799685075,       10.04371246916921,                0.10437810058893,  84.37361665598063,          67.42469893179488,       1.3423098235852202,              266.39534288078454,                  84.95268595178541, 4674962.575278638, 0.744984490487499, 4674963.320263129,0.00015105763015048045
               0.00027005824873,               0.04595842017757,               0.04262959758027,       10.05616711581191,                0.10491257598179,  85.90298271959219,          70.72003514290367,       1.4024666423526695,              267.35484354391144,                  82.57858171181091, 4674962.577048327,0.7130294367090809, 4674963.290077764, 0.0001507541232317338
                0.0008859666523,               0.04733874016719,               0.03868243572667,       10.03167018981771,                0.10350655772271,  85.71013217199499,          69.00525674426402,         1.40063200311981,               271.3338567392267,                  83.00939029064152, 4674962.654540768,0.7139634092128194, 4674963.368504177,0.00015618540038930728
                2.875758175e-05,               0.04993046394762,               0.03696837079007,       10.01928536972838,                0.09928742123826,  84.07316358454969,          66.74097899502416,        1.397451631145224,              272.38816968395486,                  87.53033956533734, 4674962.655652633,0.7155882734778384, 4674963.371240906,0.00016151662596601722
                8.251471184e-05,               0.05069002306995,               0.03855281063412,       10.03203183989223,                0.10680939856494,  86.46866355450089,          68.82069433490145,       1.3804434954963614,               269.5142791204007,                  85.26229993583499, 4674962.689347507,0.7244048765939771,4674963.4137523845,0.00016355767318221507
               0.00018097746934,               0.05390233126927,               0.04441762248163,       10.18603375366564,                0.10417915295416,  85.76555316349254,          71.61166085444351,        1.346085697107625,               262.0095258165626,                  81.52908166666035, 4674962.700782164,0.7428947519082405, 4674963.443676916, 0.0001664370777024193
               0.00075656052844,               0.05070367372414,               0.03404183096539,       10.01643303074603,                0.10560935624717,  85.40093337036956,          66.69851670359458,        1.354552635327985,               269.2316168114012,                  84.14471130358095, 4674962.702151999, 0.738251119904148, 4674963.440403119,0.00016667001847724822
               0.00075656052844,               0.05070367372414,               0.03404183096539,       10.01643303074603,                0.10560935624717,  85.40093337036956,          66.69851670359458,        1.354552635327985,               269.2316168114012,                  84.14471130358095, 4674962.702151999, 0.738251119904148, 4674963.440403119,0.00016678417371632952
               0.00075656052844,               0.05070367372414,               0.03404183096539,       10.01643303074603,                0.10560935624717,  85.40093337036956,          66.69851670359458,        1.354552635327985,               269.2316168114012,                  84.14471130358095, 4674962.702151999, 0.738251119904148, 4674963.440403119,0.00016678417371632952
               0.00075656052844,               0.05070367372414,               0.03404183096539,       10.01643303074603,                0.10560935624717,  85.40093337036956,          66.69851670359458,        1.354552635327985,               269.2316168114012,                  84.14471130358095, 4674962.702151999, 0.738251119904148, 4674963.440403119,0.00016678417371632952
               0.00075656052844,               0.05070367372414,               0.03404183096539,       10.01643303074603,                0.10560935624717,  85.40093337036956,          66.69851670359458,        1.354552635327985,               269.2316168114012,                  84.14471130358095, 4674962.702151999, 0.738251119904148, 4674963.440403119,0.00016678417371632952
               0.00075656052844,               0.05070367372414,               0.03404183096539,       10.01643303074603,                0.10560935624717,  85.40093337036956,          66.69851670359458,        1.354552635327985,               269.2316168114012,                  84.14471130358095, 4674962.702151999, 0.738251119904148, 4674963.440403119,0.00016678417371632952
               0.00075656052844,               0.05070367372414,               0.03404183096539,       10.01643303074603,                0.10560935624717,  85.40093337036956,          66.69851670359458,        1.354552635327985,               269.2316168114012,                  84.14471130358095, 4674962.702151999, 0.738251119904148, 4674963.440403119,0.00016678417371632952
               0.00075656052844,               0.05070367372414,               0.03404183096539,       10.01643303074603,                0.10560935624717,  85.40093337036956,          66.69851670359458,        1.354552635327985,               269.2316168114012,                  84.14471130358095, 4674962.702151999, 0.738251119904148, 4674963.440403119,0.00016678417371632952
               0.00075656052844,               0.05070367372414,               0.03404183096539,       10.01643303074603,                0.10560935624717,  85.40093337036956,          66.69851670359458,        1.354552635327985,               269.2316168114012,                  84.14471130358095, 4674962.702151999, 0.738251119904148, 4674963.440403119,0.00016678417371632952
               0.00075656052844,               0.05070367372414,               0.03404183096539,       10.01643303074603,                0.10560935624717,  85.40093337036956,          66.69851670359458,        1.354552635327985,               269.2316168114012,                  84.14471130358095, 4674962.702151999, 0.738251119904148, 4674963.440403119,0.00016678417371632952
               0.00094710091472,               0.04794656737828,               0.04437815608007,       10.06850085194016,                0.10585943318847,  84.71067677696803,          71.93269459483379,       1.3659398982172681,              261.27970615127253,                   83.1307348610217, 4674962.721201124,0.7320966327326203, 4674963.453297757,0.00016001043704121944
               0.00029144790605,               0.05025298389393,                0.0344746466112,       10.06416659639331,                0.10139205028461,  85.96455626319252,          67.47828094098716,       1.4007831802941368,               268.0852816985483,                  82.03981034277754, 4674962.723807083,0.7138863559098559, 4674963.437693439,0.00016094046846869213
                3.171420816e-05,               0.04367714687637,               0.03770436274637,       10.04294105114241,                0.10467230596332,  85.12414288206946,          67.81169640138404,       1.4095883772493076,               269.9677207090181,                  86.13621241713257,  4674962.73582672,0.7094269618989164, 4674963.445253681,0.00016131790798382418
                3.171420816e-05,               0.04367714687637,               0.03770436274637,       10.04294105114241,                0.10467230596332,  85.12414288206946,          67.81169640138404,       1.4095883772493076,               269.9677207090181,                  86.13621241713257,  4674962.73582672,0.7094269618989164, 4674963.445253681, 0.0001622873876695918
               0.00046222139357,                0.0518853468063,               0.03553604385881,       10.18182825663758,                0.10190671437966,  85.14503286098754,          68.04893542675731,       1.3681781036738758,               265.9394197045766,                  83.18456386660905, 4674962.773103505, 0.730898994301084, 4674963.504002499,0.00016372378268763286
               0.00027967568803,               0.05427219659014,               0.03391842513805,       10.06608073576835,                0.10402657809322,  85.57728032283306,          65.91194929116364,        1.383745503592694,               268.7605714921079,                  82.00781490463429, 4674962.778271175,0.7226762416959227, 4674963.500947417,0.00016637513619043774
               0.00079763003518,               0.04966249201191,               0.04130953111782,       10.06175849793443,                0.10324039675419,  85.86061554918533,          68.85135210387924,       1.3888571422371256,               268.8459569734496,                  88.04998552540859,4674962.7928126445,0.7200164578404606, 4674963.512829103,0.00016719072335914535
               0.00079763003518,               0.04966249201191,               0.04130953111782,       10.06175849793443,                0.10324039675419,  85.86061554918533,          68.85135210387924,       1.3888571422371256,               268.8459569734496,                  88.04998552540859,4674962.7928126445,0.7200164578404606, 4674963.512829103, 0.0001684063012910049
                0.0011852885541,               0.05099145043918,               0.03831585670009,       10.16684210658262,                0.10045524331377,   84.9183052617827,          67.58734645348446,       1.3762008286672667,              271.07261788607934,                  82.63873184355026, 4674962.794960488,0.7266381324362483,  4674963.52159862, 0.0001669098648973619
                0.0011852885541,               0.05099145043918,               0.03831585670009,       10.16684210658262,                0.10045524331377,   84.9183052617827,          67.58734645348446,       1.3762008286672667,              271.07261788607934,                  82.63873184355026, 4674962.794960488,0.7266381324362483,  4674963.52159862,0.00016708911288153077
                0.0011852885541,               0.05099145043918,               0.03831585670009,       10.16684210658262,                0.10045524331377,   84.9183052617827,          67.58734645348446,       1.3762008286672667,              271.07261788607934,                  82.63873184355026, 4674962.794960488,0.7266381324362483,  4674963.52159862,0.00016708911288153077
                0.0011852885541,               0.05099145043918,               0.03831585670009,       10.16684210658262,                0.10045524331377,   84.9183052617827,          67.58734645348446,       1.3762008286672667,              271.07261788607934,                  82.63873184355026, 4674962.794960488,0.7266381324362483,  4674963.52159862,0.00016708911288153077
                0.0011852885541,               0.05099145043918,               0.03831585670009,       10.16684210658262,                0.10045524331377,   84.9183052617827,          67.58734645348446,       1.3762008286672667,              271.07261788607934,                  82.63873184355026, 4674962.794960488,0.7266381324362483,  4674963.52159862,0.00016708911288153077
               0.00041926550633,               0.04713267473101,               0.02947001320289,       10.00152154773849,                0.10506282258076,   85.6754781038917,          65.44971653697715,       1.4354047350420636,               273.2412298751784,                  83.89402000569635, 4674962.838743935,0.6966676196527216, 4674963.535411555,0.00016657878147924605
               0.00041926550633,               0.04713267473101,               0.02947001320289,       10.00152154773849,                0.10506282258076,   85.6754781038917,          65.44971653697715,       1.4354047350420636,               273.2412298751784,                  83.89402000569635, 4674962.838743935,0.6966676196527216, 4674963.535411555,0.00017022489572314655
                3.950052782e-05,               0.05225257070418,               0.03545809506464,       10.19378488591426,                0.10039175121441,  84.56149426420802,          65.50756780464351,       1.3623925673239958,               273.0161520045886,                  82.96326775487167, 4674962.846841512,0.7340028300097047, 4674963.580844343,0.00016921623257070358
                3.950052782e-05,               0.05225257070418,               0.03545809506464,       10.19378488591426,                0.10039175121441,  84.56149426420802,          65.50756780464351,       1.3623925673239958,               273.0161520045886,                  82.96326775487167, 4674962.846841512,0.7340028300097047, 4674963.580844343, 0.0001699013495927112
                3.950052782e-05,               0.05225257070418,               0.03545809506464,       10.19378488591426,                0.10039175121441,  84.56149426420802,          65.50756780464351,       1.3623925673239958,               273.0161520045886,                  82.96326775487167, 4674962.846841512,0.7340028300097047, 4674963.580844343, 0.0001699013495927112
                3.950052782e-05,               0.05225257070418,               0.03545809506464,       10.19378488591426,                0.10039175121441,  84.56149426420802,          65.50756780464351,       1.3623925673239958,               273.0161520045886,                  82.96326775487167, 4674962.846841512,0.7340028300097047, 4674963.580844343, 0.0001699013495927112
                3.950052782e-05,               0.05225257070418,               0.03545809506464,       10.19378488591426,                0.10039175121441,  84.56149426420802,          65.50756780464351,       1.3623925673239958,               273.0161520045886,                  82.96326775487167, 4674962.846841512,0.7340028300097047, 4674963.580844343, 0.0001699013495927112
                3.950052782e-05,               0.05225257070418,               0.03545809506464,       10.19378488591426,                0.10039175121441,  84.56149426420802,          65.50756780464351,       1.3623925673239958,               273.0161520045886,                  82.96326775487167, 4674962.846841512,0.7340028300097047, 4674963.580844343, 0.0001699013495927112
                3.950052782e-05,               0.05225257070418,               0.03545809506464,       10.19378488591426,                0.10039175121441,  84.56149426420802,          65.50756780464351,       1.3623925673239958,               273.0161520045886,                  82.96326775487167, 4674962.846841512,0.7340028300097047, 4674963.580844343, 0.0001699013495927112
               0.00026318238206,               0.04748027876787,               0.03811818362302,        10.0928838747662,                0.10393552997493,  84.59305222810255,          67.50717035698352,       1.3873117003663182,              271.97653945121186,                  81.57876281292535, 4674962.847502599,0.7208185440488616, 4674963.568321142, 0.0001640386090452074
               0.00026318238206,               0.04748027876787,               0.03811818362302,        10.0928838747662,                0.10393552997493,  84.59305222810255,          67.50717035698352,       1.3873117003663182,              271.97653945121186,                  81.57876281292535, 4674962.847502599,0.7208185440488616, 4674963.568321142,0.00016409283082876826
               0.00026318238206,               0.04748027876787,               0.03811818362302,        10.0928838747662,                0.10393552997493,  84.59305222810255,          67.50717035698352,       1.3873117003663182,              271.97653945121186,                  81.57876281292535, 4674962.847502599,0.7208185440488616, 4674963.568321142,0.00016409283082876826
               0.00026318238206,               0.04748027876787,               0.03811818362302,        10.0928838747662,                0.10393552997493,  84.59305222810255,          67.50717035698352,       1.3873117003663182,              271.97653945121186,                  81.57876281292535, 4674962.847502599,0.7208185440488616, 4674963.568321142,0.00016409283082876826
               0.00026318238206,               0.04748027876787,               0.03811818362302,        10.0928838747662,                0.10393552997493,  84.59305222810255,          67.50717035698352,       1.3873117003663182,              271.97653945121186,                  81.57876281292535, 4674962.847502599,0.7208185440488616, 4674963.568321142,0.00016409283082876826
               0.00026318238206,               0.04748027876787,               0.03811818362302,        10.0928838747662,                0.10393552997493,  84.59305222810255,          67.50717035698352,       1.3873117003663182,              271.97653945121186,                  81.57876281292535, 4674962.847502599,0.7208185440488616, 4674963.568321142,0.00016409283082876826
               0.00050415469848,               0.05234843958807,               0.03623851457237,        10.0271188637118,                0.10740470708102,   84.4857849470709,          66.34492091972113,        1.391168786243836,               269.4212043243429,                  83.32475824351735, 4674962.849291336, 0.718820038149365, 4674963.568111374,0.00015933704335665026
               0.00050415469848,               0.05234843958807,               0.03623851457237,        10.0271188637118,                0.10740470708102,   84.4857849470709,          66.34492091972113,        1.391168786243836,               269.4212043243429,                  83.32475824351735, 4674962.849291336, 0.718820038149365, 4674963.568111374,0.00015947954943663532
                5.828044113e-05,                0.0501625362789,               0.04856049992007,       10.11884568070702,                0.10779823908871,  86.47026898131648,          72.78426355090085,       1.3667662278824617,               261.0521685933005,                  83.53929131716495, 4674962.853219005,0.7316540163194589, 4674963.584873022,0.00015820337308531437
                 1.75173205e-05,                0.0484695376333,               0.04014255125021,       10.04783401879422,                0.10752917427589,  84.44748384763271,          69.80300023011384,        1.380122236036003,              265.10101650882524,                   88.3186138062111, 4674962.877711917,0.7245735007300564, 4674963.602285418,0.00015968085785855488
                 1.75173205e-05,                0.0484695376333,               0.04014255125021,       10.04783401879422,                0.10752917427589,  84.44748384763271,          69.80300023011384,        1.380122236036003,              265.10101650882524,                   88.3186138062111, 4674962.877711917,0.7245735007300564, 4674963.602285418,0.00016163628463867005
               0.00019914483289,               0.05355451653532,                0.0469952684374,       10.01366507158238,                0.09957710614573,  87.52710639789824,           70.4090227499196,        1.352038907366768,               263.3415251303304,                  81.33329563037594, 4674962.882312054,0.7396236857914102, 4674963.621935739,0.00016039688653829572
                9.736610318e-05,               0.04945090921571,               0.03746341796824,       10.09823094853432,                0.10431590499975,  84.58197589590084,              69.0852652721,       1.3738314875955528,              262.65432572600275,                  88.69226192028758, 4674962.884980107,0.7278913091082052, 4674963.612871416, 0.0001601796634414751
                9.736610318e-05,               0.04945090921571,               0.03746341796824,       10.09823094853432,                0.10431590499975,  84.58197589590084,              69.0852652721,       1.3738314875955528,              262.65432572600275,                  88.69226192028758, 4674962.884980107,0.7278913091082052, 4674963.612871416,0.00016039334728759326
                2.774711621e-05,               0.05360569174132,                0.0455120648538,       10.03925102348542,                0.10893611783272,  85.91451583149197,          71.76265016840884,       1.3493168013286623,               259.8179730821371,                  83.29255381225505, 4674962.891156288,0.7411157995033542, 4674963.632272087,0.00015928929177393288
               0.00041479211032,               0.05416510425373,               0.04507354479175,       10.02607256737559,                0.10437102282189,  85.48292942910322,          71.64648572048418,        1.392138159351404,               263.4823919014543,                  87.29720127990116, 4674962.898308137,0.7183195096569289, 4674963.616627648,0.00015955681936924123
               0.00041479211032,               0.05416510425373,               0.04507354479175,       10.02607256737559,                0.10437102282189,  85.48292942910322,          71.64648572048418,        1.392138159351404,               263.4823919014543,                  87.29720127990116, 4674962.898308137,0.7183195096569289, 4674963.616627648, 0.0001601273801342662
               0.00041479211032,               0.05416510425373,               0.04507354479175,       10.02607256737559,                0.10437102282189,  85.48292942910322,          71.64648572048418,        1.392138159351404,               263.4823919014543,                  87.29720127990116, 4674962.898308137,0.7183195096569289, 4674963.616627648, 0.0001601273801342662
               0.00041479211032,               0.05416510425373,               0.04507354479175,       10.02607256737559,                0.10437102282189,  85.48292942910322,          71.64648572048418,        1.392138159351404,               263.4823919014543,                  87.29720127990116, 4674962.898308137,0.7183195096569289, 4674963.616627648, 0.0001601273801342662
               0.00041479211032,               0.05416510425373,               0.04507354479175,       10.02607256737559,                0.10437102282189,  85.48292942910322,          71.64648572048418,        1.392138159351404,               263.4823919014543,                  87.29720127990116, 4674962.898308137,0.7183195096569289, 4674963.616627648, 0.0001601273801342662
               0.00041479211032,               0.05416510425373,               0.04507354479175,       10.02607256737559,                0.10437102282189,  85.48292942910322,          71.64648572048418,        1.392138159351404,               263.4823919014543,                  87.29720127990116, 4674962.898308137,0.7183195096569289, 4674963.616627648, 0.0001601273801342662
               0.00064384359171,                0.0486968683005,               0.04220915997618,       10.06015002292102,                0.10245194891153,  86.28370039965155,          69.30807012565795,        1.414137668398814,               264.6872489314313,                   87.3651247565999, 4674962.905929262,0.7071447302102278, 4674963.613073992,0.00015594168103721232
               0.00019819320949,               0.05151996089815,               0.04651033680792,        10.0605459710208,                0.10149239121762,  85.75052640703997,          70.01074575545809,       1.3675308285287968,              266.84959537167697,                   82.9760845574325, 4674962.911012937,0.7312449409830196, 4674963.642257879,0.00015615403530806697
                0.0011110048375,               0.05125287897834,               0.03996154483243,       10.16497644880706,                 0.1035341913988,   84.0939708242356,          68.94661055928235,       1.3694545752206726,              266.68247368701907,                  83.62681349772481, 4674962.923450997,0.7302177217808491, 4674963.653668719,0.00015674689334021976
               0.00017327669253,               0.05256480511402,               0.03954204167309,       10.20587170721114,                0.10313070491711,  84.90939945268403,          68.08415014822239,       1.3638687361647328,               269.7556969323945,                  84.28751976658752, 4674962.926133948, 0.733208389842596, 4674963.659342338,0.00015714781916492863
               0.00034630497745,               0.04884767149127,               0.03777255190901,       10.06947032910844,                0.10718041264107,   86.2798693528231,          68.55219231113345,       1.4150615709417709,               268.0015202935923,                  83.84552194864756,  4674962.94570352,0.7066830309966418, 4674963.652386552,0.00015812289951244005
               0.00034630497745,               0.04884767149127,               0.03777255190901,       10.06947032910844,                0.10718041264107,   86.2798693528231,          68.55219231113345,       1.4150615709417709,               268.0015202935923,                  83.84552194864756,  4674962.94570352,0.7066830309966418, 4674963.652386552,0.00015967004891913786
               0.00034630497745,               0.04884767149127,               0.03777255190901,       10.06947032910844,                0.10718041264107,   86.2798693528231,          68.55219231113345,       1.4150615709417709,               268.0015202935923,                  83.84552194864756,  4674962.94570352,0.7066830309966418, 4674963.652386552,0.00015967004891913786
               0.00055601717516,               0.04985881670285,               0.04539811142656,       10.02365800722044,                0.10549962318974,  85.72116096801327,          71.07017801214232,       1.4003347540608515,               265.9568490687336,                  85.71242078960759,  4674962.95590259,0.7141149622260572, 4674963.670017553, 0.0001580931081301771
               0.00139768348788,               0.05130835129835,               0.03842977950483,       10.16199503698361,                0.10477071091324,  84.88623046729016,          68.38261534892348,       1.3712238002985653,               269.1115919465935,                  81.55791439208129,4674962.9599598935,0.7292755564644252,  4674963.68923545,0.00015843015795558336
               0.00134481082176,               0.05027672144627,               0.04721685600178,       10.07888235401672,                0.10356493368451,  86.11806040363214,          71.90465045502964,        1.354693367492282,              259.87469422326836,                  82.59085760935146, 4674962.974299235, 0.738174426771671, 4674963.712473662,0.00015910244105371617
                 6.26415951e-05,               0.05450353789483,                0.0400458924153,       10.12032844867573,                0.10546455413835,  84.07911878424099,          69.42971775489576,       1.3639125700753962,               265.2814418622138,                  86.44110003607952, 4674962.977679117, 0.733184825728764, 4674963.710863942,0.00015971581402670235
               0.00019484966129,               0.05125598794626,               0.04038240458936,       10.06302011177644,                0.10905716045869,  84.60748309469605,          69.00621578993858,       1.3883767741736726,              265.98898196672917,                  83.32339071518462, 4674962.987305997,0.7202655781930487, 4674963.707571575,0.00015995972581734196
                0.0001896215005,               0.04990806947742,               0.04856667182904,       10.03155268048146,                0.10406303124876,  86.62843984024951,          73.20043601480592,       1.4034479881692137,               261.6134573133812,                  88.74438580915822,  4674962.98753832,0.7125308585924098, 4674963.700069179,0.00015994860618085658
               0.00052088649244,               0.05272953702618,               0.03954112171646,         10.123537359091,                0.10355767275427,  84.69365270390529,           67.3722398577966,        1.382188567088819,              270.54218024968407,                  83.09324364101354, 4674963.006833365,0.7234902847635407,  4674963.73032365, 0.0001607218489500411
               0.00052088649244,               0.05272953702618,               0.03954112171646,         10.123537359091,                0.10355767275427,  84.69365270390529,           67.3722398577966,        1.382188567088819,              270.54218024968407,                  83.09324364101354, 4674963.006833365,0.7234902847635407,  4674963.73032365,0.00016227236848640278
               0.00052088649244,               0.05272953702618,               0.03954112171646,         10.123537359091,                0.10355767275427,  84.69365270390529,           67.3722398577966,        1.382188567088819,              270.54218024968407,                  83.09324364101354, 4674963.006833365,0.7234902847635407,  4674963.73032365,0.00016227236848640278
               0.00033686595286,               0.04909771343035,               0.04304458407875,       10.11101502894969,                0.10754544399833,  85.37471167801858,          71.04913115432606,       1.3975117761883826,              265.30499862869897,                  84.47407375998203, 4674963.007919919,0.7155574765369286, 4674963.723477395,0.00015993728295343135
               0.00011271333501,               0.04566294947205,               0.03248181325225,       10.04708516787718,                 0.1069645469442,  83.81586080353716,          67.43967131972849,       1.3907840668807439,               266.2056055281613,                  87.91469389416548,4674963.0119724665,0.7190188784969359, 4674963.730991345, 0.0001595513272496114
                6.682606419e-05,                0.0486445176103,               0.03032137887563,       10.04376647340994,                0.10563450713061,  85.47821755761986,           66.7029397154358,       1.4153449815389465,              269.22209045062505,                  81.91503523460987, 4674963.077551972,0.7065415238288197, 4674963.784093496, 0.0001644702317034671
                0.0004067122916,               0.04986748355488,               0.05168705626257,       10.07365140162675,                0.10435078605067,  86.67237638338128,          74.55031307132785,       1.3879510476955652,               261.5756064237459,                  84.77576932475036, 4674963.078370774,0.7204865053852686, 4674963.798857279,0.00016908538092768382
                0.0004067122916,               0.04986748355488,               0.05168705626257,       10.07365140162675,                0.10435078605067,  86.67237638338128,          74.55031307132785,       1.3879510476955652,               261.5756064237459,                  84.77576932475036, 4674963.078370774,0.7204865053852686, 4674963.798857279,0.00016915460464911423
               0.00017739855271,               0.04657288005233,               0.03584974352042,       10.12049078219589,                0.10866401049812,  86.11208333062245,          68.43271607341235,       1.4079743062119041,              266.69253998031445,                  85.53482740257036, 4674963.079197546,0.7102402334957788, 4674963.789437779, 0.0001675407332656403
               0.00086394065526,               0.05053572302222,               0.04315511207043,       10.10369741879919,                0.10578175871111,  85.41739642045098,          70.96587013708225,       1.3583274212709895,               264.6168264289919,                  80.07306561466325, 4674963.083991131,0.7361995232815798, 4674963.820190654,0.00016717679908401752
               0.00099521219811,               0.04750060750028,                0.0413737768684,       10.02072220173139,                0.10896495705537,  85.28147720577276,          71.51048881920303,       1.3953272140834518,               261.9070848126735,                  84.58822126446077, 4674963.088207979,0.7166777727164662, 4674963.804885752,0.00016709607643576474
               0.00107165270574,               0.04865720636174,               0.03784542737302,       10.03357481382647,                0.10577439936365,  84.93102112071846,          68.06046080893715,        1.369354783061932,              270.31908257691003,                  85.07523868509534, 4674963.094036953, 0.730270936626051,  4674963.82430789,0.00016710232486518656
               0.00107165270574,               0.04865720636174,               0.03784542737302,       10.03357481382647,                0.10577439936365,  84.93102112071846,          68.06046080893715,        1.369354783061932,              270.31908257691003,                  85.07523868509534, 4674963.094036953, 0.730270936626051,  4674963.82430789,0.00016758934099502418
               0.00088463684397,               0.04942668109839,               0.03532114534651,       10.17895611058333,                0.10251763885863,   84.5951790004111,          67.85894196187546,       1.3665071878349981,              267.53894220220417,                  81.02710244483993, 4674963.096733104,0.7317927113024064, 4674963.828525816,0.00016614576226129754
               0.00088463684397,               0.04942668109839,               0.03532114534651,       10.17895611058333,                0.10251763885863,   84.5951790004111,          67.85894196187546,       1.3665071878349981,              267.53894220220417,                  81.02710244483993, 4674963.096733104,0.7317927113024064, 4674963.828525816,0.00016636973925213448
               0.00088463684397,               0.04942668109839,               0.03532114534651,       10.17895611058333,                0.10251763885863,   84.5951790004111,          67.85894196187546,       1.3665071878349981,              267.53894220220417,                  81.02710244483993, 4674963.096733104,0.7317927113024064, 4674963.828525816,0.00016636973925213448
               0.00030495207662,               0.04827759225144,               0.04537124690054,       10.13482657825547,                 0.1053244744672,   86.8586422795802,          71.51300256535478,       1.3637613996065232,              263.11432984242504,                  82.65901725815799, 4674963.109270655,0.7332660979321772, 4674963.842536752, 0.0001649204444936223
               0.00064657773683,               0.05405855275992,               0.04084635894543,          10.03127805715,                0.10032016994059,  85.49588945665701,          69.09837278971662,        1.357414173293996,              268.48981976197314,                  79.45200901599463, 4674963.121552378,0.7366948273225483, 4674963.858247206,0.00016614892152193495
               0.00010258441478,                 0.048610947188,               0.03412954478169,       10.02196907588838,                0.10786235760141,  86.40534859213143,          66.69345953565247,        1.415300008032664,              271.17735280378463,                  85.03360166858388, 4674963.130814316,0.7065639753581636, 4674963.837378291,0.00016711140091848906
               0.00010258441478,                 0.048610947188,               0.03412954478169,       10.02196907588838,                0.10786235760141,  86.40534859213143,          66.69345953565247,        1.415300008032664,              271.17735280378463,                  85.03360166858388, 4674963.130814316,0.7065639753581636, 4674963.837378291,0.00016788528302904228
               0.00015051942491,               0.05468881913639,               0.03665124630252,       10.18240409209255,                0.10462250462386,  84.63881771372046,          68.24659173233547,        1.353345107758463,               265.3231175080084,                  82.27521639878174, 4674963.163031328,0.7389098274100193, 4674963.901941155,0.00016893585164034236
               0.00015051942491,               0.05468881913639,               0.03665124630252,       10.18240409209255,                0.10462250462386,  84.63881771372046,          68.24659173233547,        1.353345107758463,               265.3231175080084,                  82.27521639878174, 4674963.163031328,0.7389098274100193, 4674963.901941155,0.00017165692042702598
               0.00015051942491,               0.05468881913639,               0.03665124630252,       10.18240409209255,                0.10462250462386,  84.63881771372046,          68.24659173233547,        1.353345107758463,               265.3231175080084,                  82.27521639878174, 4674963.163031328,0.7389098274100193, 4674963.901941155,0.00017165692042702598
               0.00015051942491,               0.05468881913639,               0.03665124630252,       10.18240409209255,                0.10462250462386,  84.63881771372046,          68.24659173233547,        1.353345107758463,               265.3231175080084,                  82.27521639878174, 4674963.163031328,0.7389098274100193, 4674963.901941155,0.00017165692042702598
               0.00044742173518,               0.05302771274379,               0.03576897265759,       10.04942306742565,                0.10126165918746,  86.18136204317013,          67.51620482840629,        1.369190613545909,               267.2045284083561,                   82.5856853461027, 4674963.174689611,0.7303584980108907,  4674963.90504811,0.00016922730113752275
               0.00044742173518,               0.05302771274379,               0.03576897265759,       10.04942306742565,                0.10126165918746,  86.18136204317013,          67.51620482840629,        1.369190613545909,               267.2045284083561,                   82.5856853461027, 4674963.174689611,0.7303584980108907,  4674963.90504811,0.00017021373987232587
               0.00079633186137,                0.0492670177108,               0.04337774399152,       10.00243683294946,                0.10408578128776,  86.42316914970006,          71.05504891659481,       1.3732530797766223,               267.7347842491761,                  82.78163877960382, 4674963.177668082,0.7281978935468059, 4674963.905865975, 0.0001687714109458764
                0.0004330867553,               0.05094461182103,                0.0430900683479,       10.00880348606818,                0.10474316565434,  85.08240393356976,          71.60837052704363,       1.3456216724156662,              260.09672464931987,                  85.06626916811975, 4674963.180273825,0.7431509320185037, 4674963.923424757,0.00016840124686515922
               0.00036055626987,               0.05219353136672,                0.0370990524377,       10.09071686921906,                0.09912439894011,  85.66526158631851,          67.18929826024079,        1.382357802342783,               271.6806519527258,                  80.70902446429933, 4674963.181729929,0.7234017114130848,  4674963.90513164,0.00016790398604736267
                6.689133248e-05,                0.0532057889222,               0.04448519029193,       10.05045371437521,                0.10218637891827,  86.35417861239259,           71.6664707907529,        1.380229704387011,              265.27118954660375,                   85.1436008534458, 4674963.190235237,0.7245170835126469,  4674963.91475232,0.00016790431208491002
               0.00052346653659,               0.04471741379123,               0.03231609938921,       10.07909734811306,                0.10380605000359,  84.73137045067911,          65.91719740724011,       1.4065648022617459,              272.97580246580065,                  81.07707669575194, 4674963.192291302,0.7109519578422604,4674963.9032432595,0.00016795210962646805
               0.00012109184311,               0.04541430260844,               0.03350605526905,       10.11581927655579,                0.10197127916454,  84.88030157501024,          65.44148604593776,       1.3997478257643288,              273.07454429256904,                   80.4204592084742, 4674963.231187569,0.7144143977890821, 4674963.945601967,0.00017060587568942982
               0.00012109184311,               0.04541430260844,               0.03350605526905,       10.11581927655579,                0.10197127916454,  84.88030157501024,          65.44148604593776,       1.3997478257643288,              273.07454429256904,                   80.4204592084742, 4674963.231187569,0.7144143977890821, 4674963.945601967,0.00017392342336082479
               0.00087090077916,               0.05261614271651,               0.03844969524816,       10.08595608634869,                0.10310670083412,  86.42173431822508,          67.59280882067031,       1.3774032732022177,               268.2102742818672,                  85.58205883325094, 4674963.245602271,0.7260037923934781, 4674963.971606063, 0.0001734428842150582
               0.00088350395969,               0.05134115757775,               0.04391690558331,       10.12917232133354,                0.10057066809551,   85.9059981776233,          70.77059664882673,        1.356330672755121,              264.26958890463345,                  81.07389335036189, 4674963.247364851,0.7372833336937631, 4674963.984648185,0.00017397713151489887
               0.00043006068695,               0.05521372493356,                0.0430476564362,       10.10905211675432,                0.10153525320026,  85.00612912469568,          70.13785717744854,       1.3721377076407935,              263.32671206917905,                  82.35961683142233, 4674963.252855072,0.7287898251257636, 4674963.981644897,0.00017374107240622188
               0.00043006068695,               0.05521372493356,                0.0430476564362,       10.10905211675432,                0.10153525320026,  85.00612912469568,          70.13785717744854,       1.3721377076407935,              263.32671206917905,                  82.35961683142233, 4674963.252855072,0.7287898251257636, 4674963.981644897,0.00017421800960184579
               0.00027115497131,               0.05089547419195,               0.03452351266228,       10.04483140691072,                0.09943870004899,  83.67652306533446,          67.11029020796744,       1.3772330072685859,              270.96193655293854,                  80.23538979389522,  4674963.26622253,0.7260935475132578, 4674963.992316077, 0.0001736450763077425
               0.00026236749743,               0.04386471699725,               0.03281961873516,       10.00052823804006,                0.10245018240879,   84.9677733604513,          65.46149572025115,       1.3842520555777575,                272.382499465784,                  83.35801187673239, 4674963.268203645,0.7224117861848658, 4674963.990615431,0.00017410844027360424
               0.00019872596928,               0.04647357503466,               0.03936059467485,       10.03032935093974,                0.10525574115782,  84.81382831124147,          70.13929341267536,       1.3691381660033153,               267.7196346334273,                  83.03652168502151, 4674963.269135564,0.7303864758362003,  4674963.99952204,0.00017349467693447246
                9.038465899e-05,               0.04724838353452,               0.03538084796389,       10.02505927574119,                0.10530593664619,  82.75652054152343,          68.22250134661948,       1.3825543197737242,               267.0422340402252,                  85.78973347443468, 4674963.279015116,0.7232988864869085, 4674964.002314003, 0.0001735693453162222
               0.00027096481376,                0.0496428624618,               0.05192962183291,       10.09542928008174,                0.10460068843727,  85.93905882494913,          74.57656034029273,       1.3527943015647184,               259.1228470400605,                  83.36092810492295, 4674963.282391339,0.7392106832822577,4674964.0216020215,0.00017385241922091048
               0.00067757547196,               0.04945604999711,                0.0335143364383,       10.16618897134519,                0.10492413685835,  84.44501761643126,            68.001013438233,        1.375341241140055,               265.7227271991389,                  82.69522449463923, 4674963.284328403,0.7270922808735633, 4674964.011420684,0.00017344749324812292
               0.00067046208975,               0.05032126346565,               0.03505185187163,        10.1405278807737,                0.10338640983079,  85.59236735048725,           66.5664665336426,       1.3951433431919762,               266.0365449172628,                  84.10838776971691, 4674963.290517158,0.7167722262230632,4674964.0072893845,0.00017328794062454686
               0.00020938109702,               0.05002884244013,               0.04580116651625,       10.07898289199998,                0.10493416432769,  86.98690989150172,          71.78505645319758,       1.3998672179316167,               262.8714368546969,                  84.55919530539231, 4674963.301895242,0.7143534666649004, 4674964.016248709, 0.0001739489526088767
                0.0001477586501,               0.04934759938335,               0.04024359462752,       10.08227834168241,                0.10678313761464,  85.67609055272757,          69.24460991444639,       1.3746626092024823,              262.03607039966914,                  78.92801997307855, 4674963.316388259, 0.727451225708507, 4674964.043839484,0.00017533877554932407
               0.00012870808788,               0.04949110865452,               0.03054702209093,       10.14752338549628,                0.10412134177931,  83.23089478401707,          66.13155415134358,       1.3888031507780019,               270.8202033628837,                  79.96069231276056,4674963.3616793435,0.7200444493806081,4674964.0817237925,0.00017980170495838563
               0.00012870808788,               0.04949110865452,               0.03054702209093,       10.14752338549628,                0.10412134177931,  83.23089478401707,          66.13155415134358,       1.3888031507780019,               270.8202033628837,                  79.96069231276056,4674963.3616793435,0.7200444493806081,4674964.0817237925,0.00018387271620358032
               0.00014568538234,               0.05275037163175,               0.05224081006291,        10.1129599611301,                0.10515710216474,  86.35347700534068,           74.3501867371363,       1.3424850355244287,              258.26527540818955,                  83.21618389678423, 4674963.366153482,0.7448872602213847, 4674964.111040742,0.00018245129245774553
               0.00012237524701,               0.04809338980068,               0.04204109135927,       10.17622548147409,                0.10683062162762,   84.5717387362866,          70.73281409457002,       1.3920344762977008,               263.9260687275679,                  84.88144903245922, 4674963.409631696,0.7183730123262693, 4674964.128004708,0.00018599237055681725
               0.00013661991343,               0.04683784346538,               0.04037479158137,       10.07288546565131,                0.10818553113433,  86.19562701986004,          69.91995401885544,       1.3875746634469952,               263.2495318347035,                  86.89943051235485,4674963.4096720675,0.7206819397493269, 4674964.130354008,0.00018909341083942722
               0.00032512568418,               0.05145677827298,               0.04376364590464,       10.16377868024014,                0.10369971851463,   86.4397154984562,          69.85954865449425,       1.3765793001059896,              265.48426840269923,                  80.92331261081887,4674963.4354077615,0.7264383533320639, 4674964.161846115,0.00019060903816221458
               0.00071956261101,                0.0537861932128,               0.03945468011688,       10.06238265782563,                0.09817301550786,  85.33089601450624,          67.72133397479062,        1.372399436993464,               266.6197009901721,                  82.87208590588028, 4674963.435532427,0.7286508381194873,4674964.1641832655,0.00019211310013278417
                5.529892712e-05,               0.04898787088809,               0.03410504463001,       10.06230975162885,                0.10820803855013,  83.39674143239561,           66.7661552897994,       1.3653625612548308,               268.0256506574886,                  82.71195811741822,  4674963.43988563,0.7324061962567321, 4674964.172291826, 0.0001915862351873461
               0.00081389663928,               0.05197669469443,               0.04264326663026,       10.11759809782471,                0.10224744039951,  85.57369740990312,          68.55983534775035,        1.382955833499104,               267.5473548114133,                  83.93814056830088, 4674963.458923506,0.7230888910384339, 4674964.182012397,0.00019288399680566777
               0.00081389663928,               0.05197669469443,               0.04264326663026,       10.11759809782471,                0.10224744039951,  85.57369740990312,          68.55983534775035,        1.382955833499104,               267.5473548114133,                  83.93814056830088, 4674963.458923506,0.7230888910384339, 4674964.182012397,0.00019471999204797644
               0.00081389663928,               0.05197669469443,               0.04264326663026,       10.11759809782471,                0.10224744039951,  85.57369740990312,          68.55983534775035,        1.382955833499104,               267.5473548114133,                  83.93814056830088, 4674963.458923506,0.7230888910384339, 4674964.182012397,0.00019471999204797644
               0.00081389663928,               0.05197669469443,               0.04264326663026,       10.11759809782471,                0.10224744039951,  85.57369740990312,          68.55983534775035,        1.382955833499104,               267.5473548114133,                  83.93814056830088, 4674963.458923506,0.7230888910384339, 4674964.182012397,0.00019471999204797644
               0.00052010368066,               0.05174101961684,               0.05398677164674,        10.0925301907456,                0.10364686226941,  86.71881352515456,          75.51194415284466,       1.3628952164821668,               258.3396490705732,                  82.72643414027117, 4674963.470944673,0.7337321225480175, 4674964.204676796,0.00019199897925537636
               0.00013446003275,               0.04866262264595,               0.03316917743654,       10.17272749361012,                0.10230533190538,  85.71435389910268,          65.41745300854525,        1.374159888935774,               269.8106902851507,                  82.52804145788907, 4674963.493175916, 0.727717355201261, 4674964.220893271,0.00019435228878544406
                 7.16520081e-06,               0.04998203662483,               0.03697524495031,        10.0057697586889,                0.10927045951302,  85.20223960338107,           67.3290663282539,        1.362149888576268,              266.06953177522263,                  83.28500437763333, 4674963.505584537,0.7341335989427783, 4674964.239718136,0.00019675558894069836
                 7.16520081e-06,               0.04998203662483,               0.03697524495031,        10.0057697586889,                0.10927045951302,  85.20223960338107,           67.3290663282539,        1.362149888576268,              266.06953177522263,                  83.28500437763333, 4674963.505584537,0.7341335989427783, 4674964.239718136, 0.0001979763060841521
                 7.16520081e-06,               0.04998203662483,               0.03697524495031,        10.0057697586889,                0.10927045951302,  85.20223960338107,           67.3290663282539,        1.362149888576268,              266.06953177522263,                  83.28500437763333, 4674963.505584537,0.7341335989427783, 4674964.239718136, 0.0001979763060841521
               0.00014621634531,               0.05080079790837,               0.03426245886028,       10.09663334896666,                0.10465635925961,  85.68225666119827,          67.62804135301326,       1.4114962057532547,                265.762391352852,                  86.50795470184995, 4674963.514865582,0.7084680751701653, 4674964.223333657,0.00019593064983382328
               0.00031422446706,               0.05401033548287,               0.03894400811682,       10.06107643259036,                0.10049239960528,  86.21590806748365,          67.54452224220836,       1.3755601406362572,                267.374371736145,                  87.48630481610753, 4674963.555761276,0.7269765751844597, 4674964.282737851, 0.0001999485077904331
               0.00031422446706,               0.05401033548287,               0.03894400811682,       10.06107643259036,                0.10049239960528,  86.21590806748365,          67.54452224220836,       1.3755601406362572,                267.374371736145,                  87.48630481610753, 4674963.555761276,0.7269765751844597, 4674964.282737851,0.00020403645461699536
               0.00013208418047,               0.05334826471916,               0.03488199409785,       10.00105742783326,                0.10571108648129,  85.85644055803692,          66.96654726963133,        1.349961823796992,                267.277632306286,                  79.90704641625057, 4674963.558632308,0.7407616884952597, 4674964.299393997,0.00020229664096950694
               0.00014809041447,               0.05275907001689,               0.04240389147767,       10.16952225009688,                0.09856196842167,  86.02136508928368,           69.1281066759425,        1.364466872270472,              266.01697225901916,                  85.15471501267717,4674963.5713110715,0.7328869760949203, 4674964.304198047, 0.0002028651675978248
               0.00035958929781,               0.04772669615537,               0.03913933810649,       10.25488749043996,                0.10549541190499,  84.43412243218694,          69.01687471196213,       1.3816334158879613,              264.49768416064023,                  84.06053510427299, 4674963.582455614,0.7237809888647709, 4674964.306236602,0.00020427376953182554
               0.00035958929781,               0.04772669615537,               0.03913933810649,       10.25488749043996,                0.10549541190499,  84.43412243218694,          69.01687471196213,       1.3816334158879613,              264.49768416064023,                  84.06053510427299, 4674963.582455614,0.7237809888647709, 4674964.306236602,0.00020541202663658126
               0.00035958929781,               0.04772669615537,               0.03913933810649,       10.25488749043996,                0.10549541190499,  84.43412243218694,          69.01687471196213,       1.3816334158879613,              264.49768416064023,                  84.06053510427299, 4674963.582455614,0.7237809888647709, 4674964.306236602,0.00020541202663658126
               0.00018803205565,               0.05681656196464,               0.03844727387602,        10.0768244522816,                0.10456196458916,  84.80702260070326,          69.23206910409823,        1.372703512008041,               266.2475474247867,                  85.42325313049133, 4674963.597340428,0.7284894307126549, 4674964.325829859, 0.0002038633820261543
               0.00031008423496,               0.05316274752548,               0.03922034663539,       10.17257666788733,                0.10450619119912,  84.20381199730478,          68.20285336125312,       1.3744090652531742,               265.1343878636826,                  84.01607214527603, 4674963.630995551, 0.727585422187094, 4674964.358580973,0.00020785617669921586
               0.00073714091511,               0.04971450072999,               0.03675774010049,       10.00236462240448,                0.10915359608963,  84.45826085189964,          67.53588761565484,       1.3886048469005976,               267.0811978701864,                   85.4834387656172, 4674963.639936695,0.7201472774864831, 4674964.360083972, 0.0002112464350868539
               0.00012888170284,               0.05047579365866,               0.05054082455353,       10.01658971412212,                0.10501672371234,  85.82441839534958,          74.90217841464052,       1.3714960897549502,              260.47865072653804,                  83.51797138538728, 4674963.645310281,0.7291307700182167, 4674964.374441051, 0.0002117039487953514
               0.00012888170284,               0.05047579365866,               0.05054082455353,       10.01658971412212,                0.10501672371234,  85.82441839534958,          74.90217841464052,       1.3714960897549502,              260.47865072653804,                  83.51797138538728, 4674963.645310281,0.7291307700182167, 4674964.374441051,0.00021227275202991846
               0.00071042580538,               0.05264604968962,               0.04129643709674,       10.09642413590155,                0.10216692660424,  84.30260037340113,          69.27742675462339,        1.369990324036907,               263.1144727041227,                  85.19621508014146, 4674963.701309831,0.7299321626253037, 4674964.431241994, 0.0002162129168367722
               0.00062967117308,               0.05006090187656,               0.03526062363664,       10.01858479166476,                0.10492856262138,  84.43457932904896,          67.40165130798299,        1.391061363321436,              271.54874195223204,                  78.97813502788425, 4674963.719856809,0.7188755481011283, 4674964.438732357,0.00022322950799040023
               0.00062967117308,               0.05006090187656,               0.03526062363664,       10.01858479166476,                0.10492856262138,  84.43457932904896,          67.40165130798299,        1.391061363321436,              271.54874195223204,                  78.97813502788425, 4674963.719856809,0.7188755481011283, 4674964.438732357, 0.0002252995650278421
               0.00126846436638,               0.04937298934083,               0.04095479158495,       10.03284102433485,                0.10533555306219,  85.41248297347582,          69.85578436675786,        1.381736025370136,               265.8872463387165,                  79.58418860266853, 4674963.756223505,0.7237272399640318, 4674964.479950746,0.00022718836832871583
               0.00126846436638,               0.04937298934083,               0.04095479158495,       10.03284102433485,                0.10533555306219,  85.41248297347582,          69.85578436675786,        1.381736025370136,               265.8872463387165,                  79.58418860266853, 4674963.756223505,0.7237272399640318, 4674964.479950746,0.00023131895822609607
               0.00126846436638,               0.04937298934083,               0.04095479158495,       10.03284102433485,                0.10533555306219,  85.41248297347582,          69.85578436675786,        1.381736025370136,               265.8872463387165,                  79.58418860266853, 4674963.756223505,0.7237272399640318, 4674964.479950746,0.00023131895822609607
                0.0004646730163,               0.05123398211063,               0.03579303721953,       10.05005631724186,                0.09900888354421,  86.16395719837485,          66.94247081323843,       1.3774720522617754,               270.3658104707416,                  81.83384830835358, 4674963.767763451,0.7259675420332663, 4674964.493730993,0.00022918883535080208
               0.00112510521178,               0.04810202730857,               0.03618836730124,       10.17714533013051,                0.10436795903979,  85.28518405845612,          68.43573132258618,       1.3886507169702276,               267.0055411844779,                   83.2944945934658, 4674963.777682863,0.7201234894990803, 4674964.497806353, 0.0002305076526671186
               0.00044545983765,               0.05072792876716,               0.03004308551364,       10.11097616851278,                0.10325893857408,  84.83297089387789,           64.5875888130665,        1.396430104176934,               276.1717970906052,                  82.69850000629627, 4674963.821564713,0.7161117459505123, 4674964.537676458,0.00023566835364920358
                0.0002333793903,               0.05166244977945,                0.0362808058342,       10.10378718620959,                0.10379157469379,  86.32865429314718,          67.73018908744747,       1.3729380664056625,              265.27887963170065,                  82.73230112750531, 4674963.828670749,0.7283649746983777, 4674964.557035724,0.00024049458315778015
               0.00013838731348,               0.05381321563166,               0.03996037097784,        10.0627052803121,                0.09996532396148,  84.16248290767487,          68.74547697530785,        1.338666781871616,               267.3217743498466,                  80.17761269079672, 4674963.832864032,0.7470118879037848,  4674964.57987592,0.00024065288153723104
                2.388435451e-05,               0.04736222802732,               0.02993570210236,       10.01410225340998,                0.10608536173467,  85.62975162365186,          64.42101741494463,       1.4115548612178932,              275.35998612972554,                  85.31986886432944, 4674963.834279049,0.7084386356313472, 4674964.542717685,0.00024012754760918743
                2.388435451e-05,               0.04736222802732,               0.02993570210236,       10.01410225340998,                0.10608536173467,  85.62975162365186,          64.42101741494463,       1.4115548612178932,              275.35998612972554,                  85.31986886432944, 4674963.834279049,0.7084386356313472, 4674964.542717685, 0.0002402974399230071
                2.388435451e-05,               0.04736222802732,               0.02993570210236,       10.01410225340998,                0.10608536173467,  85.62975162365186,          64.42101741494463,       1.4115548612178932,              275.35998612972554,                  85.31986886432944, 4674963.834279049,0.7084386356313472, 4674964.542717685, 0.0002402974399230071
                2.388435451e-05,               0.04736222802732,               0.02993570210236,       10.01410225340998,                0.10608536173467,  85.62975162365186,          64.42101741494463,       1.4115548612178932,              275.35998612972554,                  85.31986886432944, 4674963.834279049,0.7084386356313472, 4674964.542717685, 0.0002402974399230071
                2.388435451e-05,               0.04736222802732,               0.02993570210236,       10.01410225340998,                0.10608536173467,  85.62975162365186,          64.42101741494463,       1.4115548612178932,              275.35998612972554,                  85.31986886432944, 4674963.834279049,0.7084386356313472, 4674964.542717685, 0.0002402974399230071
               0.00063316646199,               0.04649618940711,               0.03768077443997,       10.02818718515845,                0.10644027010689,  84.54486853581702,          70.44212654093677,       1.3833388319421616,               262.0456191947334,                  82.99686670332906, 4674963.846545611,0.7228886928562783, 4674964.569434304,0.00023576589177597276
               0.00063316646199,               0.04649618940711,               0.03768077443997,       10.02818718515845,                0.10644027010689,  84.54486853581702,          70.44212654093677,       1.3833388319421616,               262.0456191947334,                  82.99686670332906, 4674963.846545611,0.7228886928562783, 4674964.569434304,  0.000237211892129215
               0.00063316646199,               0.04649618940711,               0.03768077443997,       10.02818718515845,                0.10644027010689,  84.54486853581702,          70.44212654093677,       1.3833388319421616,               262.0456191947334,                  82.99686670332906, 4674963.846545611,0.7228886928562783, 4674964.569434304,  0.000237211892129215
               0.00063316646199,               0.04649618940711,               0.03768077443997,       10.02818718515845,                0.10644027010689,  84.54486853581702,          70.44212654093677,       1.3833388319421616,               262.0456191947334,                  82.99686670332906, 4674963.846545611,0.7228886928562783, 4674964.569434304,  0.000237211892129215
                0.0003799888623,               0.04900684868728,               0.03031694418045,       10.13389052136933,                0.10205209668643,  83.52927543597454,           65.8236110914072,        1.397221777429871,              269.93758031659536,                  82.41824881023383,   4674963.8508199,0.7157059932457228, 4674964.566525893, 0.0002329891883552989
                0.0003799888623,               0.04900684868728,               0.03031694418045,       10.13389052136933,                0.10205209668643,  83.52927543597454,           65.8236110914072,        1.397221777429871,              269.93758031659536,                  82.41824881023383,   4674963.8508199,0.7157059932457228, 4674964.566525893,0.00023348711908607878
                0.0003799888623,               0.04900684868728,               0.03031694418045,       10.13389052136933,                0.10205209668643,  83.52927543597454,           65.8236110914072,        1.397221777429871,              269.93758031659536,                  82.41824881023383,   4674963.8508199,0.7157059932457228, 4674964.566525893,0.00023348711908607878
                 7.77363729e-06,               0.05039711409673,               0.04287726177267,       10.13729568622789,                0.10881533197795,  85.81329557251394,          70.91673142539102,       1.3914391304238578,              262.70587944175935,                   83.4159877555778, 4674963.866694884,0.7186803778440396, 4674964.585375262, 0.0002318424456637845
                 7.77363729e-06,               0.05039711409673,               0.04287726177267,       10.13729568622789,                0.10881533197795,  85.81329557251394,          70.91673142539102,       1.3914391304238578,              262.70587944175935,                   83.4159877555778, 4674963.866694884,0.7186803778440396, 4674964.585375262,0.00023368265466270458
                 7.77363729e-06,               0.05039711409673,               0.04287726177267,       10.13729568622789,                0.10881533197795,  85.81329557251394,          70.91673142539102,       1.3914391304238578,              262.70587944175935,                   83.4159877555778, 4674963.866694884,0.7186803778440396, 4674964.585375262,0.00023368265466270458
                 7.77363729e-06,               0.05039711409673,               0.04287726177267,       10.13729568622789,                0.10881533197795,  85.81329557251394,          70.91673142539102,       1.3914391304238578,              262.70587944175935,                   83.4159877555778, 4674963.866694884,0.7186803778440396, 4674964.585375262,0.00023368265466270458
                 7.77363729e-06,               0.05039711409673,               0.04287726177267,       10.13729568622789,                0.10881533197795,  85.81329557251394,          70.91673142539102,       1.3914391304238578,              262.70587944175935,                   83.4159877555778, 4674963.866694884,0.7186803778440396, 4674964.585375262,0.00023368265466270458
                 7.77363729e-06,               0.05039711409673,               0.04287726177267,       10.13729568622789,                0.10881533197795,  85.81329557251394,          70.91673142539102,       1.3914391304238578,              262.70587944175935,                   83.4159877555778, 4674963.866694884,0.7186803778440396, 4674964.585375262,0.00023368265466270458
               0.00056727273558,               0.05404350881421,               0.04368310036676,        10.0998960915643,                0.10298277082383,   85.5607258615005,          70.03609243535794,       1.3844602489213207,               265.1852082430964,                  83.30756501945606, 4674963.869004384,0.7223031508337877, 4674964.591307535,0.00022696914553186018
               0.00091048381679,               0.05134562470171,               0.03495344614756,       10.16512401946213,                0.10153654194747,  84.03907110574625,          66.53795185303534,        1.370887532570332,               269.4983898459842,                   82.5914009973818, 4674963.871784851,0.7294544419154939, 4674964.601239293,0.00022641550456967558
                2.612205777e-05,               0.05525217242409,               0.03542840468853,       10.13008493772647,                0.10241777652871,  84.43542513336554,           65.8487120454159,        1.381331369758983,              269.17390703762453,                  85.67503497962477, 4674963.883218589,0.7239392530225978, 4674964.607157842,0.00022689940352841237
                2.612205777e-05,               0.05525217242409,               0.03542840468853,       10.13008493772647,                0.10241777652871,  84.43542513336554,           65.8487120454159,        1.381331369758983,              269.17390703762453,                  85.67503497962477, 4674963.883218589,0.7239392530225978, 4674964.607157842,0.00022819654353977177
               0.00019754379068,               0.04964457532058,               0.04190303661478,       10.06171276753574,                  0.101888304767,  87.36065089716634,          69.89563713020388,       1.3822741761990918,                264.569025492889,                  83.11810880956403, 4674963.889326418,0.7234454764609362, 4674964.612771894,0.00022661800121080572
                 1.43760043e-06,               0.05283189230349,               0.03163868588912,       10.04126049627628,                 0.1014152494394,  84.03407222446621,          65.91221665154137,       1.3496353145460787,              270.42050586195717,                   80.9475743864664, 4674963.916445615,0.7409408965682918, 4674964.657386512, 0.0002292880381174338
               0.00047419406154,               0.05447700228715,                0.0431588138638,       10.06510665328275,                0.10160176827897,  86.33264933390284,          69.01563214762335,       1.3499563175928508,               265.8022514800505,                  85.03856792775136, 4674963.938047839,0.7407647099153039, 4674964.678812549, 0.0002337655273798332
                0.0008589975138,               0.04751479537757,               0.04187558515054,       10.02542950911238,                0.10019522309032,  85.80168810450033,          69.16597343968051,       1.3797622511722238,              266.75902764568406,                  86.16913378802859, 4674963.971896759,0.7247625445256355, 4674964.696659304,0.00023916208574603404
                0.0002299811596,               0.04822499657426,               0.03686081740431,        10.1409393398254,                0.10139644926565,   84.7407622402875,          66.94789140789845,       1.3633371761081543,               271.1344389931519,                  81.08779800467737,  4674963.98050743,0.7334942650464843, 4674964.714001695,0.00024304577861440925
               0.00028479317504,               0.04812807975286,               0.02990912265948,       10.03582773417868,                 0.1085088471967,  83.67375351338787,          67.07932836409498,       1.3921939793976101,               271.0321459620657,                  82.24508885137558, 4674964.041414766,0.7182907086214315, 4674964.759705475,0.00025050419071005796
               0.00025186523838,               0.04977567692426,               0.03336162541305,       10.10476999089806,                0.10702347693732,  84.20865121181943,          68.08136222298461,       1.3837089506840767,               268.3601737170826,                  79.61746461305445, 4674964.060945897,0.7226953323570111, 4674964.783641229,0.00025937927767436035
               0.00017359222417,               0.05501209422169,               0.04452229475168,        10.0808706247545,                0.10005103353788,  85.22378919826164,          70.20547634091264,       1.3418630492223869,               264.0489181299861,                  79.08754530799122,  4674964.06303644,0.7452325336624349, 4674964.808268974,0.00026088182905480064
               0.00068255825643,               0.04948987574158,               0.03450357478975,       10.00195562725314,                0.10411516058452,  84.64042330251705,          66.58725214104183,       1.3987493232509478,              274.04953986911636,                  79.99570478000868, 4674964.069231245,0.7149243852185166,  4674964.78415563,  0.000260662619413241
               0.00068255825643,               0.04948987574158,               0.03450357478975,       10.00195562725314,                0.10411516058452,  84.64042330251705,          66.58725214104183,       1.3987493232509478,              274.04953986911636,                  79.99570478000868, 4674964.069231245,0.7149243852185166,  4674964.78415563, 0.0002614699938970665
               0.00068255825643,               0.04948987574158,               0.03450357478975,       10.00195562725314,                0.10411516058452,  84.64042330251705,          66.58725214104183,       1.3987493232509478,              274.04953986911636,                  79.99570478000868, 4674964.069231245,0.7149243852185166,  4674964.78415563, 0.0002614699938970665
               0.00068255825643,               0.04948987574158,               0.03450357478975,       10.00195562725314,                0.10411516058452,  84.64042330251705,          66.58725214104183,       1.3987493232509478,              274.04953986911636,                  79.99570478000868, 4674964.069231245,0.7149243852185166,  4674964.78415563, 0.0002614699938970665
               0.00029266830523,               0.04721912215103,               0.03690309046932,       10.05700066631683,                0.10759883776888,  85.01067052304698,          67.82324386894516,       1.4012102151773562,                264.992245954292,                  87.85609021936129, 4674964.076214535,0.7136687908555008, 4674964.789883326,0.00025716453463804374
               0.00029266830523,               0.04721912215103,               0.03690309046932,       10.05700066631683,                0.10759883776888,  85.01067052304698,          67.82324386894516,       1.4012102151773562,                264.992245954292,                  87.85609021936129, 4674964.076214535,0.7136687908555008, 4674964.789883326,0.00025806245825605787
               0.00029266830523,               0.04721912215103,               0.03690309046932,       10.05700066631683,                0.10759883776888,  85.01067052304698,          67.82324386894516,       1.4012102151773562,                264.992245954292,                  87.85609021936129, 4674964.076214535,0.7136687908555008, 4674964.789883326,0.00025806245825605787
               0.00029266830523,               0.04721912215103,               0.03690309046932,       10.05700066631683,                0.10759883776888,  85.01067052304698,          67.82324386894516,       1.4012102151773562,                264.992245954292,                  87.85609021936129, 4674964.076214535,0.7136687908555008, 4674964.789883326,0.00025806245825605787
               0.00010382116464,               0.04846115698719,               0.03088711427664,       10.04009497698175,                0.10820715927633,  85.35554205897921,          66.03086892391528,       1.4035676610978365,               270.2425873587832,                  80.50437616176826, 4674964.083826113,0.7124701058001182, 4674964.796296218,0.00025389314580965335
               0.00010382116464,               0.04846115698719,               0.03088711427664,       10.04009497698175,                0.10820715927633,  85.35554205897921,          66.03086892391528,       1.4035676610978365,               270.2425873587832,                  80.50437616176826, 4674964.083826113,0.7124701058001182, 4674964.796296218, 0.0002548594049365941
               0.00010382116464,               0.04846115698719,               0.03088711427664,       10.04009497698175,                0.10820715927633,  85.35554205897921,          66.03086892391528,       1.4035676610978365,               270.2425873587832,                  80.50437616176826, 4674964.083826113,0.7124701058001182, 4674964.796296218, 0.0002548594049365941
                4.332821225e-05,               0.05126066742818,               0.04185659723706,        10.1019131382497,                0.10530870746283,    85.303545012523,           68.5513390568162,       1.3823269653460388,               267.7669458083959,                  82.39605657195229,4674964.0906146215, 0.723417849082955, 4674964.814032471,0.00025191057869172474
               0.00039825058346,               0.04663612109086,               0.03360635065152,       10.01288156002209,                0.10858296923853,  84.96618983250018,          66.25776781030604,        1.423799153079328,               269.9659229015449,                  84.37229546881359, 4674964.135474192,0.7023462528666671, 4674964.837820445,0.00025727780192683324
               0.00043052132859,               0.05146588929862,               0.03652279084148,       10.05997693358635,                0.10113007180128,  84.50315646657411,          67.69292173536498,       1.3699903712539632,               272.5362944423511,                  82.01341990058432, 4674964.137352233,0.7299321374680116, 4674964.867284371, 0.0002619848351585336
               0.00054763813008,               0.04781211197988,               0.03779031815217,       10.11839609189808,                0.10266624189497,  85.80840260333747,          67.73488633574962,       1.3902185399819604,              270.42889415145277,                  80.29758950607409, 4674964.154255904,0.7193113681342331, 4674964.873567272, 0.0002631502630107134
               0.00091856869081,               0.04716745190483,               0.03765590350429,       10.06214611866535,                0.10471752764923,  84.27732901142008,          68.60467971330891,       1.3856019108734174,               268.5619956218816,                  80.17423945110858, 4674964.161335612,0.7217080116248162,4674964.8830436235, 0.0002649920717069531
               0.00063581744955,                0.0461382058608,               0.03357883917199,       10.07517384882993,                0.10433611106353,  85.04918097734313,          68.23193891488812,       1.3957840704353968,              267.42878941627646,                   83.6377562704222, 4674964.180598337,0.7164431957502302, 4674964.897041533,  0.000267180296453857
               0.00069187707424,               0.04964506839227,               0.03846418805778,       10.05825531758301,                0.10233030502233,  84.37172593640604,          68.33918907012585,       1.4097021925604427,              270.07610417918664,                  85.48766674758915, 4674964.195905254,0.7093696848010852, 4674964.905274939, 0.0002704815488718306
                0.0004484257837,               0.04832398599949,               0.03621231959236,       10.16641883840395,                0.10593482199138,  84.38703473684204,          67.18495137134235,        1.404699709545988,              269.80207539089525,                  82.97360545451305,  4674964.20186443,0.7118959256588793, 4674964.913760356,0.00027200611301656023
               0.00029007982999,               0.04931322186377,               0.03610788455927,         10.203373351011,                0.10107411672866,  85.86454292755867,          66.09871945958137,       1.3958558139871318,               270.0975829939728,                  84.32044886612915, 4674964.206212974, 0.716406372334112,4674964.9226193465,0.00027205079189238725
               0.00015686494758,               0.04851011988209,               0.03783438168242,       10.05215805173576,                0.10513192925459,   86.1124569706665,          67.45965836281889,       1.3548418001881095,               265.9963065604821,                  79.37160526509311, 4674964.213899752,0.7380935544365088, 4674964.951993306, 0.0002723325488315687
               0.00015686494758,               0.04851011988209,               0.03783438168242,       10.05215805173576,                0.10513192925459,   86.1124569706665,          67.45965836281889,       1.3548418001881095,               265.9963065604821,                  79.37160526509311, 4674964.213899752,0.7380935544365088, 4674964.951993306, 0.0002733792235822102
               0.00018434936805,               0.05035118618935,               0.04348930394255,       10.02383128137608,                0.10380350787694,  85.16975502491307,          69.24440642057245,       1.3795516392077096,               268.9191140733169,                  82.80940308063312, 4674964.218889153,0.7248731918250702, 4674964.943762344, 0.0002713359328427338
               0.00068250846138,               0.04875920046085,               0.03300134632641,       10.01522307120323,                0.10365571057106,   85.2258891939009,          65.79791792658276,        1.362062602270371,               271.6467103197492,                  83.72790501792882, 4674964.223108837,0.7341806450989385,4674964.9572894825, 0.0002712317911346881
               0.00051254341633,                 0.047442747719,               0.02972467450851,       10.10311373831388,                0.10640795796963,   83.5838490908207,          65.17017837526367,        1.401992231453677,              270.65731416960216,                  82.52030572915112, 4674964.229048939,0.7132707140346525, 4674964.942319653, 0.0002712574337030239
               0.00023619322163,               0.05473345283825,               0.04098429129381,       10.03152259807412,                0.10099644189343,  85.64870602012572,          68.73281272183766,       1.3447090640261457,              269.63325432952064,                  83.48664202348498, 4674964.233723722,0.7436552833264435, 4674964.977379005,  0.000271343767453611
               0.00010369979561,               0.04964066357453,               0.03508681245201,       10.08837575917076,                0.10268555262673,  84.70561692122479,           66.6853486721581,       1.3891824243756201,              273.05441421783274,                  87.01853110088092, 4674964.234553542,0.7198478633570811,4674964.9544014055, 0.0002707372099400566
               0.00041102622949,               0.05275759488829,               0.03888451815702,       10.12776382113107,                0.10365813093128,  83.79476411870894,           68.7077863970425,       1.3663800780990178,              267.18136291107726,                  80.61649908637023, 4674964.243345005,0.7318607875132769, 4674964.975205793, 0.0002706919128406585
                7.930717314e-05,               0.04856301415577,               0.03861219947544,       10.10944527197481,                0.10618899072567,  86.65181474221357,          68.62537719015333,       1.3881240722584538,               268.1356561380892,                  81.70864975878985, 4674964.249793943,0.7203966993908674, 4674964.970190642, 0.0002714042799617398
               0.00115095892025,                0.0490328615804,               0.03875307579402,       10.10567363076596,                0.10279623668904,  85.74104786929333,          68.69797240220217,       1.4011104690488843,              268.82684699160677,                  82.90608775621467, 4674964.275901563,0.7137195974838657, 4674964.989621161,0.00027450795879613646
               0.00063265379697,               0.04930302254216,               0.03736565233192,       10.00792268417737,                0.10971389285549,   85.4758552058792,          68.04092329814193,       1.3935050067307604,              266.84594663816074,                  82.17007252724076, 4674964.284401587,0.7176149315358795, 4674965.002016519,0.00027788861502152514
               0.00063265379697,               0.04930302254216,               0.03736565233192,       10.00792268417737,                0.10971389285549,   85.4758552058792,          68.04092329814193,       1.3935050067307604,              266.84594663816074,                  82.17007252724076, 4674964.284401587,0.7176149315358795, 4674965.002016519,  0.000279069637760367
               0.00148761402176,               0.05025871545019,               0.03501690697592,       10.01418862641942,                0.10190861104102,   84.4602166292877,          66.35206732263508,       1.4074379900206986,              271.50761130691205,                  86.61362283933892, 4674964.292274715,0.7105108765646531, 4674965.002785592, 0.0002773847625953079
               0.00032753670542,               0.05121122695764,                0.0356943258339,       10.17571018781501,                0.10487042268591,  85.24742828619155,          68.39625618818582,       1.3785398147021668,               264.4286758142885,                  84.67026060021344, 4674964.300842987,0.7254052362760736, 4674965.026248224, 0.0002782834408134654
               0.00113286412855,               0.04599149190808,               0.03483559751712,       10.00869049539332,                0.10682340571599,  84.15130350039509,          68.38873500251279,       1.3799566379720534,               268.9214442737356,                   83.1421244060263, 4674964.304575584,0.7246604512657533, 4674965.029236035, 0.0002786051710686737
               0.00078237438219,               0.04910307799756,               0.03956151883049,        10.0020725052004,                0.10796775660081,  84.33680634670444,          70.26500624667116,       1.3831541891876578,               267.3769138013463,                  82.43258868673155, 4674964.306514166,0.7229851941433307,  4674965.02949936, 0.0002780059172955631
               0.00078237438219,               0.04910307799756,               0.03956151883049,        10.0020725052004,                0.10796775660081,  84.33680634670444,          70.26500624667116,       1.3831541891876578,               267.3769138013463,                  82.43258868673155, 4674964.306514166,0.7229851941433307,  4674965.02949936, 0.0002782753858751434
               0.00052214518139,               0.05209805201986,               0.04499466846123,       10.00265533146414,                0.10639841264473,  85.81879491199217,          71.84608339087791,        1.398052126086114,              262.97741181107915,                  86.78928292619209, 4674964.308591649, 0.715280912164218, 4674965.023872561, 0.0002757929538545645
               0.00081908526949,               0.05094335799423,               0.03572216325172,       10.06863984083663,                0.10843145300776,   85.1519255372205,          68.53689167240654,        1.391059902804598,              265.55141545588435,                  84.81246964100583,  4674964.32517787,0.7188763028708116, 4674965.044054173, 0.0002770030662460713
               0.00058684768667,               0.04798539809497,               0.04123520797186,       10.00241876636415,                0.10814168044973,  86.46627783010526,          69.48415261581336,       1.3808511837492365,               264.4003778658412,                  82.06034185070132, 4674964.334784425, 0.724191000282041, 4674965.058975426,0.00027925199153630104
               0.00058684768667,               0.04798539809497,               0.04123520797186,       10.00241876636415,                0.10814168044973,  86.46627783010526,          69.48415261581336,       1.3808511837492365,               264.4003778658412,                  82.06034185070132, 4674964.334784425, 0.724191000282041, 4674965.058975426, 0.0002805933061363983
               0.00044032061671,               0.04881937659688,               0.04304520549665,       10.16148955493738,                0.10395136903875,  86.17445992198006,          70.35253636546061,       1.4015262968813706,               265.0795397234767,                  85.28933828270044, 4674964.359744778,0.7135078394355971, 4674965.073252617, 0.0002813119738096079
               0.00020409768495,               0.05429587342132,               0.03872443305106,        10.0462948110937,                0.10431358874921,  83.82837514360575,           68.1194519935714,        1.383833979592855,               265.9762717902752,                  85.96221160570323,4674964.3663165625,0.7226300370902984,4674965.0889465995, 0.0002843398938311954
                2.543447662e-05,                0.0469923673973,               0.04023504723239,       10.21980169910548,                0.10703495883571,  85.12613148903866,          69.24115793179752,        1.382007408225989,              264.80101889788114,                  83.17707306516407, 4674964.376599295,0.7235851226612801, 4674965.100184417, 0.0002853218571331789
                2.543447662e-05,                0.0469923673973,               0.04023504723239,       10.21980169910548,                0.10703495883571,  85.12613148903866,          69.24115793179752,        1.382007408225989,              264.80101889788114,                  83.17707306516407, 4674964.376599295,0.7235851226612801, 4674965.100184417, 0.0002867887884861788
                2.543447662e-05,                0.0469923673973,               0.04023504723239,       10.21980169910548,                0.10703495883571,  85.12613148903866,          69.24115793179752,        1.382007408225989,              264.80101889788114,                  83.17707306516407, 4674964.376599295,0.7235851226612801, 4674965.100184417, 0.0002867887884861788
                2.543447662e-05,                0.0469923673973,               0.04023504723239,       10.21980169910548,                0.10703495883571,  85.12613148903866,          69.24115793179752,        1.382007408225989,              264.80101889788114,                  83.17707306516407, 4674964.376599295,0.7235851226612801, 4674965.100184417, 0.0002867887884861788
                2.543447662e-05,                0.0469923673973,               0.04023504723239,       10.21980169910548,                0.10703495883571,  85.12613148903866,          69.24115793179752,        1.382007408225989,              264.80101889788114,                  83.17707306516407, 4674964.376599295,0.7235851226612801, 4674965.100184417, 0.0002867887884861788
               0.00020880879901,               0.05242059986881,               0.03617435914504,       10.06911305996909,                0.10154132903491,  85.75090120297294,          67.78095358533736,       1.3565646873015995,              269.29736306238607,                  80.73376735158197, 4674964.384759104,0.7371561484392922, 4674965.121915252, 0.0002808003711280861
               0.00020880879901,               0.05242059986881,               0.03617435914504,       10.06911305996909,                0.10154132903491,  85.75090120297294,          67.78095358533736,       1.3565646873015995,              269.29736306238607,                  80.73376735158197, 4674964.384759104,0.7371561484392922, 4674965.121915252, 0.0002819460035809269
               0.00037801919734,               0.04943932969118,               0.04582787342915,       10.02773452251215,                 0.1051822253729,  84.85569197250726,          72.36405220414156,        1.395046157203241,               261.3481560362444,                   86.7503971813499, 4674964.388061608,0.7168221602106548, 4674965.104883769, 0.0002796022639668302
               0.00019705247497,               0.05021416651481,               0.03641573125837,       10.09479231013182,                0.10251873229179,  85.74124059508001,           65.7783224082884,       1.3603289870523882,               269.2043812170878,                   83.1466439065158,  4674964.40081092,  0.73511629136628,4674965.1359272115, 0.0002804584060732586
               0.00030693360734,               0.04831028941388,               0.04347929741488,       10.12242984867934,                 0.1034596825866,  85.36281993517458,           71.0740880213057,        1.370201511348449,               261.4172681065854,                  86.61683499417774, 4674964.405906383,0.7298196591652242, 4674965.135726042,0.00028155933369972434
                 3.90680706e-06,               0.04735253164137,               0.03984155325563,       10.18549138537462,                0.10744805781603,   85.2037552601306,          69.42285019264776,         1.37618204250766,              262.89336020507886,                  81.14737380286661, 4674964.424569363,0.7266480517198246, 4674965.151217414, 0.0002835178754847874
                 3.90680706e-06,               0.04735253164137,               0.03984155325563,       10.18549138537462,                0.10744805781603,   85.2037552601306,          69.42285019264776,         1.37618204250766,              262.89336020507886,                  81.14737380286661, 4674964.424569363,0.7266480517198246, 4674965.151217414, 0.0002861634429636622
               0.00061465420666,               0.04619166188138,               0.03118091105163,       10.03182268001278,                0.10381044020874,  84.32021103470906,          65.88313585063034,       1.4266598190586406,              273.85756002007884,                   85.0173216618066,  4674964.43658958, 0.700937943748801, 4674965.137527524, 0.0002850290807129459
               0.00061465420666,               0.04619166188138,               0.03118091105163,       10.03182268001278,                0.10381044020874,  84.32021103470906,          65.88313585063034,       1.4266598190586406,              273.85756002007884,                   85.0173216618066,  4674964.43658958, 0.700937943748801, 4674965.137527524, 0.0002867421159351975
               0.00061465420666,               0.04619166188138,               0.03118091105163,       10.03182268001278,                0.10381044020874,  84.32021103470906,          65.88313585063034,       1.4266598190586406,              273.85756002007884,                   85.0173216618066,  4674964.43658958, 0.700937943748801, 4674965.137527524, 0.0002867421159351975
               0.00066107249289,               0.04844904362931,                0.0354862898812,       10.11148737231325,                0.10405357796769,  84.13637132236575,          67.29120085416122,       1.3579690346654525,              268.43509419199404,                  81.76172725396222, 4674964.454992577,0.7363938164071309, 4674965.191386394,0.00028508552288651054
               0.00014451013395,               0.05389430475499,               0.04228487316378,       10.04098089010006,                0.10625235003443,  84.58715123046774,           69.9778893156583,       1.3504062206602316,               261.0497376621534,                  84.47044524553296, 4674964.481195883, 0.740517915795061, 4674965.221713799,0.00029007755429731667
               0.00014451013395,               0.05389430475499,               0.04228487316378,       10.04098089010006,                0.10625235003443,  84.58715123046774,           69.9778893156583,       1.3504062206602316,               261.0497376621534,                  84.47044524553296, 4674964.481195883, 0.740517915795061, 4674965.221713799, 0.0002938778323825934
               0.00051809208565,               0.04497623675421,               0.03753266679673,       10.09890748400857,                0.10270039975666,  84.48862831301851,          67.88750606704498,        1.391260084768279,              267.92203254596245,                  82.72033070614167, 4674964.482135618,0.7187728670923199, 4674965.200908485,0.00029109044872507254
                9.534631985e-05,               0.05160059633812,               0.03225458659997,        10.1076236190793,                0.10325368061723,  85.19277670999288,          65.20868811966939,       1.4018107816166199,               269.3308683877855,                  82.69503156960748, 4674964.483711159,0.7133630395157634, 4674965.197074198,0.00029000678968164726
                9.534631985e-05,               0.05160059633812,               0.03225458659997,        10.1076236190793,                0.10325368061723,  85.19277670999288,          65.20868811966939,       1.4018107816166199,               269.3308683877855,                  82.69503156960748, 4674964.483711159,0.7133630395157634, 4674965.197074198,0.00029023524843864624
               0.00109825551057,               0.05127038942057,               0.04213798694589,       10.04646148318166,                0.10287431005468,  85.84794476117662,          71.00843159218769,       1.3618376848670373,              264.27206953880136,                  82.35043736758587, 4674964.487236395,0.7343019003748855, 4674965.221538295,0.00028785471291637474
               0.00109825551057,               0.05127038942057,               0.04213798694589,       10.04646148318166,                0.10287431005468,  85.84794476117662,          71.00843159218769,       1.3618376848670373,              264.27206953880136,                  82.35043736758587, 4674964.487236395,0.7343019003748855, 4674965.221538295,0.00028836209036860123
               0.00094070137252,               0.05147458289889,               0.03912437345108,       10.01644127157912,                0.10437826598306,  86.45798372628384,          68.43254032256296,        1.397417487943566,               269.5260023545892,                  85.24498766438955, 4674964.506585381, 0.715605757497422, 4674965.222191138, 0.0002882817081624687
               0.00040625354229,               0.05033985903045,               0.03662028879867,       10.06008045394042,                0.10723861202743,  85.22899901035136,          69.01068298245184,       1.3859585106024603,              268.04151575030653,                  80.41015376453504, 4674964.514676963,0.7215223200045948, 4674965.236199283,0.00029079899375645797
               0.00020073963443,               0.05013777633354,               0.03455149369161,       10.02544308070844,                 0.1037999333119,  84.50214636894876,          68.18044033001196,       1.3519797165693184,              266.40676374097944,                  77.92096997735796, 4674964.525651409,0.7396560671320754, 4674965.265307477,0.00029212582831095754
                0.0003145281127,               0.05144831884234,               0.03748549907881,       10.06250679099463,                0.10596792065087,  84.22461165154097,          69.80111794231313,        1.356150356785001,                265.850202370381,                   81.5176429115036, 4674964.536444705,0.7373813640920173, 4674965.273826069, 0.0002938532416366987
               0.00021571819682,               0.04662413465229,               0.03701357840783,       10.02004758527325,                0.10755993481039,   86.1947438534488,          69.30199638392588,       1.4023687446410271,               265.8742040083906,                  81.42258964953425, 4674964.540122129,0.7130792124549069, 4674965.253201341, 0.0002945107224825621
               0.00013743007337,               0.04469906322682,               0.03899885267976,        10.0132709112771,                0.10681940173236,   85.4353708258694,           70.0415949987375,       1.4071759748175277,                261.903608139205,                  87.60085036699547, 4674964.542900267,  0.71064317320346,  4674965.25354344, 0.0002939926964503023
                8.952383262e-05,               0.04812226706095,               0.03743793510408,       10.04628602398155,                0.10737669641294,  84.80289800189735,          69.19082732090877,       1.3880920158744319,              269.55546778437895,                  81.41495325593213, 4674964.577895373,0.7204133361217034,  4674965.29830871, 0.0002981528026329135
                8.952383262e-05,               0.04812226706095,               0.03743793510408,       10.04628602398155,                0.10737669641294,  84.80289800189735,          69.19082732090877,       1.3880920158744319,              269.55546778437895,                  81.41495325593213, 4674964.577895373,0.7204133361217034,  4674965.29830871,0.00030336921471599596
                8.952383262e-05,               0.04812226706095,               0.03743793510408,       10.04628602398155,                0.10737669641294,  84.80289800189735,          69.19082732090877,       1.3880920158744319,              269.55546778437895,                  81.41495325593213, 4674964.577895373,0.7204133361217034,  4674965.29830871,0.00030336921471599596
                8.952383262e-05,               0.04812226706095,               0.03743793510408,       10.04628602398155,                0.10737669641294,  84.80289800189735,          69.19082732090877,       1.3880920158744319,              269.55546778437895,                  81.41495325593213, 4674964.577895373,0.7204133361217034,  4674965.29830871,0.00030336921471599596
               0.00017459156941,               0.05261129638256,               0.03780234866281,        10.1962564951744,                0.10101456537852,  85.43385924313995,          66.67844665605458,       1.3567754512371788,              269.57828256050925,                  83.46083654719283, 4674964.586034754,0.7370416372791443, 4674965.323076392, 0.0002985470036689184
               0.00017459156941,               0.05261129638256,               0.03780234866281,        10.1962564951744,                0.10101456537852,  85.43385924313995,          66.67844665605458,       1.3567754512371788,              269.57828256050925,                  83.46083654719283, 4674964.586034754,0.7370416372791443, 4674965.323076392, 0.0002997619908478146
               0.00017459156941,               0.05261129638256,               0.03780234866281,        10.1962564951744,                0.10101456537852,  85.43385924313995,          66.67844665605458,       1.3567754512371788,              269.57828256050925,                  83.46083654719283, 4674964.586034754,0.7370416372791443, 4674965.323076392, 0.0002997619908478146
               0.00055320280672,               0.04627313957523,               0.02997970183328,       10.03855635633464,                0.10437451128656,   84.2099936309918,           65.3696016442349,       1.4263092772517447,              272.15830274576064,                  86.54514883751297, 4674964.590730898,0.7011102121741996,  4674965.29184111, 0.0002959829191430257
               0.00045114115352,               0.04646336300411,               0.03985589387539,       10.06359523869173,                0.10779996094233,   85.0383847549017,          70.00982467800945,       1.3696952241727316,              265.03623763146305,                  80.90003304244033, 4674964.618913747, 0.730089425991815, 4674965.349003173, 0.0002994208854037427
               0.00045114115352,               0.04646336300411,               0.03985589387539,       10.06359523869173,                0.10779996094233,   85.0383847549017,          70.00982467800945,       1.3696952241727316,              265.03623763146305,                  80.90003304244033, 4674964.618913747, 0.730089425991815, 4674965.349003173, 0.0003036398729954435
                0.0008212211312,               0.04646854996638,               0.03400643317407,       10.03565980090298,                0.10598200384482,  84.95726262611527,          67.02814056944257,        1.381892599274562,               270.0971719446511,                  84.83253654094528, 4674964.629889029,0.7236452388014523, 4674965.353534268, 0.0003022773535921024
                0.0008212211312,               0.04646854996638,               0.03400643317407,       10.03565980090298,                0.10598200384482,  84.95726262611527,          67.02814056944257,        1.381892599274562,               270.0971719446511,                  84.83253654094528, 4674964.629889029,0.7236452388014523, 4674965.353534268, 0.0003039361264558759
               0.00033862030957,               0.04926407159049,               0.04378377506741,       10.02579171380023,                0.10370514913311,  86.40220295748858,          70.05541924701097,       1.3631286272046084,               266.2198002685609,                  85.84138394097496, 4674964.638406769,0.7336064844083844, 4674965.372013254, 0.0003021989045027143
               0.00065268696054,               0.05100972724689,               0.03245287950193,       10.02044638012087,                0.09970001930846,  84.84327698215716,          65.96180510670494,       1.3881127849516932,              271.96413476108654,                  85.43906749173034, 4674964.666874273,0.7204025572279419,  4674965.38727683, 0.0003063360593437594
               0.00065268696054,               0.05100972724689,               0.03245287950193,       10.02044638012087,                0.09970001930846,  84.84327698215716,          65.96180510670494,       1.3881127849516932,              271.96413476108654,                  85.43906749173034, 4674964.666874273,0.7204025572279419,  4674965.38727683, 0.0003106960762185259
               0.00011257745416,               0.04502100906253,               0.03812363745526,       10.18806996172024,                0.10519751073192,  84.76370975177201,           68.9664163838033,       1.3872094884917134,              265.33530399796706,                  84.08588442097704, 4674964.667149374,0.7208716551436517,4674965.3880210295, 0.0003076468899092504
               0.00025672335406,                0.0481933897975,                0.0413550006338,       10.08771040682646,                0.10408044664708,  85.40264270232505,          71.07157307273182,       1.3955709048911005,              261.08435491063983,                  86.66985527132725, 4674964.672675423,0.7165526283868983,4674965.3892280515, 0.0003070066801391147
               0.00041496502331,               0.04708891730249,               0.03664110754255,       10.07995092007034,                0.10707151405056,  85.08189487121165,          68.86811195458634,       1.4114520134584678,              269.32711091328315,                  83.89799502619113,  4674964.67666152,0.7084902571712015, 4674965.385151777,0.00030693506382572583
               0.00041496502331,               0.04708891730249,               0.03664110754255,       10.07995092007034,                0.10707151405056,  85.08189487121165,          68.86811195458634,       1.4114520134584678,              269.32711091328315,                  83.89799502619113,  4674964.67666152,0.7084902571712015, 4674965.385151777,0.00030754679949811004
                 6.61286615e-06,               0.04882613426278,                0.0412932049169,       10.18660943598528,                0.10131248315252,  85.57871343029733,          68.58176564182972,       1.3565147946308513,               265.0945590079724,                   83.3762807198181, 4674964.689748891,0.7371832610731903, 4674965.426932151, 0.0003064921920456044
                 6.61286615e-06,               0.04882613426278,                0.0412932049169,       10.18660943598528,                0.10131248315252,  85.57871343029733,          68.58176564182972,       1.3565147946308513,               265.0945590079724,                   83.3762807198181, 4674964.689748891,0.7371832610731903, 4674965.426932151, 0.0003084977518601191
                 6.61286615e-06,               0.04882613426278,                0.0412932049169,       10.18660943598528,                0.10131248315252,  85.57871343029733,          68.58176564182972,       1.3565147946308513,               265.0945590079724,                   83.3762807198181, 4674964.689748891,0.7371832610731903, 4674965.426932151, 0.0003084977518601191
                 6.61286615e-06,               0.04882613426278,                0.0412932049169,       10.18660943598528,                0.10131248315252,  85.57871343029733,          68.58176564182972,       1.3565147946308513,               265.0945590079724,                   83.3762807198181, 4674964.689748891,0.7371832610731903, 4674965.426932151, 0.0003084977518601191
                 6.61286615e-06,               0.04882613426278,                0.0412932049169,       10.18660943598528,                0.10131248315252,  85.57871343029733,          68.58176564182972,       1.3565147946308513,               265.0945590079724,                   83.3762807198181, 4674964.689748891,0.7371832610731903, 4674965.426932151, 0.0003084977518601191
                 6.61286615e-06,               0.04882613426278,                0.0412932049169,       10.18660943598528,                0.10131248315252,  85.57871343029733,          68.58176564182972,       1.3565147946308513,               265.0945590079724,                   83.3762807198181, 4674964.689748891,0.7371832610731903, 4674965.426932151, 0.0003084977518601191
                 6.61286615e-06,               0.04882613426278,                0.0412932049169,       10.18660943598528,                0.10131248315252,  85.57871343029733,          68.58176564182972,       1.3565147946308513,               265.0945590079724,                   83.3762807198181, 4674964.689748891,0.7371832610731903, 4674965.426932151, 0.0003084977518601191
                0.0002302922548,                0.0460987956112,               0.03265194665023,       10.04461228025394,                0.10243091621805,  83.68421313338149,          66.33549058343633,       1.3757090438472241,              270.60045385037625,                  83.86644702506109, 4674964.714043252,0.7268978891084854, 4674965.440941141, 0.0003014152139064656
                0.0002302922548,                0.0460987956112,               0.03265194665023,       10.04461228025394,                0.10243091621805,  83.68421313338149,          66.33549058343633,       1.3757090438472241,              270.60045385037625,                  83.86644702506109, 4674964.714043252,0.7268978891084854, 4674965.440941141,0.00030507637905772086
                0.0002302922548,                0.0460987956112,               0.03265194665023,       10.04461228025394,                0.10243091621805,  83.68421313338149,          66.33549058343633,       1.3757090438472241,              270.60045385037625,                  83.86644702506109, 4674964.714043252,0.7268978891084854, 4674965.440941141,0.00030507637905772086
                5.784656853e-05,               0.04996530260974,               0.03761049550627,       10.02883904938163,                0.10512927079727,  82.99252500000776,          68.90151005897675,       1.3535346439208593,               265.6258138257585,                  81.14322886375594, 4674964.723304665,0.7388063574813603, 4674965.462111022,0.00030192109806992314
               0.00021810408089,               0.04648078247236,               0.04051627468572,       10.11875607883774,                0.10587791047646,  86.17258148713839,          70.14301987168554,       1.3986451579843489,              265.77944200181855,                  84.48507529326768, 4674964.751020351,0.7149776298093689, 4674965.465997981, 0.0003060510817332807
               0.00017754575529,               0.05219750918529,               0.03844716766949,       10.11191885966322,                0.10306001725178,  86.10142164262975,          67.53019664903292,       1.3665187796720208,               270.2028741955663,                  84.67653127413287, 4674964.773709588,0.7317865036878679, 4674965.505496091, 0.0003122909464514959
               0.00055575526803,               0.04698737004413,               0.04224985060157,       10.08050479252242,                0.10547979294803,   86.0298457248335,          70.96541670028516,       1.3758243371604462,               260.6076698345548,                   84.4487822446891, 4674964.774821404,0.7268369754702063,  4674965.50165838,0.00031443710267431484
               0.00040789142151,               0.04809642337247,                 0.036262994704,       10.10585940958026,                0.10742517745859,  84.51213742259299,          68.28778756626383,       1.3997364201299975,              266.33387197168855,                  87.88407931060158, 4674964.779950615,0.7144202191346333, 4674965.494370834, 0.0003138515710826015
                1.557343421e-05,               0.05184769461463,               0.03501868071287,       10.18092129479497,                0.10618653100042,  83.66324902132925,          67.43953601254091,       1.3866687847848238,              265.97269797226744,                  85.27736635267267, 4674964.784864317,0.7211527446009214, 4674965.506017061,0.00031386213078358577
                1.557343421e-05,               0.05184769461463,               0.03501868071287,       10.18092129479497,                0.10618653100042,  83.66324902132925,          67.43953601254091,       1.3866687847848238,              265.97269797226744,                  85.27736635267267, 4674964.784864317,0.7211527446009214, 4674965.506017061,0.00031463324170386594
                1.557343421e-05,               0.05184769461463,               0.03501868071287,       10.18092129479497,                0.10618653100042,  83.66324902132925,          67.43953601254091,       1.3866687847848238,              265.97269797226744,                  85.27736635267267, 4674964.784864317,0.7211527446009214, 4674965.506017061,0.00031463324170386594
               0.00020436481082,               0.05272125739068,               0.04276240747848,        10.0219212649682,                0.10710592725099,  85.27911302942888,          70.07912322809656,        1.395608507368206,              265.12884233771535,                  84.91161209077147, 4674964.784962325,0.7165333220028646, 4674965.501495647, 0.0003099524120607496
               0.00020436481082,               0.05272125739068,               0.04276240747848,        10.0219212649682,                0.10710592725099,  85.27911302942888,          70.07912322809656,        1.395608507368206,              265.12884233771535,                  84.91161209077147, 4674964.784962325,0.7165333220028646, 4674965.501495647,0.00030996760115490604
               0.00020436481082,               0.05272125739068,               0.04276240747848,        10.0219212649682,                0.10710592725099,  85.27911302942888,          70.07912322809656,        1.395608507368206,              265.12884233771535,                  84.91161209077147, 4674964.784962325,0.7165333220028646, 4674965.501495647,0.00030996760115490604
               0.00020436481082,               0.05272125739068,               0.04276240747848,        10.0219212649682,                0.10710592725099,  85.27911302942888,          70.07912322809656,        1.395608507368206,              265.12884233771535,                  84.91161209077147, 4674964.784962325,0.7165333220028646, 4674965.501495647,0.00030996760115490604
               0.00020436481082,               0.05272125739068,               0.04276240747848,        10.0219212649682,                0.10710592725099,  85.27911302942888,          70.07912322809656,        1.395608507368206,              265.12884233771535,                  84.91161209077147, 4674964.784962325,0.7165333220028646, 4674965.501495647,0.00030996760115490604
               0.00020436481082,               0.05272125739068,               0.04276240747848,        10.0219212649682,                0.10710592725099,  85.27911302942888,          70.07912322809656,        1.395608507368206,              265.12884233771535,                  84.91161209077147, 4674964.784962325,0.7165333220028646, 4674965.501495647,0.00030996760115490604
               0.00020436481082,               0.05272125739068,               0.04276240747848,        10.0219212649682,                0.10710592725099,  85.27911302942888,          70.07912322809656,        1.395608507368206,              265.12884233771535,                  84.91161209077147, 4674964.784962325,0.7165333220028646, 4674965.501495647,0.00030996760115490604
               0.00057516541339,               0.05175924595299,               0.04726121392784,       10.04466718446843,                 0.1007305855466,  86.39726107774425,           71.7630448048481,       1.3702903973809102,               265.6358130864937,                  82.90821085630765, 4674964.787511187,0.7297723182701559, 4674965.517283505,0.00029955447061384255
               0.00058031707956,               0.04983661945428,               0.03862648637456,       10.06464373147384,                0.10454380134315,  84.32157626936012,          69.22463507285894,       1.3703759107090179,              267.61203047224177,                  79.29273485647467, 4674964.804242864,0.7297267794809752,4674965.5339696435,0.00030096175069735387
                2.671876333e-05,               0.04790982726918,               0.03397577799882,       10.21560945207426,                0.10778802740971,   84.0371551536954,          67.87249065838807,       1.3979698621326768,               265.0369809948317,                  84.46152543072706, 4674964.816438314, 0.715323003082804, 4674965.531761317, 0.0003038222425674768
               0.00034157699081,               0.04640631639752,               0.03783797885409,       10.00553639690735,                0.10523244504438,  85.94142565543272,          68.91328229036833,       1.4096101523409144,               270.1789745410955,                  84.16302775847493, 4674964.837516878,0.7094160029560782, 4674965.546932881,0.00030739366226771825
               0.00026325226255,               0.05157071947901,               0.03600642704831,       10.07719309012134,                0.10134749292772,  86.69709912607773,          66.37769466388603,       1.3762597127530547,              270.08621737114925,                  83.98992688117039, 4674964.847359559,0.7266070427939877, 4674965.573966601,0.00031061644866236463
                0.0001147805274,               0.04841395304324,               0.03517011385992,       10.05762779978074,                0.10822270522099,  85.96868133288221,          68.18035444452349,        1.419179071649889,              266.67806527232204,                   84.7400779100238, 4674964.851427669,0.7046327133597272, 4674965.556060382, 0.0003112251730702299
                8.842378029e-05,               0.05554218000282,               0.03815317167615,       10.08654533162548,                0.09952695710721,  85.63460458874339,          67.61786522744183,       1.3717391597213995,              269.43476067373933,                  83.81950593812488, 4674964.852229573,0.7290015692218775, 4674965.581231142,0.00031043115586053103
                8.842378029e-05,               0.05554218000282,               0.03815317167615,       10.08654533162548,                0.09952695710721,  85.63460458874339,          67.61786522744183,       1.3717391597213995,              269.43476067373933,                  83.81950593812488, 4674964.852229573,0.7290015692218775, 4674965.581231142, 0.0003105556239556739
               0.00045202025429,               0.04910319114325,               0.02926061994555,        10.0345088266827,                0.10287069835543,  84.64905446264731,          64.29946905945906,       1.3741694983334976,                273.114715655899,                  81.02391687148209, 4674964.857775669,0.7277122663635994, 4674965.585487935,0.00030832050380432535
               0.00037882121938,               0.04982706033594,               0.04157448873097,       10.03132774095817,                0.10637414734332,  85.03982522883226,          70.02949916871158,       1.3844615762872687,               262.2714082421644,                   80.2492249324784, 4674964.874587936,0.7223024583186447, 4674965.596890395,0.00031024520385912154
               0.00010833050675,               0.05580627492041,               0.03736398986603,       10.05735368607798,                0.10068409970024,  85.92818999953928,          66.60895095504229,         1.35795540056782,              272.00957997196497,                  81.43975069458543, 4674964.879375126,0.7364012099232836, 4674965.615776336,0.00031204352642536225
               0.00014703844625,               0.04927903323983,               0.03582670640993,       10.03731536603408,                0.10944342685122,  83.31638543497041,          68.10340032957407,        1.380910192224102,              266.09355272608667,                  83.69628133665134, 4674964.900462587,0.7241600544561078, 4674965.624622642,0.00031455067398086507
               0.00014703844625,               0.04927903323983,               0.03582670640993,       10.03731536603408,                0.10944342685122,  83.31638543497041,          68.10340032957407,        1.380910192224102,              266.09355272608667,                  83.69628133665134, 4674964.900462587,0.7241600544561078, 4674965.624622642,0.00031786708878420714
               0.00014703844625,               0.04927903323983,               0.03582670640993,       10.03731536603408,                0.10944342685122,  83.31638543497041,          68.10340032957407,        1.380910192224102,              266.09355272608667,                  83.69628133665134, 4674964.900462587,0.7241600544561078, 4674965.624622642,0.00031786708878420714
               0.00014703844625,               0.04927903323983,               0.03582670640993,       10.03731536603408,                0.10944342685122,  83.31638543497041,          68.10340032957407,        1.380910192224102,              266.09355272608667,                  83.69628133665134, 4674964.900462587,0.7241600544561078, 4674965.624622642,0.00031786708878420714
               0.00014703844625,               0.04927903323983,               0.03582670640993,       10.03731536603408,                0.10944342685122,  83.31638543497041,          68.10340032957407,        1.380910192224102,              266.09355272608667,                  83.69628133665134, 4674964.900462587,0.7241600544561078, 4674965.624622642,0.00031786708878420714
               0.00014703844625,               0.04927903323983,               0.03582670640993,       10.03731536603408,                0.10944342685122,  83.31638543497041,          68.10340032957407,        1.380910192224102,              266.09355272608667,                  83.69628133665134, 4674964.900462587,0.7241600544561078, 4674965.624622642,0.00031786708878420714
               0.00047156936677,               0.05258915473604,               0.03931062673638,       10.06079249496374,                0.10659929405048,  84.50219368942595,          69.28991089618037,       1.3927115876736726,               264.5608876337494,                  87.12301867912764,   4674964.9173599,0.7180237522618436, 4674965.635383652, 0.0003110060396867531
               0.00015407386611,               0.04558000075361,               0.03544894640711,       10.03425680820634,                0.10383593865649,  85.12347437891633,          66.70090521635001,        1.381488638556143,              272.83342822857253,                  81.22404377977904,  4674964.94074371,0.7238568397096236, 4674965.664600549, 0.0003157649193354982
               0.00015407386611,               0.04558000075361,               0.03544894640711,       10.03425680820634,                0.10383593865649,  85.12347437891633,          66.70090521635001,        1.381488638556143,              272.83342822857253,                  81.22404377977904,  4674964.94074371,0.7238568397096236, 4674965.664600549,0.00031945664471228413
               0.00015407386611,               0.04558000075361,               0.03544894640711,       10.03425680820634,                0.10383593865649,  85.12347437891633,          66.70090521635001,        1.381488638556143,              272.83342822857253,                  81.22404377977904,  4674964.94074371,0.7238568397096236, 4674965.664600549,0.00031945664471228413
               0.00015407386611,               0.04558000075361,               0.03544894640711,       10.03425680820634,                0.10383593865649,  85.12347437891633,          66.70090521635001,        1.381488638556143,              272.83342822857253,                  81.22404377977904,  4674964.94074371,0.7238568397096236, 4674965.664600549,0.00031945664471228413
                  9.6572717e-05,               0.05201563960325,               0.04248008760736,       10.06972254854564,                 0.1059384946512,  84.74391904383681,          71.03793681078962,       1.3701109755476735,              265.78246565035084,                  84.40029368792217, 4674964.945324823,0.7298678850450568, 4674965.675192708,0.00031381811537597033
               0.00057721440451,                0.0535926284055,                0.0367743414378,       10.05984008458496,                0.10080508738799,  85.56119589935653,          67.65672425035592,        1.374082339619073,               269.4326816123063,                   81.1740210180367, 4674964.964546636,0.7277584255083454, 4674965.692305061, 0.0003160091125104438
               0.00057721440451,                0.0535926284055,                0.0367743414378,       10.05984008458496,                0.10080508738799,  85.56119589935653,          67.65672425035592,        1.374082339619073,               269.4326816123063,                   81.1740210180367, 4674964.964546636,0.7277584255083454, 4674965.692305061,0.00031904615287745356
               0.00045214053594,               0.05126652213021,               0.04117004111194,       10.02008849141531,                0.10459630512879,  84.51840504798601,          69.54274399103923,       1.3658861715681816,               268.7150374055025,                  80.49594077652851, 4674964.966588886,0.7321254294945342, 4674965.698714316, 0.0003161944383154077
               0.00045214053594,               0.05126652213021,               0.04117004111194,       10.02008849141531,                0.10459630512879,  84.51840504798601,          69.54274399103923,       1.3658861715681816,               268.7150374055025,                  80.49594077652851, 4674964.966588886,0.7321254294945342, 4674965.698714316,0.00031651731230005847
               0.00045214053594,               0.05126652213021,               0.04117004111194,       10.02008849141531,                0.10459630512879,  84.51840504798601,          69.54274399103923,       1.3658861715681816,               268.7150374055025,                  80.49594077652851, 4674964.966588886,0.7321254294945342, 4674965.698714316,0.00031651731230005847
               0.00045214053594,               0.05126652213021,               0.04117004111194,       10.02008849141531,                0.10459630512879,  84.51840504798601,          69.54274399103923,       1.3658861715681816,               268.7150374055025,                  80.49594077652851, 4674964.966588886,0.7321254294945342, 4674965.698714316,0.00031651731230005847
               0.00025159097937,               0.05312747365633,               0.03470731482994,       10.06735686747034,                0.10538085397468,  85.02977040579526,          67.09828086907427,       1.4035016254769117,              267.82201194257306,                  86.17308178738762, 4674964.967630553,0.7125036279599596, 4674965.680134181, 0.0003103801165464797
               0.00049647226993,                0.0459123787584,               0.03861338846834,       10.04895950542719,                0.10600397744049,  84.96593327443512,          69.97505690493523,       1.4111062767909153,               266.1522658942423,                  84.56980810754018, 4674964.971537115,0.7086638451316101,4674965.6802009605,0.00030960152696441953
               0.00049647226993,                0.0459123787584,               0.03861338846834,       10.04895950542719,                0.10600397744049,  84.96593327443512,          69.97505690493523,       1.4111062767909153,               266.1522658942423,                  84.56980810754018, 4674964.971537115,0.7086638451316101,4674965.6802009605, 0.0003102062649241397
               0.00049647226993,                0.0459123787584,               0.03861338846834,       10.04895950542719,                0.10600397744049,  84.96593327443512,          69.97505690493523,       1.4111062767909153,               266.1522658942423,                  84.56980810754018, 4674964.971537115,0.7086638451316101,4674965.6802009605, 0.0003102062649241397
                3.507307972e-05,               0.05657223110582,               0.03902920597527,       10.01211879599028,                 0.1011122942382,  84.74252889493333,          67.57528617338146,       1.3325749359078267,              265.62356402646964,                  83.18845223149751, 4674964.991903653,0.7504268413383766, 4674965.742330494,0.00030871999073072093
               0.00032964424224,               0.04961374822073,               0.04245121924848,       10.00439058391985,                0.10654951352352,  84.86469484903733,          70.30549683125301,       1.4063257213481235,              265.98641396958624,                   85.0563562989102,4674965.0184125155,0.7110728224762796, 4674965.729485338,0.00031448011127478253
               0.00032874231283,               0.04784769149847,                0.0389550042163,       10.05452197555867,                0.10705572838838,  85.09441164671746,          68.62052551011696,       1.3911606458692907,               268.7642307033578,                   80.6971876040539, 4674965.033414532,0.7188242443237983, 4674965.752238777,0.00031945902783382354
               0.00032874231283,               0.04784769149847,                0.0389550042163,       10.05452197555867,                0.10705572838838,  85.09441164671746,          68.62052551011696,       1.3911606458692907,               268.7642307033578,                   80.6971876040539, 4674965.033414532,0.7188242443237983, 4674965.752238777,0.00032185524785958855
               0.00023534335423,                0.0505862127137,               0.03532951857601,       10.08917664964763,                0.10029710616347,  85.64735628457026,          66.02130374652873,       1.3597986861733067,              269.41750676547224,                  79.77932597851228,4674965.0622342685,0.7354029755788054, 4674965.797637244,0.00032331125833149883
               0.00080836567894,               0.04979304370994,               0.03161920215856,       10.01365997863719,                0.10515988650115,   83.8965519651234,          66.78802416017795,       1.3680119656800798,               269.6864222904254,                  79.12281666016253, 4674965.066678257, 0.730987758212239, 4674965.797666015,   0.00032706485303037
               0.00020422084584,               0.04754051714469,               0.04081079914049,       10.10760751240983,                0.10328309890168,  85.44848515720625,          70.35532785132841,       1.3872894995954124,               260.2265579380743,                  85.81542563629827, 4674965.066888214,0.7208300792960942, 4674965.787718293, 0.0003261950275117491
               0.00020422084584,               0.04754051714469,               0.04081079914049,       10.10760751240983,                0.10328309890168,  85.44848515720625,          70.35532785132841,       1.3872894995954124,               260.2265579380743,                  85.81542563629827, 4674965.066888214,0.7208300792960942, 4674965.787718293, 0.0003262292710098938
                7.800889617e-05,                0.0519633443568,               0.03218828635347,       10.05351397938287,                0.10337369800906,   84.2559535468007,          66.35708748426154,        1.368934898871504,               267.6829943854949,                   86.3789680585225, 4674965.075357251,0.7304949277166947,4674965.8058521785,0.00032435669465187013
               0.00019785280756,                0.0448589762934,                0.0329207021395,       10.07349429004547,                 0.1092842251157,  84.61972699794885,          67.91897793773786,       1.4137083694012436,              267.64857880381726,                    83.931323304131,4674965.0816104505,0.7073594679385933, 4674965.788969918,0.00032512616873560526
               0.00068520754903,               0.05094449213037,               0.03887555422043,       10.05705663602711,                0.10277436623017,   85.0775565622869,          67.35172181918105,       1.3907908347379345,               271.2703740006971,                   81.3319003156988, 4674965.103352768,0.7190153796120098, 4674965.822368148, 0.0003280866458528273
                0.0004826248589,               0.05132226152776,               0.03777961991835,       10.01345834621434,                0.10500353247394,  84.91684336898196,          67.38045255913737,       1.4147854084222138,               270.4365399611128,                   85.6136157147805, 4674965.108323942,0.7068209737300106, 4674965.815144916,0.00033082546522489054
                0.0004826248589,               0.05132226152776,               0.03777961991835,       10.01345834621434,                0.10500353247394,  84.91684336898196,          67.38045255913737,       1.4147854084222138,               270.4365399611128,                   85.6136157147805, 4674965.108323942,0.7068209737300106, 4674965.815144916, 0.0003316477590511577
               0.00050993245596,               0.05262793837265,               0.03850292497475,       10.01125157433136,                0.10819504224569,   85.5288488673742,          68.75195124402421,       1.3952361273730622,                265.912282308916,                  83.04654414773539, 4674965.120895558,0.7167245603672769, 4674965.837620119, 0.0003304247405950151
               0.00034122766065,               0.04888756321654,               0.03719481371928,       10.09491063417109,                0.10422619777367,  83.76387483538178,          69.27326864680045,       1.3760133981194682,              267.42284186616234,                  81.75236613831581, 4674965.160550316,0.7267371098033292, 4674965.887287426, 0.0003375391011466856
                0.0002407618268,               0.05572632241278,               0.04341212439981,       10.00273446958769,                0.10004038396085,  86.18682899469373,          68.95927349426118,       1.3376212142667838,               266.5735047999352,                  79.13797657452652, 4674965.171341389,0.7475957986717109, 4674965.918937188,0.00034437622599248647
               0.00045187163275,               0.04889116674779,               0.03968667141818,        10.0123668065216,                0.10458693653704,   85.0998368452645,          68.76531721081473,        1.386187322706745,              269.47121441540975,                  79.32085436190349, 4674965.189465001,0.7214032213534788, 4674965.910868223, 0.0003476621039063625
               0.00055608682134,               0.05200181851503,               0.04851707467887,       10.02900145098935,                0.10354082159853,  86.08236677865314,          71.97920999354668,       1.3572245948563766,               264.1779640011414,                  81.43435404246915,   4674965.2017722, 0.736797729565033, 4674965.938569929,0.00035122842015282874
               0.00093509550302,               0.04915421855037,               0.03913907493474,       10.01646894415533,                0.09893306585236,  85.82926887175475,          67.23329530130738,       1.3695620194304825,              269.29598338052574,                  82.18730795692039, 4674965.219319222,0.7301604350972285, 4674965.949479656,0.00035474382300458503
                0.0001481220637,               0.04770297999201,                0.0400482805355,       10.10706259007757,                0.10497388545198,  84.12977676856845,           69.6832692505381,       1.3861327526502882,                265.911297570791,                  85.66542755680395, 4674965.223692935,0.7214316219626138, 4674965.945124557, 0.0003568561053543773
               0.00025931187874,               0.05028470263134,                0.0363756597334,       10.10660036198579,                0.10648146330425,  84.35462110627724,          67.56316258466576,       1.3977029191856998,               268.8473675259854,                    81.110511159453, 4674965.228611141, 0.715459620405314, 4674965.944070762, 0.0003567344564281719
               0.00051099090619,               0.05049015483518,               0.03889813000352,          10.00010684261,                0.10336315631463,  86.24513286727898,          69.07242518345416,       1.3495066030971945,               267.1650014425517,                  80.37453534842538, 4674965.242907606,0.7410115650452862, 4674965.983919171, 0.0003583943811856869
               0.00051099090619,               0.05049015483518,               0.03889813000352,          10.00010684261,                0.10336315631463,  86.24513286727898,          69.07242518345416,       1.3495066030971945,               267.1650014425517,                  80.37453534842538, 4674965.242907606,0.7410115650452862, 4674965.983919171,0.00036095622397499204
               0.00051099090619,               0.05049015483518,               0.03889813000352,          10.00010684261,                0.10336315631463,  86.24513286727898,          69.07242518345416,       1.3495066030971945,               267.1650014425517,                  80.37453534842538, 4674965.242907606,0.7410115650452862, 4674965.983919171,0.00036095622397499204
               0.00051099090619,               0.05049015483518,               0.03889813000352,          10.00010684261,                0.10336315631463,  86.24513286727898,          69.07242518345416,       1.3495066030971945,               267.1650014425517,                  80.37453534842538, 4674965.242907606,0.7410115650452862, 4674965.983919171,0.00036095622397499204
               0.00051099090619,               0.05049015483518,               0.03889813000352,          10.00010684261,                0.10336315631463,  86.24513286727898,          69.07242518345416,       1.3495066030971945,               267.1650014425517,                  80.37453534842538, 4674965.242907606,0.7410115650452862, 4674965.983919171,0.00036095622397499204
               0.00051099090619,               0.05049015483518,               0.03889813000352,          10.00010684261,                0.10336315631463,  86.24513286727898,          69.07242518345416,       1.3495066030971945,               267.1650014425517,                  80.37453534842538, 4674965.242907606,0.7410115650452862, 4674965.983919171,0.00036095622397499204
                3.863216429e-05,               0.04672980161171,               0.03399624998039,       10.04913126040311,                0.10358444434077,    84.814577051381,           65.8673162999028,       1.3633062215070304,              271.04171988930193,                  79.89499032025074, 4674965.251250316,0.7335109194283415, 4674965.984761236,0.00035164825260004784
                0.0004193277045,               0.05188683283314,               0.03450211398662,       10.16221305601369,                0.10540639386754,  84.02921329960321,          67.56999690267449,       1.3800890927617806,               268.4421572494331,                  81.86759041728955, 4674965.255861796,0.7245909015908812, 4674965.980452698, 0.0003521703141881928
               0.00038238917946,               0.04995914063308,               0.04340995749312,       10.12796919344367,                0.10367875448772,  84.71285787809985,          70.72367223714363,        1.370402375597553,              261.64702956618663,                  81.61697502492487, 4674965.268348242,0.7297126871689478,  4674965.99806093,0.00035343272531240664
                8.136868797e-05,               0.05250483042165,               0.04573303187614,       10.05840688547521,                0.10506897613178,  86.06515454776431,          70.81713070808928,       1.3511822982784916,               261.3299883082387,                  80.26901835120105, 4674965.271229895,  0.74009258504502,  4674966.01132248,0.00035438050689985727
                7.068227336e-05,               0.05311896915663,               0.04216354892365,       10.07013178413243,                 0.1025416379907,  84.97782611924944,          68.85226952653629,       1.3625809290719428,               266.8063553336664,                  86.58975528068417, 4674965.283814482,0.7339013622340234, 4674966.017715844, 0.0003553614892218766
               0.00038991617874,               0.05362391103542,               0.04148699415683,       10.09886211413833,                0.10033178821991,  84.57560402621112,          68.42611134451735,       1.3585894573731696,               267.4985274300824,                  82.29608747227343, 4674965.312734281,0.7360575297952763, 4674966.048791811, 0.0003610386248067186
                 5.85031817e-06,               0.04908313448692,               0.04136293104558,       10.01728304140176,                0.10547743868439,  84.23225951232075,           69.7375101013955,       1.3577228733355042,              263.22426190281215,                   85.4541538536599, 4674965.348770728, 0.736527327954128, 4674966.085298057, 0.0003711229124350154
                 5.85031817e-06,               0.04908313448692,               0.04136293104558,       10.01728304140176,                0.10547743868439,  84.23225951232075,           69.7375101013955,       1.3577228733355042,              263.22426190281215,                   85.4541538536599, 4674965.348770728, 0.736527327954128, 4674966.085298057, 0.0003778091644439745
                 5.85031817e-06,               0.04908313448692,               0.04136293104558,       10.01728304140176,                0.10547743868439,  84.23225951232075,           69.7375101013955,       1.3577228733355042,              263.22426190281215,                   85.4541538536599, 4674965.348770728, 0.736527327954128, 4674966.085298057, 0.0003778091644439745
               0.00019615734074,               0.05513611363072,               0.03787550246441,        10.0173861367889,                0.10512882522796,  84.70156524476565,          67.41641636475846,        1.342208542387942,              266.59574997278634,                  80.47080268170795, 4674965.365410456,0.7450407059851415, 4674966.110451163,0.00037529253250558466
                0.0002218873401,               0.04532685973232,               0.03938807664004,       10.08520885159378,                0.10414474155767,   85.7247135082811,          68.95207537082914,       1.4116044566832608,              266.61859783382886,                  86.45615904429692, 4674965.406811006,0.7084137452708413, 4674966.115224752,0.00038449009623158745
                0.0008678886402,               0.04897492743151,               0.03356875739268,       10.01147699868773,                0.10808955420846,  84.22898248116557,          67.53650437099733,       1.3852404039668496,               270.8046425010026,                  83.54740139908601, 4674965.433899779,0.7218963561388664, 4674966.155796135, 0.0003958568428860983
                3.120673857e-05,               0.05390635276688,               0.03733480202895,       10.17163336073025,                0.10160283773821,  84.68508415235144,          67.21789224621259,       1.3760555421904908,               270.7047086829873,                  84.29085854961158,4674965.4464515485,0.7267148522276491, 4674966.173166401, 0.0004017433042766536
                3.120673857e-05,               0.05390635276688,               0.03733480202895,       10.17163336073025,                0.10160283773821,  84.68508415235144,          67.21789224621259,       1.3760555421904908,               270.7047086829873,                  84.29085854961158,4674965.4464515485,0.7267148522276491, 4674966.173166401,  0.000404264566044759
                3.120673857e-05,               0.05390635276688,               0.03733480202895,       10.17163336073025,                0.10160283773821,  84.68508415235144,          67.21789224621259,       1.3760555421904908,               270.7047086829873,                  84.29085854961158,4674965.4464515485,0.7267148522276491, 4674966.173166401,  0.000404264566044759
                3.120673857e-05,               0.05390635276688,               0.03733480202895,       10.17163336073025,                0.10160283773821,  84.68508415235144,          67.21789224621259,       1.3760555421904908,               270.7047086829873,                  84.29085854961158,4674965.4464515485,0.7267148522276491, 4674966.173166401,  0.000404264566044759
                3.120673857e-05,               0.05390635276688,               0.03733480202895,       10.17163336073025,                0.10160283773821,  84.68508415235144,          67.21789224621259,       1.3760555421904908,               270.7047086829873,                  84.29085854961158,4674965.4464515485,0.7267148522276491, 4674966.173166401,  0.000404264566044759
                3.120673857e-05,               0.05390635276688,               0.03733480202895,       10.17163336073025,                0.10160283773821,  84.68508415235144,          67.21789224621259,       1.3760555421904908,               270.7047086829873,                  84.29085854961158,4674965.4464515485,0.7267148522276491, 4674966.173166401,  0.000404264566044759
                1.337336072e-05,               0.04779400193154,               0.03518901568674,       10.03195809581084,                0.10412753481053,  83.70179819295356,          67.85192734809705,       1.3664971914519835,               270.4527715066901,                  80.66115685396363, 4674965.464271044,0.7317980646103205, 4674966.196069109,0.00039572266296530146
                1.337336072e-05,               0.04779400193154,               0.03518901568674,       10.03195809581084,                0.10412753481053,  83.70179819295356,          67.85192734809705,       1.3664971914519835,               270.4527715066901,                  80.66115685396363, 4674965.464271044,0.7317980646103205, 4674966.196069109, 0.0003992483589204358
               0.00034355067157,               0.04962927947638,                0.0416312411537,        10.0362510685842,                0.10234126225681,  84.90831365740682,           71.2550596020657,        1.358663695562157,               261.6533056627317,                  82.52795014998784, 4674965.471957313,0.7360173111759218, 4674966.207974624, 0.0003968006890042503
                 1.30392194e-05,               0.04995702837729,               0.04270005140676,       10.17950347180251,                 0.1028053578244,  85.20397008960931,          70.18210653001157,       1.3683955840306314,              262.18394594775725,                  86.21138495766664, 4674965.478552331,0.7307828318580828, 4674966.209335163, 0.0003976551871353527
                 1.30392194e-05,               0.04995702837729,               0.04270005140676,       10.17950347180251,                 0.1028053578244,  85.20397008960931,          70.18210653001157,       1.3683955840306314,              262.18394594775725,                  86.21138495766664, 4674965.478552331,0.7307828318580828, 4674966.209335163,0.00039896645407569306
               0.00052885742269,                0.0502239780554,               0.03731233611254,       10.02606662677444,                0.10743520806626,  85.01196654357062,          67.61927690456963,       1.3903701541187234,               267.6449235829741,                  80.90497294421682, 4674965.502625764, 0.719232930193214, 4674966.221858694,0.00039980879108373913
               0.00087971119029,               0.05264370372196,               0.03127729536943,       10.01169381646245,                0.10193317705169,  84.62885412589715,          65.09952260438125,       1.3886658149557238,              274.13405459498154,                  81.75391185516159,4674965.5048073325,0.7201156601034958, 4674966.224922992,0.00040304754193361893
               0.00087971119029,               0.05264370372196,               0.03127729536943,       10.01169381646245,                0.10193317705169,  84.62885412589715,          65.09952260438125,       1.3886658149557238,              274.13405459498154,                  81.75391185516159,4674965.5048073325,0.7201156601034958, 4674966.224922992, 0.0004034871797091622
               0.00087971119029,               0.05264370372196,               0.03127729536943,       10.01169381646245,                0.10193317705169,  84.62885412589715,          65.09952260438125,       1.3886658149557238,              274.13405459498154,                  81.75391185516159,4674965.5048073325,0.7201156601034958, 4674966.224922992, 0.0004034871797091622
               0.00087971119029,               0.05264370372196,               0.03127729536943,       10.01169381646245,                0.10193317705169,  84.62885412589715,          65.09952260438125,       1.3886658149557238,              274.13405459498154,                  81.75391185516159,4674965.5048073325,0.7201156601034958, 4674966.224922992, 0.0004034871797091622
               0.00022697590706,               0.04765692479065,               0.03756328279221,       10.09412553934633,                0.10719641355412,  83.88564406561112,          68.83095253361138,       1.3932779107290614,              263.88167218793376,                  85.19005645417359, 4674965.517473756,0.7177318984959213, 4674966.235205655,0.00039797802956302955
               0.00052367375974,               0.05308408102154,               0.03625630872055,        10.1099357638768,                0.09974535505419,  84.87806043660505,          67.04352317281742,       1.3728375273539606,              270.07714503739794,                  82.39223120422628, 4674965.533699113,0.7284183161334638, 4674966.262117429,0.00040176526651259975
               0.00058741909676,               0.04990427155114,               0.03432140969246,       10.08259232852471,                0.10422373423441,   85.7940790919947,          65.90947666654692,       1.3981390976496213,              273.48902966828183,                  82.81214814183721, 4674965.555226311,0.7152364179508867, 4674966.270462729,0.00040739440012508025
               0.00058741909676,               0.04990427155114,               0.03432140969246,       10.08259232852471,                0.10422373423441,   85.7940790919947,          65.90947666654692,       1.3981390976496213,              273.48902966828183,                  82.81214814183721, 4674965.555226311,0.7152364179508867, 4674966.270462729, 0.0004117792609741594
               0.00090142393922,                0.0523493133391,               0.04278320720362,       10.01192071659268,                0.10209615842569,  86.72812136476038,          70.22307104597819,       1.3694330764642022,              264.30732796144423,                  83.31422422936001, 4674965.575280902,0.7302291854830487, 4674966.305510088, 0.0004118111685868615
               0.00036386842124,               0.04772778301761,               0.03706499134106,       10.08133190350487,                0.10079213417283,  84.40645692591747,          68.02565364150561,       1.3682441509197025,              265.80436102733125,                   82.3536320864775, 4674965.587542384,0.7308637126844817, 4674966.318406097, 0.0004164239830564699
               0.00010101653817,               0.04554429491076,               0.02959355816325,       10.04512473950698,                 0.1066738216646,  83.71064304829613,          65.69910665480535,       1.4083595272118479,               267.1194310900721,                  83.34987459187973, 4674965.593732074,0.7100459653081029, 4674966.303778039,0.00041818669510768145
               0.00010101653817,               0.04554429491076,               0.02959355816325,       10.04512473950698,                 0.1066738216646,  83.71064304829613,          65.69910665480535,       1.4083595272118479,               267.1194310900721,                  83.34987459187973, 4674965.593732074,0.7100459653081029, 4674966.303778039, 0.0004194809138457439
               0.00056175400253,               0.04722860885434,               0.03717841157912,       10.00120027328409,                0.10736389084402,  85.14159055231127,          67.33021960267558,        1.383919545146808,               267.7898463822261,                  84.53850301017528, 4674965.606087221, 0.722585358019435, 4674966.328672579, 0.0004178884781696437
               0.00056175400253,               0.04722860885434,               0.03717841157912,       10.00120027328409,                0.10736389084402,  85.14159055231127,          67.33021960267558,        1.383919545146808,               267.7898463822261,                  84.53850301017528, 4674965.606087221, 0.722585358019435, 4674966.328672579, 0.0004204699821674285
                1.544607724e-05,               0.04892380367799,               0.03778336367789,       10.06573289065822,                0.10688302595947,  85.01413317464272,          67.60051341539568,       1.3839648747993647,              270.17610807204176,                  84.73858819133171, 4674965.614201048,0.7225616908413022, 4674966.336762739, 0.0004179819087553843
                1.544607724e-05,               0.04892380367799,               0.03778336367789,       10.06573289065822,                0.10688302595947,  85.01413317464272,          67.60051341539568,       1.3839648747993647,              270.17610807204176,                  84.73858819133171, 4674965.614201048,0.7225616908413022, 4674966.336762739,0.00041967761605312916
                1.544607724e-05,               0.04892380367799,               0.03778336367789,       10.06573289065822,                0.10688302595947,  85.01413317464272,          67.60051341539568,       1.3839648747993647,              270.17610807204176,                  84.73858819133171, 4674965.614201048,0.7225616908413022, 4674966.336762739,0.00041967761605312916
               0.00016954529347,               0.05347213977796,               0.03766129397351,       10.10269368448392,                0.10312015142695,  85.23370882590471,          67.94918107046973,       1.3723358814970341,              265.85909840214305,                  87.04714588859382, 4674965.622217443,0.7286845833318403,4674966.3509020265,0.00041507747439993516
               0.00014634050561,               0.04974065814593,               0.03999354874617,       10.22711694361963,                0.10576955467717,  84.54049042478222,          69.94411214363402,         1.38170652287726,               262.5394946094276,                  84.07231615465909, 4674965.627648641,0.7237426931426828, 4674966.351391334, 0.0004157969740247639
                0.0004944820666,                0.0474195624893,               0.04156862705168,        10.0120419414155,                0.10266940369915,   84.9191987269201,          70.36907641824396,       1.3902776562349672,                265.220911400378,                   87.0950670933117, 4674965.629964018, 0.719280782162691,   4674966.3492448,0.00041533267539154415
                0.0004944820666,                0.0474195624893,               0.04156862705168,        10.0120419414155,                0.10266940369915,   84.9191987269201,          70.36907641824396,       1.3902776562349672,                265.220911400378,                   87.0950670933117, 4674965.629964018, 0.719280782162691,   4674966.3492448,0.00041581350102923385
                0.0004944820666,                0.0474195624893,               0.04156862705168,        10.0120419414155,                0.10266940369915,   84.9191987269201,          70.36907641824396,       1.3902776562349672,                265.220911400378,                   87.0950670933117, 4674965.629964018, 0.719280782162691,   4674966.3492448,0.00041581350102923385
               0.00016995883703,               0.05145128741014,               0.04093111659349,       10.20130958138055,                   0.10263224829,  85.12141972947703,          68.33966768614366,       1.3848168924843762,               267.0388774367311,                  83.26190746237249, 4674965.634868128, 0.722117130017088, 4674966.356985258,0.00041061417585500656
               0.00065463696828,               0.05018642963364,               0.03412738416899,        10.0462653048854,                0.10716126461643,  84.84211669127674,           67.3317519240215,       1.3712532499867012,              270.28633773556606,                  80.99229493711073, 4674965.699839077,0.7292598941951083, 4674966.429098971,0.00042332007459080535
               0.00015703400683,               0.05207902614622,               0.04076681434925,       10.05450332429255,                0.10123057195242,  85.50015509858193,          67.60241721859447,       1.3602136377021135,              269.32577392252153,                  78.63897258695992, 4674965.725305146,0.7351786309754673, 4674966.460483776,  0.000440501142964772
                6.467589799e-05,                0.0466324563048,                0.0332910777568,       10.02741818800704,                0.10247472915001,  83.49139760577718,          67.97624869528349,       1.3756023096919758,              267.94348162259917,                  80.91548743727286, 4674965.734302371,0.7269542897350322,4674966.4612566605,0.00044589620511674774
               0.00038711874983,               0.04612494567863,                0.0353006531991,       10.01316535063103,                0.10716364017068,  84.99999558256107,          68.45019989428525,       1.3942998223622314,              269.84328569638956,                   81.1864778165601, 4674965.748875723,0.7172058577084187, 4674966.466081581,0.00044894499613537205
               0.00038711874983,               0.04612494567863,                0.0353006531991,       10.01316535063103,                0.10716364017068,  84.99999558256107,          68.45019989428525,       1.3942998223622314,              269.84328569638956,                   81.1864778165601, 4674965.748875723,0.7172058577084187, 4674966.466081581,0.00045221625516864145
               0.00030908862283,               0.05109127296787,               0.04506593738481,       10.03741037567882,                0.10121303232152,  85.67557362972552,          71.93755441383946,        1.358121229451833,               263.5808042026355,                  81.97699952255869, 4674965.766666234,0.7363112940982607, 4674966.502977528,0.00045173478133867136
               0.00053594178383,               0.04877000347733,               0.03904043235428,       10.02712729635374,                0.10846856890626,    85.700609674814,          68.56762396440635,        1.396756488629522,               264.9889526498612,                  84.32968870205303,4674965.7710645385,0.7159444098814862, 4674966.487008949, 0.0004544850238826271
               0.00013548457001,               0.05362869647951,               0.03702366132073,       10.02930585483042,                 0.1062559509918,  85.27022248885845,          67.24561114228564,        1.393216677388589,              268.08232451654584,                  86.12430255907016, 4674965.793453686,0.7177634435688606, 4674966.511217129,0.00045834922187546823
               0.00032466970036,               0.04850815102715,               0.03593724021837,       10.05013194974312,                0.10405236450573,  84.75431111992647,          68.98793352270611,       1.3946983458116997,               264.5044206339478,                  87.49568150239892, 4674965.827996392,0.7170009221011949, 4674966.544997314, 0.0004692784284076733
                 6.22845136e-06,               0.04742474354866,                0.0351136566801,       10.05283233562915,                 0.0996724331995,   84.5555663919184,          67.49408297221208,        1.381852518670637,               269.3963375480664,                  83.37951950415363, 4674965.846407904,0.7236662281167423, 4674966.570074133,0.00047942096547803534
                3.138544293e-05,               0.04951862737566,               0.03497713928415,       10.13490660460127,                0.10582327700288,  85.68847930280174,          66.42337793396416,       1.3961105052052192,               267.4096520054008,                  83.09585747164289, 4674965.847785816,0.7162756789463499, 4674966.564061495,0.00048175904826983817
                1.346691625e-05,               0.05264905408508,               0.04368700833531,        10.0536879481553,                0.10712553591888,  85.52535949570195,          71.81353939019992,       1.3677076671241126,               260.0953690389334,                  84.61253951178206, 4674965.859667818,0.7311503942232818, 4674966.590818212,0.00048255934819148994
                9.249454954e-05,               0.04885653775326,               0.04110216925631,       10.12616266852701,                0.10200702913617,  84.14538763678694,           69.5027396439323,       1.3803317975071978,              263.92464520232267,                  83.03460494515875, 4674965.873048453, 0.724463496244848, 4674966.597511949,0.00048626435900070295
                3.707714594e-05,                0.0525678212448,               0.03740045436065,       10.08933576049898,                0.10214853556654,  84.45363685314005,          66.88229470058171,       1.3475853067656505,              265.58446436289006,                  81.84752432777648, 4674965.878519507,0.7420680494061689, 4674966.620587557, 0.0004884182402538221
                3.656934792e-05,                 0.050724432623,               0.03548958578769,       10.12038396291127,                0.10210670028114,  84.61664319040324,          67.84532806535279,       1.3977853322546834,               270.3395729451656,                  82.11632485760767, 4674965.883156471,0.7154174370873961, 4674966.598573908, 0.0004884501908043652
               0.00056670856732,               0.05263950950212,                0.0388895613466,       10.03070623666744,                0.10344640289043,  84.81584494092448,          67.75134724072846,       1.4020959257900807,               269.3258454964242,                  86.72310911786543, 4674965.902964562,0.7132179629125591, 4674966.616182525, 0.0004920197437461689
               0.00038598569679,               0.04867002262721,               0.03685437032576,       10.10482535098748,                0.10030043128316,   84.5222620463577,          67.29603277391104,       1.3699226024354827,               270.0691315047052,                  81.57377907436589, 4674965.940223769,0.7299682465433995, 4674966.670192016, 0.0005038050713915588
                4.991096333e-05,               0.04640357050482,               0.03681481796643,       10.04701166905657,                0.10719170581169,  85.99438157131972,          68.71592611693713,       1.4004834869377691,               268.6349226833934,                  83.09847546570086,  4674965.97858276,0.7140391224366042, 4674966.692621883, 0.0005206205066101585
                4.991096333e-05,               0.04640357050482,               0.03681481796643,       10.04701166905657,                0.10719170581169,  85.99438157131972,          68.71592611693713,       1.4004834869377691,               268.6349226833934,                  83.09847546570086,  4674965.97858276,0.7140391224366042, 4674966.692621883, 0.0005306045210935861
                4.991096333e-05,               0.04640357050482,               0.03681481796643,       10.04701166905657,                0.10719170581169,  85.99438157131972,          68.71592611693713,       1.4004834869377691,               268.6349226833934,                  83.09847546570086,  4674965.97858276,0.7140391224366042, 4674966.692621883, 0.0005306045210935861
                4.991096333e-05,               0.04640357050482,               0.03681481796643,       10.04701166905657,                0.10719170581169,  85.99438157131972,          68.71592611693713,       1.4004834869377691,               268.6349226833934,                  83.09847546570086,  4674965.97858276,0.7140391224366042, 4674966.692621883, 0.0005306045210935861
               0.00020364268987,               0.04681715944118,               0.03227329656633,       10.10221686741964,                  0.106904013898,   83.4518302248612,          67.00526352190947,       1.3973343301943875,               267.5304395249146,                  81.85043233310196, 4674965.978875066,0.7156483444165341, 4674966.694523411, 0.0005201212443688707
               0.00020364268987,               0.04681715944118,               0.03227329656633,       10.10221686741964,                  0.106904013898,   83.4518302248612,          67.00526352190947,       1.3973343301943875,               267.5304395249146,                  81.85043233310196, 4674965.978875066,0.7156483444165341, 4674966.694523411, 0.0005201972615900021
               0.00020364268987,               0.04681715944118,               0.03227329656633,       10.10221686741964,                  0.106904013898,   83.4518302248612,          67.00526352190947,       1.3973343301943875,               267.5304395249146,                  81.85043233310196, 4674965.978875066,0.7156483444165341, 4674966.694523411, 0.0005201972615900021
               0.00020364268987,               0.04681715944118,               0.03227329656633,       10.10221686741964,                  0.106904013898,   83.4518302248612,          67.00526352190947,       1.3973343301943875,               267.5304395249146,                  81.85043233310196, 4674965.978875066,0.7156483444165341, 4674966.694523411, 0.0005201972615900021
               0.00024652577841,               0.05498797694251,               0.03875192687643,       10.12260241370737,                0.10218799331605,  85.39833038890211,          68.12175114787578,       1.3558421199618065,               266.9405155503274,                  83.95613833415167, 4674965.983810465,0.7375490001949265, 4674966.721359465, 0.0005111063313168835
               0.00028614881575,               0.05021165799029,               0.03895977960854,        10.1893678241294,                0.10151036558918,  85.15686440561178,          69.00219459695346,       1.3763267741602647,               265.2066312211907,                  84.56047120102963, 4674965.986427184,0.7265716389264663, 4674966.712998823, 0.0005104863923350415
                3.502666602e-05,               0.05210398429472,               0.03807498788558,       10.04498776356274,                0.10642231950575,  84.61145931959406,          67.91149146347857,       1.3946216330478909,              270.11815582611695,                  86.09520599835926,   4674965.9969537,0.7170403615599589, 4674966.713994062,  0.000511302326761284
               0.00052258195447,               0.04637779542001,               0.03356804486239,       10.05028014195091,                0.10778631756285,  84.37847121025939,          67.67638603836151,       1.4044929546671496,               269.6743912486229,                  84.13027486059428, 4674966.039393894,0.7120007235899518, 4674966.751394618, 0.0005225225522793738
               0.00010209307668,               0.04706435416869,               0.03478881380606,       10.09456708929616,                0.10588541430964,  85.58538232436342,          66.27600379195962,       1.3825261455210318,               270.3747589518842,                  81.48723135915279, 4674966.060552583,0.7233136264653647,  4674966.78386621, 0.0005366310902343585
                2.125854854e-05,               0.05306953941127,               0.03399789075613,       10.12956985175105,                0.10180250118845,   84.5880626735756,          66.03038690942299,       1.3597136029917198,               271.1361302696783,                  80.59811859820762,  4674966.06347476,0.7354489929347935, 4674966.798923753,  0.000540399604612193
               0.00020277709874,               0.05284307518671,               0.04222858632245,       10.08209443120476,                0.10039680997492,   86.1806108469021,          69.19737050440222,       1.3577639862748492,               264.5503336600175,                  84.85379761667909,4674966.0636688415,0.7365050259902624,4674966.8001738675, 0.0005385489536424151
               0.00020277709874,               0.05284307518671,               0.04222858632245,       10.08209443120476,                0.10039680997492,   86.1806108469021,          69.19737050440222,       1.3577639862748492,               264.5503336600175,                  84.85379761667909,4674966.0636688415,0.7365050259902624,4674966.8001738675, 0.0005386012145074448
               0.00020277709874,               0.05284307518671,               0.04222858632245,       10.08209443120476,                0.10039680997492,   86.1806108469021,          69.19737050440222,       1.3577639862748492,               264.5503336600175,                  84.85379761667909,4674966.0636688415,0.7365050259902624,4674966.8001738675, 0.0005386012145074448
               0.00020277709874,               0.05284307518671,               0.04222858632245,       10.08209443120476,                0.10039680997492,   86.1806108469021,          69.19737050440222,       1.3577639862748492,               264.5503336600175,                  84.85379761667909,4674966.0636688415,0.7365050259902624,4674966.8001738675, 0.0005386012145074448
               0.00021635057715,               0.05166410825789,               0.04074207253205,       10.13306833358222,                0.10122026852437,   85.6182998248013,          68.30802374770187,        1.376271827059974,               264.9078662094659,                  86.54121036185309, 4674966.078593341,0.7266006470075208, 4674966.805193988, 0.0005318515174763859
                3.195666733e-05,               0.05556696229966,               0.03812470006541,       10.13492677552334,                0.10141752665453,  85.30874147201618,          67.84265342758437,        1.365655478714715,              268.33305867540275,                   83.8395926592452, 4674966.079542445, 0.732249103515587,4674966.8117915485, 0.0005334076096426692
                 2.64869395e-05,               0.04882729516723,               0.04169485133206,       10.15068900836831,                0.10263487018965,  85.22982114583608,          69.02509439271356,       1.3580718532282214,              263.54352015744394,                  83.45485466610947,4674966.0870940145,0.7363380646045625,4674966.8234320795, 0.0005330182636717291
               0.00036561935306,               0.05405202984665,               0.03487793248074,        10.0022516002243,                0.10445686585259,  84.50181859929813,          67.43347355679359,        1.360330127345879,               265.0551066533518,                  83.40476270255975, 4674966.106291573,0.7351156751567989, 4674966.841407248, 0.0005375284294633813
               0.00041635369073,               0.05129557317195,               0.03732295609811,       10.03697903373993,                0.10322150334715,  85.36440260287792,          68.38432699542489,        1.415837628577634,              267.15727755652495,                   87.7710048012386, 4674966.109650364,0.7062956795438549,4674966.8159460435, 0.0005408963267583383
                2.710282054e-05,               0.05217080336699,               0.03546253364286,       10.01207232300783,                0.10306058374244,  85.54114470459926,          66.78769352261993,        1.356158304859502,               269.1006088392511,                  77.62830749359077, 4674966.116127279,0.7373770425006541, 4674966.853504322, 0.0005408607068348044
                2.710282054e-05,               0.05217080336699,               0.03546253364286,       10.01207232300783,                0.10306058374244,  85.54114470459926,          66.78769352261993,        1.356158304859502,               269.1006088392511,                  77.62830749359077, 4674966.116127279,0.7373770425006541, 4674966.853504322, 0.0005426122552344399
                2.710282054e-05,               0.05217080336699,               0.03546253364286,       10.01207232300783,                0.10306058374244,  85.54114470459926,          66.78769352261993,        1.356158304859502,               269.1006088392511,                  77.62830749359077, 4674966.116127279,0.7373770425006541, 4674966.853504322, 0.0005426122552344399
                2.710282054e-05,               0.05217080336699,               0.03546253364286,       10.01207232300783,                0.10306058374244,  85.54114470459926,          66.78769352261993,        1.356158304859502,               269.1006088392511,                  77.62830749359077, 4674966.116127279,0.7373770425006541, 4674966.853504322, 0.0005426122552344399
                2.710282054e-05,               0.05217080336699,               0.03546253364286,       10.01207232300783,                0.10306058374244,  85.54114470459926,          66.78769352261993,        1.356158304859502,               269.1006088392511,                  77.62830749359077, 4674966.116127279,0.7373770425006541, 4674966.853504322, 0.0005426122552344399
                2.710282054e-05,               0.05217080336699,               0.03546253364286,       10.01207232300783,                0.10306058374244,  85.54114470459926,          66.78769352261993,        1.356158304859502,               269.1006088392511,                  77.62830749359077, 4674966.116127279,0.7373770425006541, 4674966.853504322, 0.0005426122552344399
                2.710282054e-05,               0.05217080336699,               0.03546253364286,       10.01207232300783,                0.10306058374244,  85.54114470459926,          66.78769352261993,        1.356158304859502,               269.1006088392511,                  77.62830749359077, 4674966.116127279,0.7373770425006541, 4674966.853504322, 0.0005426122552344399
                2.710282054e-05,               0.05217080336699,               0.03546253364286,       10.01207232300783,                0.10306058374244,  85.54114470459926,          66.78769352261993,        1.356158304859502,               269.1006088392511,                  77.62830749359077, 4674966.116127279,0.7373770425006541, 4674966.853504322, 0.0005426122552344399
                2.710282054e-05,               0.05217080336699,               0.03546253364286,       10.01207232300783,                0.10306058374244,  85.54114470459926,          66.78769352261993,        1.356158304859502,               269.1006088392511,                  77.62830749359077, 4674966.116127279,0.7373770425006541, 4674966.853504322, 0.0005426122552344399
                2.710282054e-05,               0.05217080336699,               0.03546253364286,       10.01207232300783,                0.10306058374244,  85.54114470459926,          66.78769352261993,        1.356158304859502,               269.1006088392511,                  77.62830749359077, 4674966.116127279,0.7373770425006541, 4674966.853504322, 0.0005426122552344399
                2.710282054e-05,               0.05217080336699,               0.03546253364286,       10.01207232300783,                0.10306058374244,  85.54114470459926,          66.78769352261993,        1.356158304859502,               269.1006088392511,                  77.62830749359077, 4674966.116127279,0.7373770425006541, 4674966.853504322, 0.0005426122552344399
                2.710282054e-05,               0.05217080336699,               0.03546253364286,       10.01207232300783,                0.10306058374244,  85.54114470459926,          66.78769352261993,        1.356158304859502,               269.1006088392511,                  77.62830749359077, 4674966.116127279,0.7373770425006541, 4674966.853504322, 0.0005426122552344399
                2.710282054e-05,               0.05217080336699,               0.03546253364286,       10.01207232300783,                0.10306058374244,  85.54114470459926,          66.78769352261993,        1.356158304859502,               269.1006088392511,                  77.62830749359077, 4674966.116127279,0.7373770425006541, 4674966.853504322, 0.0005426122552344399
                2.710282054e-05,               0.05217080336699,               0.03546253364286,       10.01207232300783,                0.10306058374244,  85.54114470459926,          66.78769352261993,        1.356158304859502,               269.1006088392511,                  77.62830749359077, 4674966.116127279,0.7373770425006541, 4674966.853504322, 0.0005426122552344399
                2.710282054e-05,               0.05217080336699,               0.03546253364286,       10.01207232300783,                0.10306058374244,  85.54114470459926,          66.78769352261993,        1.356158304859502,               269.1006088392511,                  77.62830749359077, 4674966.116127279,0.7373770425006541, 4674966.853504322, 0.0005426122552344399
                2.710282054e-05,               0.05217080336699,               0.03546253364286,       10.01207232300783,                0.10306058374244,  85.54114470459926,          66.78769352261993,        1.356158304859502,               269.1006088392511,                  77.62830749359077, 4674966.116127279,0.7373770425006541, 4674966.853504322, 0.0005426122552344399
                2.710282054e-05,               0.05217080336699,               0.03546253364286,       10.01207232300783,                0.10306058374244,  85.54114470459926,          66.78769352261993,        1.356158304859502,               269.1006088392511,                  77.62830749359077, 4674966.116127279,0.7373770425006541, 4674966.853504322, 0.0005426122552344399
               0.00057815277825,               0.04971544886263,               0.03951351897003,       10.03699949071653,                0.10824422310893,  84.38801250930692,          69.91169606849958,        1.391311290029663,               265.5356046165014,                  84.58226579666722, 4674966.122696446,0.7187464136646803,  4674966.84144286, 0.0004983565643396936
               0.00018279547521,                0.0471258262612,               0.04534298560887,       10.08698591278753,                0.10379494714717,  86.27726289564744,          72.20377282048669,       1.3811515565753167,               259.4442518306365,                  83.22682057473489, 4674966.132870247,0.7240335032308731,4674966.8569037495, 0.0005000496032826159
               0.00036486693664,               0.05028389243415,               0.03638282235448,       10.01354988321688,                0.10428942660925,  85.73436964346854,          68.75639161607224,       1.3801970607372815,               268.0724675266349,                  80.40348584549393,4674966.1349630775,0.7245342193859001, 4674966.859497297, 0.0005006166724206381
               0.00060409902603,                0.0486678840765,               0.03476242194776,       10.06570319025116,                0.10311821487312,   85.6243964223545,          67.14899369422342,       1.3732326636825463,              267.18647455855694,                  84.21753785589125, 4674966.147688264, 0.728208719794312, 4674966.875896984, 0.0005018402508753272
               0.00075393294026,                0.0490648451956,               0.04015103734494,       10.03503433105851,                0.10659893732176,  85.65974618357758,          68.65536354892525,       1.3944172273291158,              267.96489070273793,                  83.56990720012752, 4674966.150900594,0.7171454715282115, 4674966.868046066, 0.0005033290387718006
               0.00036725104234,               0.05431048214838,                0.0437430608727,       10.01673735117496,                 0.1010288961541,  85.25152944028572,          68.76027702739313,       1.3568716415759172,               265.7206335125619,                  84.00270359453505, 4674966.152701479,0.7369893874696694, 4674966.889690867, 0.0005020814164295156
               0.00036725104234,               0.05431048214838,                0.0437430608727,       10.01673735117496,                 0.1010288961541,  85.25152944028572,          68.76027702739313,       1.3568716415759172,               265.7206335125619,                  84.00270359453505, 4674966.152701479,0.7369893874696694, 4674966.889690867, 0.0005025335119968629
               0.00067808221138,               0.04759034766482,               0.03790343865218,       10.01178044144359,                0.10393004200493,  86.51225861058045,          67.66247467134072,       1.3831383927352678,              267.67398115804673,                  84.77280531214802,  4674966.16992561,0.7229934511632052, 4674966.892919061, 0.0005018550804407093
               0.00071739250768,               0.04849702120464,               0.03760069306045,       10.02893681905577,                0.10097994200649,  84.57677569528248,           68.2600446302432,       1.4012972198360985,              266.39481293047595,                  82.66888012460262, 4674966.174937994,0.7136244801206157, 4674966.888562474, 0.0005049241234609306
               0.00071739250768,               0.04849702120464,               0.03760069306045,       10.02893681905577,                0.10097994200649,  84.57677569528248,           68.2600446302432,       1.4012972198360985,              266.39481293047595,                  82.66888012460262, 4674966.174937994,0.7136244801206157, 4674966.888562474, 0.0005061895575690646
               0.00071739250768,               0.04849702120464,               0.03760069306045,       10.02893681905577,                0.10097994200649,  84.57677569528248,           68.2600446302432,       1.4012972198360985,              266.39481293047595,                  82.66888012460262, 4674966.174937994,0.7136244801206157, 4674966.888562474, 0.0005061895575690646
               0.00038303190083,               0.05154314444642,               0.03512032494907,       10.07951510790514,                 0.1044926246183,  85.49690429680592,          66.60703171224185,       1.3760882241814747,              269.27682919311826,                  85.53499252576398, 4674966.191605206, 0.726697592805011, 4674966.918302799, 0.0005028247357095322
               0.00013081145038,               0.05268183174222,               0.03704377787123,       10.11871163998741,                0.10223344455239,  85.45328378659752,          67.71359173198023,       1.3624382022484998,              266.15938427247175,                  80.12669148725766, 4674966.195358078,0.7339782445542484,4674966.9293363225, 0.0005054409454332318
               0.00029878496797,               0.04874778781991,                0.0343946550193,       10.04712559938476,                0.10456176798906,  84.45939262998944,           67.7060033975561,        1.354885541612741,               264.8974850114145,                  81.01354066804694, 4674966.215072876,0.7380697256608737, 4674966.953142601, 0.0005088861531170127
               0.00029878496797,               0.04874778781991,                0.0343946550193,       10.04712559938476,                0.10456176798906,  84.45939262998944,           67.7060033975561,        1.354885541612741,               264.8974850114145,                  81.01354066804694, 4674966.215072876,0.7380697256608737, 4674966.953142601, 0.0005139022847038373
               0.00023221681486,               0.05076088949842,                0.0397388196701,       10.00730357241651,                 0.1031404543651,  85.62807543921181,          70.10339265071723,       1.3857173311959434,              262.42172354524723,                  81.13698779065568, 4674966.216809187,0.7216478985197868, 4674966.938457086, 0.0005092309207493258
               0.00033236960762,               0.04987290571222,               0.03752439307501,       10.00942010989262,                0.10951983415445,   85.1596341207204,          68.03553580086685,        1.399051423696648,              266.57003867031256,                   83.8729526786782, 4674966.226088082,0.7147700099241148, 4674966.940858092, 0.0005095011123570277
               0.00033236960762,               0.04987290571222,               0.03752439307501,       10.00942010989262,                0.10951983415445,   85.1596341207204,          68.03553580086685,        1.399051423696648,              266.57003867031256,                   83.8729526786782, 4674966.226088082,0.7147700099241148, 4674966.940858092, 0.0005118648990597697
               0.00033236960762,               0.04987290571222,               0.03752439307501,       10.00942010989262,                0.10951983415445,   85.1596341207204,          68.03553580086685,        1.399051423696648,              266.57003867031256,                   83.8729526786782, 4674966.226088082,0.7147700099241148, 4674966.940858092, 0.0005118648990597697
               0.00033236960762,               0.04987290571222,               0.03752439307501,       10.00942010989262,                0.10951983415445,   85.1596341207204,          68.03553580086685,        1.399051423696648,              266.57003867031256,                   83.8729526786782, 4674966.226088082,0.7147700099241148, 4674966.940858092, 0.0005118648990597697
               0.00033236960762,               0.04987290571222,               0.03752439307501,       10.00942010989262,                0.10951983415445,   85.1596341207204,          68.03553580086685,        1.399051423696648,              266.57003867031256,                   83.8729526786782, 4674966.226088082,0.7147700099241148, 4674966.940858092, 0.0005118648990597697
               0.00033236960762,               0.04987290571222,               0.03752439307501,       10.00942010989262,                0.10951983415445,   85.1596341207204,          68.03553580086685,        1.399051423696648,              266.57003867031256,                   83.8729526786782, 4674966.226088082,0.7147700099241148, 4674966.940858092, 0.0005118648990597697
               0.00033236960762,               0.04987290571222,               0.03752439307501,       10.00942010989262,                0.10951983415445,   85.1596341207204,          68.03553580086685,        1.399051423696648,              266.57003867031256,                   83.8729526786782, 4674966.226088082,0.7147700099241148, 4674966.940858092, 0.0005118648990597697
               0.00033236960762,               0.04987290571222,               0.03752439307501,       10.00942010989262,                0.10951983415445,   85.1596341207204,          68.03553580086685,        1.399051423696648,              266.57003867031256,                   83.8729526786782, 4674966.226088082,0.7147700099241148, 4674966.940858092, 0.0005118648990597697
               0.00033236960762,               0.04987290571222,               0.03752439307501,       10.00942010989262,                0.10951983415445,   85.1596341207204,          68.03553580086685,        1.399051423696648,              266.57003867031256,                   83.8729526786782, 4674966.226088082,0.7147700099241148, 4674966.940858092, 0.0005118648990597697
               0.00033236960762,               0.04987290571222,               0.03752439307501,       10.00942010989262,                0.10951983415445,   85.1596341207204,          68.03553580086685,        1.399051423696648,              266.57003867031256,                   83.8729526786782, 4674966.226088082,0.7147700099241148, 4674966.940858092, 0.0005118648990597697
               0.00023031139362,               0.04828677792257,               0.03582485889251,       10.15313464399151,                0.10053142847371,  85.50837531355023,          67.00137382804243,        1.391412716950177,               270.2553462893114,                  81.98546278465713, 4674966.227021808,0.7186940207014131, 4674966.945715829,0.00048662617145942797
               0.00025647824479,               0.04906785977259,               0.03947294316861,       10.10633582461645,                0.10687492964052,  84.56497476629752,          69.61838173621777,       1.3880835362424009,              261.96393101987906,                  85.52081138458621, 4674966.233661782,0.7204177370383925, 4674966.954079519,0.00048604485994177944
               0.00019904726352,               0.04623291513946,               0.03859494417955,       10.02884460935007,                0.10242420166966,  85.38306992852965,          68.65275883508585,       1.4170761446777858,                267.966932339617,                  86.99847837445789, 4674966.239890322,  0.70567838133171, 4674966.945568703,0.00048674821517916453
               0.00036718712363,                0.0475311232626,               0.04472625162155,       10.01405926209189,                0.10292446060052,  84.90198367216037,          71.52401771547994,       1.3809132740594752,               262.7138237137185,                  85.87988064013497, 4674966.247513722,0.7241584383212545,  4674966.97167216,0.00048769383471435756
               0.00045183860115,               0.05178458803138,               0.04308032983865,       10.04764214324264,                0.10338248949672,   86.4295824306349,          70.35716267296976,       1.3973221284778914,              264.55700313642564,                  86.04012659460896, 4674966.276464039,0.7156545936113557, 4674966.992118633,  0.000494271338501398
               0.00015206209949,               0.05399450429274,               0.04035352843835,       10.10901674862541,                 0.1050055997885,  85.38801177416256,          68.52212273088352,       1.3759033149303164,               266.3427530413643,                  84.79776780892628,  4674966.28617512,0.7267952545420284, 4674967.012970374, 0.0005013652207438619
                0.0003978314498,               0.04661063348847,               0.03479626867391,       10.01921241155973,                0.10357711619922,  85.50908838370607,            67.834468113225,       1.4000396519672869,               270.9013514370211,                  82.91603420019638, 4674966.290553834,0.7142654842631313, 4674967.004819319, 0.0005023930509737806
               0.00019183792356,               0.04970861945767,               0.04207109111485,        10.0075360573554,                0.10528730892801,  85.69073832397484,          69.39825787040834,       1.3865121033117593,              267.15675018702905,                  87.36599901873484, 4674966.300306141,0.7212342377765371, 4674967.021540379,  0.000503442872138423
               0.00019183792356,               0.04970861945767,               0.04207109111485,        10.0075360573554,                0.10528730892801,  85.69073832397484,          69.39825787040834,       1.3865121033117593,              267.15675018702905,                  87.36599901873484, 4674966.300306141,0.7212342377765371, 4674967.021540379, 0.0005058977174560383
               0.00019183792356,               0.04970861945767,               0.04207109111485,        10.0075360573554,                0.10528730892801,  85.69073832397484,          69.39825787040834,       1.3865121033117593,              267.15675018702905,                  87.36599901873484, 4674966.300306141,0.7212342377765371, 4674967.021540379, 0.0005058977174560383
               0.00019183792356,               0.04970861945767,               0.04207109111485,        10.0075360573554,                0.10528730892801,  85.69073832397484,          69.39825787040834,       1.3865121033117593,              267.15675018702905,                  87.36599901873484, 4674966.300306141,0.7212342377765371, 4674967.021540379, 0.0005058977174560383
               0.00019183792356,               0.04970861945767,               0.04207109111485,        10.0075360573554,                0.10528730892801,  85.69073832397484,          69.39825787040834,       1.3865121033117593,              267.15675018702905,                  87.36599901873484, 4674966.300306141,0.7212342377765371, 4674967.021540379, 0.0005058977174560383
               0.00032624019783,               0.04805475562018,               0.03626090596622,       10.13397906260971,                0.10417897347373,  85.05328449196179,          67.15297136505706,       1.3916064410178677,              271.42177555682173,                    82.078764018838, 4674966.308704983,0.7185939720633705, 4674967.027298955, 0.0004953935514328691
               0.00032624019783,               0.04805475562018,               0.03626090596622,       10.13397906260971,                0.10417897347373,  85.05328449196179,          67.15297136505706,       1.3916064410178677,              271.42177555682173,                    82.078764018838, 4674966.308704983,0.7185939720633705, 4674967.027298955,  0.000497473905194187
               0.00012598957368,               0.04759365264722,               0.03676227719088,       10.01758599091129,                0.10906588389866,  83.84256389410224,          70.02860113575892,       1.3742292654995296,              263.43532742401004,                  82.85262317808046, 4674966.314120156,0.7276806171323255, 4674967.041800773, 0.0004938610839853471
               0.00012598957368,               0.04759365264722,               0.03676227719088,       10.01758599091129,                0.10906588389866,  83.84256389410224,          70.02860113575892,       1.3742292654995296,              263.43532742401004,                  82.85262317808046, 4674966.314120156,0.7276806171323255, 4674967.041800773, 0.0004951982522948394
                0.0006078286139,               0.05398018884907,               0.04254520638485,       10.01057167662603,                0.10123044385111,  85.19840767476506,          69.21701311835663,       1.3822318526837245,              267.96215285477075,                  84.04982672286536, 4674966.315771808,0.7234676281395283, 4674967.039239436, 0.0004906761193524907
                0.0006078286139,               0.05398018884907,               0.04254520638485,       10.01057167662603,                0.10123044385111,  85.19840767476506,          69.21701311835663,       1.3822318526837245,              267.96215285477075,                  84.04982672286536, 4674966.315771808,0.7234676281395283, 4674967.039239436, 0.0004910813324598733
                5.371917351e-05,               0.05046423367235,               0.03285139507052,       10.01782507905651,                0.10711451665697,  83.68648421638181,          66.95196286166288,       1.3690421192994653,              270.67051606405056,                  79.44171203310273, 4674966.318925846,0.7304377169284587, 4674967.049363563,0.00048696290072791344
               0.00027541330305,               0.04589118294877,               0.03183703442244,       10.09974206719527,                0.10415319174665,  84.07114207019649,           66.5440537817331,       1.3921641044914226,               268.8865509566374,                  81.78021902022404, 4674966.319296646,0.7183061226573675, 4674967.037602768, 0.0004853943201516195
               0.00024587439317,                 0.050708656992,               0.03593882311942,       10.01088971024932,                 0.1017170725112,  85.01581860948983,          66.31737567512906,       1.4063609956668255,              274.51857136227164,                  85.37100670547142, 4674966.324171625,0.7110549873617978, 4674967.035226612,0.00048424931747553595
               0.00010270230388,               0.05024386020108,                0.0401926600812,       10.09597712308386,                0.10363056066689,  85.41013017207175,          67.98065633942998,        1.348301444712261,               265.4591215736013,                   81.4974088321925, 4674966.331001134,0.7416739067674948,  4674967.07267504, 0.0004846696162516943
               0.00012387735323,               0.04546724491652,               0.04318379220213,       10.05250264453393,                0.10426458914619,  86.20624765559987,          70.50588486755957,       1.3881741362918647,              263.98823149272215,                  85.12983046003603, 4674966.334630279,0.7203707185261584, 4674967.055000997,0.00048478478785989374
               0.00012387735323,               0.04546724491652,               0.04318379220213,       10.05250264453393,                0.10426458914619,  86.20624765559987,          70.50588486755957,       1.3881741362918647,              263.98823149272215,                  85.12983046003603, 4674966.334630279,0.7203707185261584, 4674967.055000997, 0.0004856644641988261
               0.00045656570442,               0.05093727142886,               0.04021697515555,       10.03294718469034,                0.10158452907068,    85.373887810368,          68.87052553216046,        1.409551222653993,               268.3977815905697,                  84.86423300243489, 4674966.348386664,0.7094456618022977, 4674967.057832326, 0.0004841620894370275
               0.00052278144349,               0.04850056735567,               0.03620507135696,       10.03509258517454,                0.10829597893729,  85.45240720858851,           68.2266336804799,       1.4115881159652939,               268.1306779736459,                   83.4451132736988, 4674966.354733666,0.7084219459556477, 4674967.063155612, 0.0004866111184569932
               0.00025518001002,               0.04725534836657,               0.03849790451036,       10.06913778927162,                0.10222096623895,  84.64803522337927,          69.57018974726338,       1.3947131923472502,               264.3488532548238,                  85.44289749815164,   4674966.3565065,0.7169932897221953,  4674967.07349979,0.00048615767884990714
               0.00042286614482,               0.05045716717434,               0.03852007910746,       10.03606360491085,                0.09968871843807,  84.29725573807325,          67.79812412877348,       1.3595895687180075,               269.5236015259811,                  81.06052991103616, 4674966.360618496,0.7355160873607806,4674967.0961345835,0.00048516527538624974
                3.594073524e-05,               0.04973694089199,               0.03846007608892,        10.1668840668948,                0.10445616664189,  85.58466881765203,          68.14452272759524,       1.3980382961500994,               269.4394637984135,                  86.15050835365584, 4674966.380464611,0.7152879879998907, 4674967.095752599, 0.0004885922222314776
                3.594073524e-05,               0.04973694089199,               0.03846007608892,        10.1668840668948,                0.10445616664189,  85.58466881765203,          68.14452272759524,       1.3980382961500994,               269.4394637984135,                  86.15050835365584, 4674966.380464611,0.7152879879998907, 4674967.095752599, 0.0004934403915338173
                 3.50334584e-06,               0.05011252612949,               0.03442351628272,       10.08448939605082,                0.10426995069504,  84.84888530040548,          66.96100255738232,       1.3610003035816622,              263.96539479712277,                  81.38442127693136, 4674966.388743638,0.7347536935652111,4674967.1234973315, 0.0004905612106748068
                5.699352128e-05,               0.04715806272335,               0.03708427303172,        10.0900383423783,                0.10081629847758,  85.78849540452295,          66.88387161269003,       1.3905084591314318,               271.1481377854639,                  83.46246738323909,4674966.4048811495,0.7191613926783593, 4674967.124042543, 0.0004941280901437643
               0.00023534983598,               0.05281074929059,               0.03720249210796,        10.1592709035993,                0.10222098938022,  85.38647998987638,          67.53272465980902,        1.375217520217597,               269.6334845675938,                  84.43764861906347, 4674966.408869427,0.7271576934547581,  4674967.13602712, 0.0004966271604651612
               0.00014362742731,               0.04806530675287,               0.03938663805278,       10.11512968408667,                 0.1041897002117,  85.36445911528719,          70.37223660860232,       1.3768921203101474,              262.48956254672976,                   82.4538602590715, 4674966.415676398,0.7262733116482272,4674967.1419497095, 0.0004968327501713342
               0.00011824473416,               0.04488175887621,               0.03921953205902,       10.07316061958599,                0.10563149735523,  85.81316544134602,          69.28093335306394,         1.37930919472972,              264.48147376487503,                   83.1982456564655, 4674966.416880764,0.7250006045206949, 4674967.141881368, 0.0004963423783398564
               0.00011824473416,               0.04488175887621,               0.03921953205902,       10.07316061958599,                0.10563149735523,  85.81316544134602,          69.28093335306394,         1.37930919472972,              264.48147376487503,                   83.1982456564655, 4674966.416880764,0.7250006045206949, 4674967.141881368,  0.000496641267065599
               0.00011824473416,               0.04488175887621,               0.03921953205902,       10.07316061958599,                0.10563149735523,  85.81316544134602,          69.28093335306394,         1.37930919472972,              264.48147376487503,                   83.1982456564655, 4674966.416880764,0.7250006045206949, 4674967.141881368,  0.000496641267065599
               0.00011824473416,               0.04488175887621,               0.03921953205902,       10.07316061958599,                0.10563149735523,  85.81316544134602,          69.28093335306394,         1.37930919472972,              264.48147376487503,                   83.1982456564655, 4674966.416880764,0.7250006045206949, 4674967.141881368,  0.000496641267065599
               0.00025106798697,               0.04788637553424,               0.03802535493597,       10.13299653296447,                0.10063924606284,  85.70167401421645,          67.35033345332182,        1.375822849637335,              267.96172696635097,                  83.41262777676606,  4674966.45202036,0.7268377613175988, 4674967.178858122, 0.0004954621325488866
               0.00042463398961,               0.04671140089513,               0.03697172052436,       10.04804449509397,                0.10302874385924,  85.38441356671989,          69.05189762019738,       1.3902432032698917,               267.5365279465795,                  83.14396195549526, 4674966.459796563,0.7192986073573109,  4674967.17909517, 0.0005036162170487565
               0.00042463398961,               0.04671140089513,               0.03697172052436,       10.04804449509397,                0.10302874385924,  85.38441356671989,          69.05189762019738,       1.3902432032698917,               267.5365279465795,                  83.14396195549526, 4674966.459796563,0.7192986073573109,  4674967.17909517, 0.0005055743180750589
               0.00031884544375,               0.04996354550028,               0.04014578418715,       10.01074561910994,                0.10342800902712,  86.63446327099518,          69.66132470490358,       1.3737126211983914,               266.9401109115004,                  82.76730421353484,   4674966.4666211,0.7279542930366512, 4674967.194575393, 0.0005022575589488925
               0.00014115358349,               0.04683463892891,                0.0445336651001,       10.05911572360432,                 0.1015798444518,  86.10272163293675,           70.2017571836873,       1.3832834517037307,               264.4192862275581,                  84.77696913825494, 4674966.466953174,0.7229176339587834, 4674967.189870808, 0.0005015473454464889
                2.053428566e-05,               0.04992931772148,               0.04127568235891,       10.10623524447257,                0.10180906821761,  85.26453048074828,           68.5100587949681,       1.3562844920127441,               263.7859134063583,                  84.14348027933546, 4674966.496130636,0.7373084377865198, 4674967.233439074,  0.000506523963531036
                9.268614005e-05,               0.05203393522318,               0.03656314436508,       10.02872918323656,                0.09951713871045,  84.18198672431203,          65.98617853851054,       1.3718011769870049,               272.7747088573638,                  83.75795287858581,  4674966.50220238,0.7289686120523521, 4674967.231170992, 0.0005129133347407115
               0.00045017072641,               0.05283663460079,               0.03856448241518,       10.06703753961058,                0.10457966723113,  85.35729633476241,          67.62147495772143,        1.374586778652487,               265.3604158872771,                  82.81156846585625, 4674966.509398576,0.7274913563335041, 4674967.236889932,  0.000513759463279023
               0.00019622051377,               0.04984842734635,               0.04107219332464,       10.09038764526812,                0.10278175503614,   86.3976187732972,          69.52424687263832,        1.359340391985298,              263.80150096020753,                   80.6808374038045,  4674966.51846784,0.7356509126750171, 4674967.254118753, 0.0005153798403340652
                8.924278774e-05,               0.04975546113399,                0.0424335610408,       10.12753167513791,                 0.1018003920402,  86.17471438165748,          69.95963530787773,       1.3745726802218314,              262.93008800051655,                  85.46209126055224, 4674966.519402217, 0.727498817915265, 4674967.246901035, 0.0005153819565917451
               0.00026914760718,               0.04569985146325,               0.03354067698129,        10.0366512750795,                0.10847168701336,  85.25040133072795,          67.53399049440786,       1.4097379498841116,               269.0155517725121,                  82.59718559274847,4674966.5220089555,0.7093516919809143, 4674967.231360648, 0.0005137270255586991
                7.398152701e-05,               0.04959523691082,               0.04031564578332,        10.1823083633784,                0.10016483985369,  85.63546507206155,          69.02344277413569,       1.3758165730032568,              265.93444803877435,                  81.91810440094895, 4674966.524286747,0.7268410772353975, 4674967.251127824, 0.0005124210077332558
               0.00015087050052,               0.04794484551436,               0.03539982411641,        10.1267156241573,                0.10466633660441,  83.75993794705704,          68.17414681214333,       1.3863209532683376,              264.08014840307055,                   82.6541788965871, 4674966.529445224,0.7213336836916718, 4674967.250778908, 0.0005117723200806553
               0.00046932648521,                0.0500770331836,               0.03632559540127,       10.16902990100162,                0.10563453393813,  85.25093596539267,          68.11902701953002,       1.3854314960744298,               268.5955492912168,                  83.10251348709437, 4674966.533181792,0.7217967852134616, 4674967.254978578, 0.0005114952190338383
               0.00046932648521,                0.0500770331836,               0.03632559540127,       10.16902990100162,                0.10563453393813,  85.25093596539267,          68.11902701953002,       1.3854314960744298,               268.5955492912168,                  83.10251348709437, 4674966.533181792,0.7217967852134616, 4674967.254978578, 0.0005124508363841247
               0.00046932648521,                0.0500770331836,               0.03632559540127,       10.16902990100162,                0.10563453393813,  85.25093596539267,          68.11902701953002,       1.3854314960744298,               268.5955492912168,                  83.10251348709437, 4674966.533181792,0.7217967852134616, 4674967.254978578, 0.0005124508363841247
               0.00046932648521,                0.0500770331836,               0.03632559540127,       10.16902990100162,                0.10563453393813,  85.25093596539267,          68.11902701953002,       1.3854314960744298,               268.5955492912168,                  83.10251348709437, 4674966.533181792,0.7217967852134616, 4674967.254978578, 0.0005124508363841247
               0.00046932648521,                0.0500770331836,               0.03632559540127,       10.16902990100162,                0.10563453393813,  85.25093596539267,          68.11902701953002,       1.3854314960744298,               268.5955492912168,                  83.10251348709437, 4674966.533181792,0.7217967852134616, 4674967.254978578, 0.0005124508363841247
               0.00046932648521,                0.0500770331836,               0.03632559540127,       10.16902990100162,                0.10563453393813,  85.25093596539267,          68.11902701953002,       1.3854314960744298,               268.5955492912168,                  83.10251348709437, 4674966.533181792,0.7217967852134616, 4674967.254978578, 0.0005124508363841247
               0.00012430339076,               0.04555618355415,               0.03414844608478,        10.0385080243168,                0.10629919075198,  84.34250081424861,          67.34851480218917,       1.3733533179628012,              268.02837176081005,                   83.2735647798502, 4674966.553707797, 0.728144743905651, 4674967.281852541, 0.0005023088121048602
               0.00012430339076,               0.04555618355415,               0.03414844608478,        10.0385080243168,                0.10629919075198,  84.34250081424861,          67.34851480218917,       1.3733533179628012,              268.02837176081005,                   83.2735647798502, 4674966.553707797, 0.728144743905651, 4674967.281852541, 0.0005074638277933247
               0.00012430339076,               0.04555618355415,               0.03414844608478,        10.0385080243168,                0.10629919075198,  84.34250081424861,          67.34851480218917,       1.3733533179628012,              268.02837176081005,                   83.2735647798502, 4674966.553707797, 0.728144743905651, 4674967.281852541, 0.0005074638277933247
               0.00012430339076,               0.04555618355415,               0.03414844608478,        10.0385080243168,                0.10629919075198,  84.34250081424861,          67.34851480218917,       1.3733533179628012,              268.02837176081005,                   83.2735647798502, 4674966.553707797, 0.728144743905651, 4674967.281852541, 0.0005074638277933247
               0.00016043106799,               0.04958519462515,               0.03828364302925,       10.08174315176815,                0.10480417221974,  85.40624446918957,          67.44843554794201,       1.3916325517767882,               270.4409790481143,                  85.88993112196842, 4674966.556706114,0.7185804893132419, 4674967.275286603, 0.0004981117931951687
                9.642935245e-05,                0.0463669084039,               0.03996086800319,        10.1363654383358,                0.10370055808539,  85.86800681448601,          69.07251555250458,       1.3936139358497626,               265.8356110495375,                  85.56726103456495, 4674966.562658938,0.7175588405624298, 4674967.280217778, 0.0004978584850726689
                9.642935245e-05,                0.0463669084039,               0.03996086800319,        10.1363654383358,                0.10370055808539,  85.86800681448601,          69.07251555250458,       1.3936139358497626,               265.8356110495375,                  85.56726103456495, 4674966.562658938,0.7175588405624298, 4674967.280217778, 0.0004993403127115627
                9.642935245e-05,                0.0463669084039,               0.03996086800319,        10.1363654383358,                0.10370055808539,  85.86800681448601,          69.07251555250458,       1.3936139358497626,               265.8356110495375,                  85.56726103456495, 4674966.562658938,0.7175588405624298, 4674967.280217778, 0.0004993403127115627
                3.490428683e-05,               0.05128367585589,               0.03959845695308,       10.15060989397074,                0.10275998518036,  84.89200358819173,          69.00257367034173,        1.364474576589999,              264.20859574114337,                  85.94524818965603, 4674966.605894443,0.7328828379486052,  4674967.33877728, 0.0005027541952738125
                3.490428683e-05,               0.05128367585589,               0.03959845695308,       10.15060989397074,                0.10275998518036,  84.89200358819173,          69.00257367034173,        1.364474576589999,              264.20859574114337,                  85.94524818965603, 4674966.605894443,0.7328828379486052,  4674967.33877728, 0.0005136209182462443
                3.490428683e-05,               0.05128367585589,               0.03959845695308,       10.15060989397074,                0.10275998518036,  84.89200358819173,          69.00257367034173,        1.364474576589999,              264.20859574114337,                  85.94524818965603, 4674966.605894443,0.7328828379486052,  4674967.33877728, 0.0005136209182462443
                3.490428683e-05,               0.05128367585589,               0.03959845695308,       10.15060989397074,                0.10275998518036,  84.89200358819173,          69.00257367034173,        1.364474576589999,              264.20859574114337,                  85.94524818965603, 4674966.605894443,0.7328828379486052,  4674967.33877728, 0.0005136209182462443
               0.00019265080221,               0.04850615197209,                0.0372387047384,       10.01323249819502,                 0.1026757056934,  84.31042153443929,          69.13016837803917,        1.370101089724376,              268.70082882657044,                  82.67158579742673,  4674966.61286116,0.7298731513316077, 4674967.342734312, 0.0005051592500794496
               0.00052964728922,               0.05109033961017,                0.0375543384018,       10.17453669862146,                 0.1037945079517,  84.54373782719976,          68.56071001860103,        1.378212772910697,               265.6049353163112,                   82.6166385565576,  4674966.62458876,0.7255773706755483,  4674967.35016613, 0.0005073720032361798
                0.0006954359718,               0.05265935557563,               0.03968188188917,       10.03144176527678,                0.10238135084354,  85.47007161962868,          68.36836440682183,        1.389620302442493,               270.3122477223703,                  83.32832266196655,4674966.6261039935,0.7196210347836245, 4674967.345725028, 0.0005081930725104726
               0.00031534008947,               0.05414911198491,               0.03976656610583,       10.02747524215009,                0.10213230306848,  86.15752565422034,          68.09558388803035,         1.35433977501529,              266.14772615706727,                  80.62222433537627, 4674966.627767809,0.7383671501405255, 4674967.366134959, 0.0005064691845955594
                1.369122079e-05,               0.05084988843828,               0.04060037103408,       10.10799163263161,                 0.1019126254164,  85.89407508083842,          69.40352919214705,       1.3949777678032083,               265.5366320365853,                  87.92063316445584, 4674966.636989646,0.7168573027330652, 4674967.353846949, 0.0005067050354174772
               0.00010330348601,               0.04795672590468,               0.04145953493189,       10.16380843551546,                0.10425601324465,   85.1189533180102,          69.15526681936122,       1.3845593359609067,               265.2245166173449,                  83.34776713075563, 4674966.654009571,0.7222514586606602,  4674967.37626103, 0.0005108561116086026
               0.00078212861378,               0.04781691691199,               0.03497243374622,       10.01577399421028,                 0.1027878147017,  85.30468197060746,          67.28332802275315,       1.3822167811431114,               271.6324130771453,                  83.45038014569204, 4674966.675710895,0.7234755167514222, 4674967.399186412, 0.0005182634534277905
               0.00036703331512,               0.05176670149778,               0.03451172083358,       10.00978214151928,                0.10269022507999,  83.83120244224384,          65.74263151333736,       1.3709700159661717,               271.5052543236217,                  79.48385875472081, 4674966.677869443,0.7294105548291399, 4674967.407279998, 0.0005218435443804407
               0.00033113482394,               0.05109338641609,               0.03658171136953,       10.06969708648998,                0.10495258236639,   84.5162197522257,          67.50315233896285,         1.41043954390621,                269.835613961918,                  85.16955682379506, 4674966.683056932,0.7089988396315815, 4674967.392055771, 0.0005211594691693327
               0.00031372970921,               0.05201481759441,               0.03746322887614,         10.081001707734,                0.09953034929494,  85.35710553588527,           67.5287128910791,       1.3838304120705163,              269.89534536206105,                  84.75647662848749, 4674966.719855782,0.7226319000344694, 4674967.442487681,  0.000529655926872546
                3.087089009e-05,                0.0531681549621,               0.04486798310025,       10.05783070720361,                0.10402985602615,  85.39645357388123,          70.15264574613818,       1.3574683064743933,               262.3349282412682,                  84.59819728001814, 4674966.736094139,0.7366654493740576, 4674967.472759588, 0.0005411098798781107
                3.087089009e-05,                0.0531681549621,               0.04486798310025,       10.05783070720361,                0.10402985602615,  85.39645357388123,          70.15264574613818,       1.3574683064743933,               262.3349282412682,                  84.59819728001814, 4674966.736094139,0.7366654493740576, 4674967.472759588, 0.0005455031511357213
               0.00088795054778,               0.05217113132899,               0.03890186394635,       10.01707981855248,                0.10098095473235,  85.53278657754045,          68.09992646366781,       1.3946088767279783,              267.53770601673057,                   85.9029433919186, 4674966.737358891,0.7170469202420345, 4674967.454405812, 0.0005404170060179472
               0.00088795054778,               0.05217113132899,               0.03890186394635,       10.01707981855248,                0.10098095473235,  85.53278657754045,          68.09992646366781,       1.3946088767279783,              267.53770601673057,                   85.9029433919186, 4674966.737358891,0.7170469202420345, 4674967.454405812, 0.0005407587527848027
                 0.000480605078,               0.05122942264509,               0.04048848181818,       10.01132725500605,                0.10077517535595,  86.54724428785842,           68.2651489843219,       1.3870652728834088,               266.9235401702982,                  86.16072429967497, 4674966.759390578,0.7209466054335109, 4674967.480337183, 0.0005413411571917223
               0.00035614184934,               0.05207077102196,               0.04018551774183,       10.10593694389761,                0.10252648587024,  84.54964359008834,          69.37968466266145,       1.3694447417982853,               262.4700298168466,                  84.33531797060235, 4674966.764436044,0.7302229651755432, 4674967.494659009, 0.0005459586435662357
               0.00024610641315,                0.0519590521859,               0.04365711881873,       10.05625601150261,                 0.1051144587327,    85.364668913443,          71.05349135860966,       1.3467953983726912,               260.9221634240863,                  81.59922662626371, 4674966.796156585,0.7425032794203797, 4674967.538659865, 0.0005533890480951988
               0.00097902778886,               0.05253631053924,               0.03509951996057,       10.00733787932728,                0.10377329288228,  84.47986834854163,          66.08405181303752,       1.3887058111673076,               272.1251262187326,                  82.21780570545843, 4674966.798189166, 0.720094920002839, 4674967.518284086, 0.0005599374294052198
               0.00035019695123,               0.05053273833854,               0.03807372499449,       10.05566593162807,                0.09921619625134,  85.12811667597174,          68.13554148575518,       1.3797026579698441,              268.59932814028764,                  84.64715350770771, 4674966.807157622,0.7247938490395057,  4674967.53195147, 0.0005602300809311689
                8.638888064e-05,                 0.049251298792,               0.03881905110376,       10.07335551592286,                0.10539415459086,  84.17419482048223,          68.25501735098665,         1.39989642542017,               265.2885901310274,                  84.70864906457042, 4674966.819584066,0.7143385623688955,4674967.5339226285, 0.0005634433043904193
                4.843426889e-05,               0.04671936194465,               0.03680064504703,       10.15429414197622,                0.10269026448284,  84.94023185049979,          67.14111502641833,       1.3975944946545176,              269.73411808132937,                  84.03480685210829, 4674966.852383571, 0.715515125327678, 4674967.567898696, 0.0005735283197072569
                6.759170645e-05,               0.04719576100926,               0.03522258794466,       10.12200677639146,                0.10548027307185,  86.03060835361958,          67.36056115830453,        1.391985678363366,              269.27233491384004,                  82.31412429265666, 4674966.863837738,0.7183981958605745, 4674967.582235933, 0.0005833740289535304
               0.00033010144472,               0.04825902995683,               0.03256969473804,       10.02963002138446,                0.10570648029589,  84.18457654422299,          65.62229613582338,        1.389340382033711,               269.9767900049234,                  79.92652292119726, 4674966.877732363,0.7197660220141331, 4674967.597498384, 0.0005878801654349745
               0.00033010144472,               0.04825902995683,               0.03256969473804,       10.02963002138446,                0.10570648029589,  84.18457654422299,          65.62229613582338,        1.389340382033711,               269.9767900049234,                  79.92652292119726, 4674966.877732363,0.7197660220141331, 4674967.597498384, 0.0005919642869233801
               0.00033010144472,               0.04825902995683,               0.03256969473804,       10.02963002138446,                0.10570648029589,  84.18457654422299,          65.62229613582338,        1.389340382033711,               269.9767900049234,                  79.92652292119726, 4674966.877732363,0.7197660220141331, 4674967.597498384, 0.0005919642869233801
               0.00033010144472,               0.04825902995683,               0.03256969473804,       10.02963002138446,                0.10570648029589,  84.18457654422299,          65.62229613582338,        1.389340382033711,               269.9767900049234,                  79.92652292119726, 4674966.877732363,0.7197660220141331, 4674967.597498384, 0.0005919642869233801
               0.00033010144472,               0.04825902995683,               0.03256969473804,       10.02963002138446,                0.10570648029589,  84.18457654422299,          65.62229613582338,        1.389340382033711,               269.9767900049234,                  79.92652292119726, 4674966.877732363,0.7197660220141331, 4674967.597498384, 0.0005919642869233801
               0.00033010144472,               0.04825902995683,               0.03256969473804,       10.02963002138446,                0.10570648029589,  84.18457654422299,          65.62229613582338,        1.389340382033711,               269.9767900049234,                  79.92652292119726, 4674966.877732363,0.7197660220141331, 4674967.597498384, 0.0005919642869233801
               0.00069973553437,                0.0534429390868,                 0.040441039463,       10.02026984840032,                0.10189468849085,  85.65946244142383,           67.9361160507443,       1.3616993490396363,              266.13781315346444,                  85.02876099727655, 4674966.881569593,0.7343764985312422, 4674967.615946092, 0.0005753976768862444
               0.00069973553437,                0.0534429390868,                 0.040441039463,       10.02026984840032,                0.10189468849085,  85.65946244142383,           67.9361160507443,       1.3616993490396363,              266.13781315346444,                  85.02876099727655, 4674966.881569593,0.7343764985312422, 4674967.615946092, 0.0005765016421969233
               0.00064311425225,               0.05148170061731,               0.03397534984946,       10.03758516923675,                 0.1005415315046,  83.79856181717903,          66.58602855402536,       1.3854839529277359,               270.6532126619127,                  83.07261943654028, 4674966.886424163,0.7217694567207723,  4674967.60819362, 0.0005721540858635315
               0.00010887652137,               0.04981956191505,               0.03547682059674,       10.04310548638817,                0.10173662410205,  84.18577114238954,          67.67417685950653,        1.417659760402086,              268.30966851449284,                  86.57137302922291, 4674966.888170437,0.7053878708642851, 4674967.593558308, 0.0005711881422286646
                5.717089152e-05,               0.05259855276109,               0.03502963310898,       10.09296391432938,                0.10356646284843,   85.0041724518184,          66.37765657102463,       1.3759983728639087,              271.64320170309963,                  79.90491173079496, 4674966.899645258,0.7267450454310266,4674967.6263903035, 0.0005721251352455905
                5.717089152e-05,               0.05259855276109,               0.03502963310898,       10.09296391432938,                0.10356646284843,   85.0041724518184,          66.37765657102463,       1.3759983728639087,              271.64320170309963,                  79.90491173079496, 4674966.899645258,0.7267450454310266,4674967.6263903035, 0.0005754076159541324
               0.00017706480578,               0.04605501594052,               0.03806750389809,       10.03352366788342,                 0.1029593866789,  85.57581449433623,          69.21564366432362,       1.4054758365776858,               268.0852476672136,                  84.09978363121316, 4674966.908780305,0.7115028049397036,  4674967.62028311, 0.0005722961245400523
               0.00020135203929,               0.05133665287893,               0.03983927364328,       10.11614145606498,                0.10015948099916,   85.9662387130695,          67.57304089180838,       1.3723609254921663,              266.76244589345373,                  84.57230255262142, 4674966.910573248,0.7286712856833727, 4674967.639244533, 0.0005725631194724079
               0.00015445912087,               0.05288872753661,               0.04125360965027,        10.1277671935404,                0.10359839793306,  85.32119581132078,          69.07043056503748,       1.3830953604552192,              264.77288867804515,                  84.88869515561883, 4674966.954594857,0.7230159456762759, 4674967.677610802, 0.0005830567557425887
               0.00015445912087,               0.05288872753661,               0.04125360965027,        10.1277671935404,                0.10359839793306,  85.32119581132078,          69.07043056503748,       1.3830953604552192,              264.77288867804515,                  84.88869515561883, 4674966.954594857,0.7230159456762759, 4674967.677610802, 0.0005958882321383781
                 6.56431837e-05,                0.0499870429953,               0.03520845938541,       10.06728175854665,                0.10470738261129,  83.84668149541068,          68.15222657634968,        1.352601254893803,              266.28856629363264,                  80.18509322131555, 4674966.987676712,0.7393161852999414, 4674967.726992897, 0.0005998806736872801
                 6.56431837e-05,                0.0499870429953,               0.03520845938541,       10.06728175854665,                0.10470738261129,  83.84668149541068,          68.15222657634968,        1.352601254893803,              266.28856629363264,                  80.18509322131555, 4674966.987676712,0.7393161852999414, 4674967.726992897, 0.0006098023514263635
               0.00012905294836,               0.04544978076244,               0.03374167457506,       10.05147847460465,                0.10315127114042,  84.66367321449476,          66.10659789249158,       1.3968593598682586,               272.2740437410487,                  83.86354853862255, 4674967.000315709,0.7158916843957094, 4674967.716207393, 0.0006075741796277215
               0.00070548567374,               0.05298542442147,               0.03687055172978,        10.0300521324257,                0.10124817212577,  85.26377804118005,          66.26455934217262,       1.3633614611617004,                269.061528035417,                  84.07455214844157, 4674967.002656317,0.7334811995843821, 4674967.736137517,  0.000609084647784155
               0.00052690703292,               0.05240695193692,               0.03734707500733,       10.02001808134219,                0.10194358849514,  85.45147839164487,          66.94349429721314,        1.404246370493694,               271.4311992530986,                  85.76551386553777, 4674967.022758095,0.7121257501619376, 4674967.734883845, 0.0006129238651755672
               0.00052690703292,               0.05240695193692,               0.03734707500733,       10.02001808134219,                0.10194358849514,  85.45147839164487,          66.94349429721314,        1.404246370493694,               271.4311992530986,                  85.76551386553777, 4674967.022758095,0.7121257501619376, 4674967.734883845, 0.0006190840875313654
                9.452186734e-05,                0.0480971116575,               0.04762487825772,       10.02069786504441,                0.10652301709654,  86.55556344403456,          72.28472317946385,       1.3837302785683074,              260.67380688929745,                   83.1790362832961, 4674967.024796403, 0.722684193219116, 4674967.747480596, 0.0006135493478068731
                9.452186734e-05,                0.0480971116575,               0.04762487825772,       10.02069786504441,                0.10652301709654,  86.55556344403456,          72.28472317946385,       1.3837302785683074,              260.67380688929745,                   83.1790362832961, 4674967.024796403, 0.722684193219116, 4674967.747480596, 0.0006141746490679304
                9.452186734e-05,                0.0480971116575,               0.04762487825772,       10.02069786504441,                0.10652301709654,  86.55556344403456,          72.28472317946385,       1.3837302785683074,              260.67380688929745,                   83.1790362832961, 4674967.024796403, 0.722684193219116, 4674967.747480596, 0.0006141746490679304
               0.00044725845792,               0.05117452563555,               0.03488502983294,       10.14994591268173,                 0.1035678988378,  84.38290808101327,          66.23619203423914,       1.3840641440239003,               270.2582098313541,                  83.21205356237574, 4674967.028663116, 0.722509866553361, 4674967.751172982, 0.0006061798231553246
               0.00044725845792,               0.05117452563555,               0.03488502983294,       10.14994591268173,                 0.1035678988378,  84.38290808101327,          66.23619203423914,       1.3840641440239003,               270.2582098313541,                  83.21205356237574, 4674967.028663116, 0.722509866553361, 4674967.751172982, 0.0006073517834055745
               0.00040195289075,               0.05310793498844,                0.0371509248022,       10.03299233685988,                 0.1040225973603,  85.58425779500423,           68.2059324958598,       1.3948966407011465,               268.6155659782852,                  84.09510664724507, 4674967.041087286, 0.716898995109307, 4674967.757986281, 0.0006050671621052794
               0.00010007862855,               0.05161725758246,               0.03852813721367,       10.18620622083987,                0.10196838713394,  84.51341881605862,          67.81532694629092,       1.3763007480761134,               267.0367822125981,                  84.93524711259039, 4674967.050265353,0.7265853785212774, 4674967.776850732, 0.0006085896774321647
               0.00021240892185,                0.0486947030665,                0.0378095174205,        10.0099994566972,                0.10511544004581,  85.77757930610476,          68.26202915935109,       1.3537531495921789,              265.41592675432156,                  83.08712839963917, 4674967.068137334,0.7386871087252889, 4674967.806824442, 0.0006138257879368342
               0.00011114299462,               0.05109678180215,               0.03750658270085,        10.0769761599174,                0.10239583470965,  84.62687540023407,          68.39214674882624,       1.4110763290548425,               266.2384468339756,                  86.35768516559537, 4674967.068329851,0.7086788853369917,4674967.7770087365, 0.0006162889582459903
               0.00011114299462,               0.05109678180215,               0.03750658270085,        10.0769761599174,                0.10239583470965,  84.62687540023407,          68.39214674882624,       1.4110763290548425,               266.2384468339756,                  86.35768516559537, 4674967.068329851,0.7086788853369917,4674967.7770087365, 0.0006163482814096442
               0.00011114299462,               0.05109678180215,               0.03750658270085,        10.0769761599174,                0.10239583470965,  84.62687540023407,          68.39214674882624,       1.4110763290548425,               266.2384468339756,                  86.35768516559537, 4674967.068329851,0.7086788853369917,4674967.7770087365, 0.0006163482814096442
               0.00015698121855,               0.05017944624438,               0.04115431010693,       10.04550561679782,                0.10776396256844,  84.45797226318602,          70.52537608036468,       1.3691832531056758,              263.98186315432616,                  81.17239761394181, 4674967.068867027,0.7303624242640502, 4674967.799229451, 0.0006073121700702036
               0.00015698121855,               0.05017944624438,               0.04115431010693,       10.04550561679782,                0.10776396256844,  84.45797226318602,          70.52537608036468,       1.3691832531056758,              263.98186315432616,                  81.17239761394181, 4674967.068867027,0.7303624242640502, 4674967.799229451, 0.0006074752865788127
               0.00067874991152,               0.04927473649396,               0.03418451073999,       10.03119189627295,                0.10387369495782,  84.41230118830826,           65.8531686014141,       1.3848327893865364,              272.13098624230827,                  80.13406550584453, 4674967.070616082,0.7221088406225473, 4674967.792724923, 0.0006019571845482377
               0.00047461162127,               0.05380595724914,               0.03993793740608,         10.039657496035,                0.10195037214598,  84.51280272785553,          68.46165963473027,        1.360693337266319,               267.8774257042049,                   80.2700258678157, 4674967.074069775,0.7349194507037385, 4674967.808989225, 0.0006005231916827692
                  0.00052811071,               0.04930783701967,               0.04200918711608,       10.03316703018357,                0.10446549456467,  86.17474655031464,          70.02317599472914,       1.3964470725083806,              266.02198722254866,                  86.62756013581324, 4674967.108632928,0.7161030444238327, 4674967.824735972, 0.0006090923942578948
               0.00014541992514,               0.05022195166331,               0.03818117744958,       10.05804047627015,                0.10047393691252,  84.92487675038589,          67.78821685202709,       1.3724486326308938,              270.33229055174087,                  85.23129673992209,  4674967.11982468,0.7286247195154151, 4674967.848449399, 0.0006200041792886399
               0.00034076888778,               0.04864241261453,               0.03924305106353,       10.01915853816178,                0.10465676153847,  84.11449559414785,          69.49958569620813,       1.3858284347022214,              261.26287817907325,                  84.18252254781743, 4674967.120106114, 0.721590043153411, 4674967.841696157, 0.0006204590604575209
                9.520948213e-05,               0.05076416863043,               0.04103638388665,       10.11647204636444,                0.09975519523774,  85.88719109000495,          69.04994054329444,       1.3677569547053616,               266.9909465014006,                  82.12712897947917,  4674967.12916812,0.7311240469732557, 4674967.860292167, 0.0006202694976465884
               0.00011293737546,                0.0509471179125,                0.0340100791113,       10.09525303361723,                0.10338551336994,  85.47266306660825,          65.25161527118483,       1.3910938164356372,              272.15696404241754,                  81.86290490388973,  4674967.15116181,0.7188587773053822, 4674967.870020588, 0.0006268733733999101
               0.00045725086885,               0.05160557698991,               0.03857329520702,       10.07770100122648,                 0.1024303467385,  84.83488866677746,          68.52194643497069,       1.3983920680332185,               265.4235351000034,                  85.92637061316464, 4674967.157335636,0.7151070310391987, 4674967.872442667, 0.0006325663275138444
               0.00040890364001,               0.05151769738599,               0.04078125399273,       10.02447921964456,                0.10089115626498,  85.47941176477558,          68.09746993084246,       1.3473719221905873,               267.1744333316865,                  79.25845122719201,4674967.1651306525,0.7421855714301792, 4674967.907316224,  0.000633832542769036
               0.00057706690591,               0.04721925512229,                0.0349920054785,       10.04278170696052,                0.10276793077728,  84.99350908786866,          67.29632042258005,       1.3970083746238693,               270.3006345583835,                  86.12272074654113, 4674967.171497248,0.7158153223449646, 4674967.887312571, 0.0006351591051413537
               0.00038982973436,               0.05119338686949,               0.04016091505669,       10.04605935583416,                0.10038800105888,  85.40098486882653,          68.59699339981208,       1.3951692035437306,              269.12683965660165,                  85.04077617812933, 4674967.177002281, 0.716758940392319, 4674967.893761221, 0.0006357608818590703
                0.0005563300053,               0.05138290875108,               0.04008574049123,       10.02930597242808,                0.10408779301205,    85.350292799658,          68.62987214285275,       1.3813922718865022,               268.6501876019188,                  86.72917050388385, 4674967.187726056,0.7239073363530167, 4674967.911633393, 0.0006377586820287029
               0.00034137711218,               0.04768755894558,               0.04682582907618,       10.02633056329108,                0.10363626735184,  86.88802410174358,          71.95431142674266,        1.366470583491486,               261.1195104923528,                  82.39867061015676, 4674967.196204899,0.7318123142064921, 4674967.928017213, 0.0006407044980884607
               0.00012103126263,               0.04874381993223,               0.03386705098749,       10.05064361308043,                0.10763115661706,  83.67724719016643,          66.97536694444615,       1.3903398970064518,               267.2594900989981,                  81.61980464984708, 4674967.198205809,0.7192485824172242, 4674967.917454392, 0.0006408607523676223
               0.00012103126263,               0.04874381993223,               0.03386705098749,       10.05064361308043,                0.10763115661706,  83.67724719016643,          66.97536694444615,       1.3903398970064518,               267.2594900989981,                  81.61980464984708, 4674967.198205809,0.7192485824172242, 4674967.917454392, 0.0006415019044875377
                3.008404051e-05,               0.05106931882302,               0.03974364485595,        10.0563283720694,                0.10706828278053,   84.2755292109638,          70.31538682461431,        1.366731658491816,              263.37921020606643,                  85.03262078474918, 4674967.205264956,0.7316725223907499, 4674967.936937478, 0.0006373684302019434
               0.00026816790648,               0.05387827144528,               0.03462635477103,       10.03178227415923,                0.10490053640889,  84.95958164142525,          66.12773590265071,       1.3835307380809307,               269.1257067481747,                   83.5431375283942, 4674967.222412693,0.7227884227473551, 4674967.945201116, 0.0006419396513197852
               0.00024809542511,               0.05096424669002,                0.0407054140224,       10.00116133107548,                0.10223844863641,  83.83342592148435,          69.95442614187893,       1.3536193917981487,               264.4272638203022,                   80.2876608855422, 4674967.237978844, 0.738760102033999, 4674967.976738946, 0.0006492755705765215
                8.414830118e-05,               0.04899052052408,               0.03590019794454,       10.04326395191091,                0.10511314103182,   84.3681357947683,          69.06536772977267,        1.377393636361619,              266.86594322896474,                  79.53661599703959,  4674967.24421573, 0.726008871829477, 4674967.970224601, 0.0006531101415418928
               0.00065312176983,               0.05112693153636,               0.03377405614331,       10.06106774637482,                0.10334368860926,  85.01739780578065,          65.96251132755127,       1.3936612730300457,               273.5977510761409,                  83.00156934868477, 4674967.250217524,0.7175344679168976, 4674967.967751992, 0.0006538495144061071
               0.00065312176983,               0.05112693153636,               0.03377405614331,       10.06106774637482,                0.10334368860926,  85.01739780578065,          65.96251132755127,       1.3936612730300457,               273.5977510761409,                  83.00156934868477, 4674967.250217524,0.7175344679168976, 4674967.967751992, 0.0006558116436249825
               0.00014272373825,               0.04795298328285,               0.03322492414362,        10.0016793982032,                0.10784716837682,  83.31283756378564,          67.39775965164718,        1.401582670045937,              266.52670114525336,                   86.7691139874857, 4674967.271797822,0.7134791413818101, 4674967.985276964, 0.0006563681898875737
                7.325943176e-05,               0.05055824062366,               0.03378821164676,       10.13480343790746,                0.10207799611128,   85.6652123096205,          66.36779774480632,       1.3989148423790014,               270.3680566525782,                  82.80665142734789, 4674967.289957254,0.7148397956085698,  4674968.00479705, 0.0006661982027003894
               0.00025671351516,               0.04747781416505,               0.03707012323467,       10.08517885364854,                0.10573322310213,  85.32952841579942,          67.22254733561647,       1.3812629494361837,               268.9535926229099,                  81.98158965484689, 4674967.301981509,0.7239751130718369, 4674968.025956621, 0.0006729482163703437
               0.00068441911008,                 0.051456331363,               0.03700195723781,       10.04262262150339,                0.10285061918688,  85.14881448212779,          68.02989436825229,        1.391545571093091,               270.1316522311426,                  82.13934723703835, 4674967.309468034,0.7186254052854891, 4674968.028093439, 0.0006761569093184124
               0.00021992665261,               0.05256907748151,               0.03852786871585,       10.02551237105083,                 0.1039900361353,  85.21447034211926,          67.93168095489197,       1.3796925790998218,              271.48069859527834,                  82.70185491058425,  4674967.31215881,0.7247991437719035, 4674968.036957954, 0.0006762211526460103
               0.00021992665261,               0.05256907748151,               0.03852786871585,       10.02551237105083,                 0.1039900361353,  85.21447034211926,          67.93168095489197,       1.3796925790998218,              271.48069859527834,                  82.70185491058425,  4674967.31215881,0.7247991437719035, 4674968.036957954, 0.0006771309321784536
               0.00021992665261,               0.05256907748151,               0.03852786871585,       10.02551237105083,                 0.1039900361353,  85.21447034211926,          67.93168095489197,       1.3796925790998218,              271.48069859527834,                  82.70185491058425,  4674967.31215881,0.7247991437719035, 4674968.036957954, 0.0006771309321784536
               0.00043806643666,                0.0513443529363,               0.03765416175093,       10.06708860702434,                0.10349247133699,  84.79765319344683,          66.97513103159642,        1.397159860410245,               270.4046758310769,                  85.37273604694597, 4674967.345146444, 0.715737710720069, 4674968.060884154, 0.0006782097534835242
               0.00066384490033,               0.05142566030114,               0.03980117176842,       10.04209671505095,                0.10250008262699,  85.78607590707468,          68.92651681164813,       1.3770113752378021,              264.55252804731276,                   86.4114320989982, 4674967.348034244,0.7262104133506563,4674968.0742446575, 0.0006869570778882642
                2.223458865e-05,               0.05005498152819,               0.03958296274803,       10.21951744804549,                0.10554335080136,  85.37534345112886,          69.55414703510722,       1.3817588293188323,              264.25425323540577,                  84.12910124927792, 4674967.361870768,0.7237152958834151, 4674968.085586064, 0.0006892949903469887
                2.223458865e-05,               0.05005498152819,               0.03958296274803,       10.21951744804549,                0.10554335080136,  85.37534345112886,          69.55414703510722,       1.3817588293188323,              264.25425323540577,                  84.12910124927792, 4674967.361870768,0.7237152958834151, 4674968.085586064, 0.0006940636372437171
                6.803654816e-05,               0.04715863017957,               0.03783452592969,       10.02992153051103,                0.10358414257145,  86.18216361121118,          66.91319843002564,        1.376398404177476,               269.5883558960899,                  83.37196619433904, 4674967.363714242,0.7265338269536803,  4674968.09024807, 0.0006877914941067824
               0.00051185814662,                0.0511886311139,               0.03731466447781,       10.06415200095765,                0.10285994783573,  84.81484612173521,          68.52173302042915,       1.3975474106808083,               268.6063128810367,                  82.74122892417627, 4674967.391560715,0.7155392313401768, 4674968.107099946, 0.0006946719112400947
               0.00049118854676,                0.0513508453391,               0.03939020793819,       10.01695341002149,                0.10144452447963,  85.51775446011612,           68.7502355138491,       1.4057194881701494,               268.2730136356431,                  85.59251525517585, 4674967.396786773,0.7113794810525947, 4674968.108166254, 0.0007026752777179527
               0.00049118854676,                0.0513508453391,               0.03939020793819,       10.01695341002149,                0.10144452447963,  85.51775446011612,           68.7502355138491,       1.4057194881701494,               268.2730136356431,                  85.59251525517585, 4674967.396786773,0.7113794810525947, 4674968.108166254, 0.0007045113845374469
               0.00049118854676,                0.0513508453391,               0.03939020793819,       10.01695341002149,                0.10144452447963,  85.51775446011612,           68.7502355138491,       1.4057194881701494,               268.2730136356431,                  85.59251525517585, 4674967.396786773,0.7113794810525947, 4674968.108166254, 0.0007045113845374469
               0.00049118854676,                0.0513508453391,               0.03939020793819,       10.01695341002149,                0.10144452447963,  85.51775446011612,           68.7502355138491,       1.4057194881701494,               268.2730136356431,                  85.59251525517585, 4674967.396786773,0.7113794810525947, 4674968.108166254, 0.0007045113845374469
               0.00049118854676,                0.0513508453391,               0.03939020793819,       10.01695341002149,                0.10144452447963,  85.51775446011612,           68.7502355138491,       1.4057194881701494,               268.2730136356431,                  85.59251525517585, 4674967.396786773,0.7113794810525947, 4674968.108166254, 0.0007045113845374469
               0.00049118854676,                0.0513508453391,               0.03939020793819,       10.01695341002149,                0.10144452447963,  85.51775446011612,           68.7502355138491,       1.4057194881701494,               268.2730136356431,                  85.59251525517585, 4674967.396786773,0.7113794810525947, 4674968.108166254, 0.0007045113845374469
               0.00049118854676,                0.0513508453391,               0.03939020793819,       10.01695341002149,                0.10144452447963,  85.51775446011612,           68.7502355138491,       1.4057194881701494,               268.2730136356431,                  85.59251525517585, 4674967.396786773,0.7113794810525947, 4674968.108166254, 0.0007045113845374469
               0.00041313640837,               0.04867583763061,               0.04198839667174,       10.12798402054016,                0.10365067782464,  86.17580823182453,           69.6798607105435,       1.3852867065262418,               264.9338151334436,                  82.53792263053577, 4674967.400292462,0.7218722270912493, 4674968.122164689, 0.0006811701462837342
               0.00051215743703,               0.05047849399477,               0.03479485246527,       10.04319915557072,                0.10597920449159,  84.68705302938605,          66.64208499340171,       1.3697023537891355,               268.6779521837637,                  83.68257855773824, 4674967.416594632,0.7300856257081012, 4674968.146680257, 0.0006845489771236905
               0.00033847886611,               0.05266654518912,               0.03800584129992,       10.00579308994071,                0.10165239269581,  85.60509613256721,          67.79732749571863,       1.3460083336532713,              266.33224210436435,                  82.92692835136401, 4674967.431379432,0.7429374506811914, 4674968.174316882, 0.0006918092318661406
               0.00034667183877,               0.04957867805122,               0.03675081769522,       10.07129170509208,                0.10558222797204,  84.95993888646893,          69.20775604982344,       1.3905127821389416,              263.12010216371397,                  85.08932745418996, 4674967.432120354,0.7191591568556174, 4674968.151279511, 0.0006937129830107289
               0.00018310315053,               0.05102026228522,                0.0376236018751,        10.0542537344548,                0.10003424998456,  85.10198910929019,          67.68112283484722,       1.3702475901696056,              270.12345135964347,                  85.00394038262633,4674967.4324821625,0.7297951167177186, 4674968.162277279, 0.0006906423298524951
               0.00018310315053,               0.05102026228522,                0.0376236018751,        10.0542537344548,                0.10003424998456,  85.10198910929019,          67.68112283484722,       1.3702475901696056,              270.12345135964347,                  85.00394038262633,4674967.4324821625,0.7297951167177186, 4674968.162277279,  0.000690767270054894
               0.00031167877801,               0.05088607900692,               0.03701423031502,       10.00161921048626,                0.10818649467786,  85.11419268561099,          67.60825663335058,        1.396894248141561,              267.37386428770753,                  84.75504084904618, 4674967.447959511,0.7158738045706808,4674968.1638333155, 0.0006892275651560406
               0.00055026479884,               0.04727158473978,               0.03520793549805,       10.07268135832427,                0.10436397621408,  84.30029262884327,          66.85841291727336,       1.3924653820856234,               269.2119577469659,                  81.77203346888682, 4674967.455556769,0.7181507079926167, 4674968.173707477, 0.0006937408899438672
               0.00055026479884,               0.04727158473978,               0.03520793549805,       10.07268135832427,                0.10436397621408,  84.30029262884327,          66.85841291727336,       1.3924653820856234,               269.2119577469659,                  81.77203346888682, 4674967.455556769,0.7181507079926167, 4674968.173707477,  0.000696376141514337
               0.00012033196229,               0.04963770333926,               0.03567814698631,       10.03058237205762,                0.10404119447646,  84.60779918428115,          67.70763177379415,       1.3509821410133624,              268.15095989023234,                  78.32504943740292, 4674967.465493599,0.7402022348348046, 4674968.205695834, 0.0006928895602700038
               0.00033596702222,               0.05246688931415,               0.04134111703703,       10.01963661234518,                 0.1055569412881,  85.92733269302619,          69.20917639368524,        1.381659891484967,              265.74507179730256,                  81.65801187740303, 4674967.480925161,0.7237671196528906, 4674968.204692281, 0.0006982552332673986
               0.00028760042118,               0.04986417747295,               0.03693411723978,        10.0270851746672,                0.10504671282806,  84.96465095996032,           69.2003726934969,       1.3733376007369325,               268.2038474753109,                  83.00045650051267, 4674967.490485322,0.7281530771919449, 4674968.218638399, 0.0007035047848095584
               0.00012667827505,               0.05017565233267,                0.0339748731871,       10.04374199378018,                0.10693702793099,  84.10804872100412,          67.88572718294806,       1.3798085830032312,               264.4345721929918,                   80.6271136059669, 4674967.500247219, 0.724738208124089, 4674968.224985427, 0.0007068006446791735
               0.00018163638661,               0.05018010144339,               0.03781192483363,       10.04815479890324,                 0.1026854652112,  85.29321298377096,          66.83859455000473,       1.4087032436026539,               271.1182099886844,                    85.860962909325,  4674967.52701829,0.7098727177219911, 4674968.236891008, 0.0007163044359601145
               0.00018163638661,               0.05018010144339,               0.03781192483363,       10.04815479890324,                 0.1026854652112,  85.29321298377096,          66.83859455000473,       1.4087032436026539,               271.1182099886844,                    85.860962909325,  4674967.52701829,0.7098727177219911, 4674968.236891008, 0.0007258919820587503
                 3.96426952e-06,                0.0506258221683,               0.03515422795884,       10.15022109380599,                0.10320680037691,    83.821244558479,          66.94593228850522,       1.3833545836967942,               269.0783352411821,                  85.06519678525125,  4674967.52859409,0.7228804615861103, 4674968.251474551, 0.0007192358622561133
               0.00026034393359,               0.04892327786466,                0.0325964791193,       10.03748859348395,                0.10532372923856,   84.5139094643339,          66.40011718361436,       1.3629451738788834,               269.4568655709599,                   80.7201043118896, 4674967.531802803,0.7337052283284756,4674968.2655080315, 0.0007173723612004389
                8.932980634e-05,               0.04659880857932,                 0.035023832299,       10.04255494410437,                 0.1050130021827,  83.97104539088808,          68.37057879533472,       1.3914538965908345,              269.12687566300264,                  82.52700485478593,  4674967.54884124,0.7186727511777964, 4674968.267513991, 0.0007210915260964209
                8.932980634e-05,               0.04659880857932,                 0.035023832299,       10.04255494410437,                 0.1050130021827,  83.97104539088808,          68.37057879533472,       1.3914538965908345,              269.12687566300264,                  82.52700485478593,  4674967.54884124,0.7186727511777964, 4674968.267513991, 0.0007272345136464987
                8.932980634e-05,               0.04659880857932,                 0.035023832299,       10.04255494410437,                 0.1050130021827,  83.97104539088808,          68.37057879533472,       1.3914538965908345,              269.12687566300264,                  82.52700485478593,  4674967.54884124,0.7186727511777964, 4674968.267513991, 0.0007272345136464987
                8.932980634e-05,               0.04659880857932,                 0.035023832299,       10.04255494410437,                 0.1050130021827,  83.97104539088808,          68.37057879533472,       1.3914538965908345,              269.12687566300264,                  82.52700485478593,  4674967.54884124,0.7186727511777964, 4674968.267513991, 0.0007272345136464987
               0.00044135352947,               0.05270902796502,               0.04486569400289,       10.00077464196971,                0.10185700666591,  86.39290685976806,          70.86508004379715,       1.3465730394929698,               262.6545180689577,                  83.97925461524648, 4674967.552032848,0.7426258885864325, 4674968.294658736, 0.0007139014309822981
               0.00044135352947,               0.05270902796502,               0.04486569400289,       10.00077464196971,                0.10185700666591,  86.39290685976806,          70.86508004379715,       1.3465730394929698,               262.6545180689577,                  83.97925461524648, 4674967.552032848,0.7426258885864325, 4674968.294658736, 0.0007150406765693121
               0.00044135352947,               0.05270902796502,               0.04486569400289,       10.00077464196971,                0.10185700666591,  86.39290685976806,          70.86508004379715,       1.3465730394929698,               262.6545180689577,                  83.97925461524648, 4674967.552032848,0.7426258885864325, 4674968.294658736, 0.0007150406765693121
               0.00047250529319,               0.04964382927645,               0.04015939773925,       10.02596691417389,                 0.1059386143185,  85.19197318613283,          69.72643975134551,       1.3983687039871924,               264.5238963797973,                  87.97999898886883, 4674967.567551169,0.7151189790994915, 4674968.282670148, 0.0007098763617333883
                4.405200858e-05,               0.04892332692991,               0.03469597626867,        10.0318124062409,                0.10735913472024,  83.59524014695181,          67.22814652836425,       1.3725291277776686,                266.590508902391,                    83.359601600689, 4674967.569325642,0.7285819876326782, 4674968.297907629, 0.0007124572879028787
                5.662527932e-05,               0.04752929228721,               0.04361419446198,       10.10819330366996,                0.10376768936961,  85.71555710291463,          71.40860942186322,       1.3789103718356557,               262.1488258855011,                  84.64695046790358, 4674967.593729835,0.7252102967858336, 4674968.318940132, 0.0007183061026990169
                5.662527932e-05,               0.04752929228721,               0.04361419446198,       10.10819330366996,                0.10376768936961,  85.71555710291463,          71.40860942186322,       1.3789103718356557,               262.1488258855011,                  84.64695046790358, 4674967.593729835,0.7252102967858336, 4674968.318940132,  0.000727070508101643
                5.662527932e-05,               0.04752929228721,               0.04361419446198,       10.10819330366996,                0.10376768936961,  85.71555710291463,          71.40860942186322,       1.3789103718356557,               262.1488258855011,                  84.64695046790358, 4674967.593729835,0.7252102967858336, 4674968.318940132,  0.000727070508101643
               0.00035566771864,               0.05197526872942,               0.03880903530545,       10.03260427910394,                0.10677003346374,  84.14361870607819,          69.71940234238608,       1.3722804813169827,              264.23611881262843,                  84.81954875875599, 4674967.595480896,0.7287140009747106, 4674968.324194897, 0.0007168463298811384
               0.00031554111918,               0.05306560959677,               0.03497673167759,       10.08235940015395,                0.10541331064917,  84.52269061277839,          66.99415079963315,         1.38554728138821,               269.7108422455682,                  82.91710193474327,4674967.6181240855,0.7217364671944492, 4674968.339860553, 0.0007220791669063064
               0.00021353370834,               0.04602223094629,               0.04229759990622,       10.00544978048808,                  0.101568584531,  85.33154442096877,          69.70548273134995,        1.370494755636885,               264.8457800906481,                  82.79765081036386,4674967.6326414505, 0.729663499905396,  4674968.36230495, 0.0007319335817209543
               0.00021353370834,               0.04602223094629,               0.04229759990622,       10.00544978048808,                  0.101568584531,  85.33154442096877,          69.70548273134995,        1.370494755636885,               264.8457800906481,                  82.79765081036386,4674967.6326414505, 0.729663499905396,  4674968.36230495, 0.0007372463616694755
               0.00031850229438,               0.05121733275103,               0.03951776794331,       10.09847027097961,                0.10314046479362,  85.30325520270681,          69.40825169126705,       1.3711125344887527,               267.4404047488489,                  82.40211105615948, 4674967.640273963, 0.729334737190533,   4674968.3696087, 0.0007327067607724351
               0.00026996394707,               0.05020169921372,               0.03523517357634,        10.0535833292599,                0.10421633732899,  84.61024852310723,           67.4027205826199,       1.3511300361970873,               266.3612657992028,                  80.20449388915753, 4674967.659429498,0.7401212120297587,  4674968.39955071, 0.0007389207197356755
               0.00031604137378,               0.04685833195064,               0.04098410717922,       10.06459364019129,                0.10234577128858,  85.31412567044097,          69.27048259099809,       1.3930834457284371,               264.2057355950958,                   84.5995163319131, 4674967.661227743,0.7178320890010321, 4674968.379059833, 0.0007429542890236388
               0.00032435049759,               0.05246881147228,               0.04434772275504,       10.03342375167724,                0.10324441331025,  85.79613620105467,           70.7622782057415,       1.3839981135298352,              265.57543038255767,                  85.82660821697674, 4674967.681732282,0.7225443374698955,  4674968.40427662, 0.0007475868759243601
               0.00021173798988,               0.04875895308497,                0.0421922276014,       10.09030605928152,                0.10160338147248,  85.13735691259204,          70.44338785792483,       1.3703516542614833,                263.296045613125,                  84.09953995866977, 4674967.707743321,0.7297396962963678, 4674968.437483017, 0.0007613953861032772
               0.00019193092392,               0.04913926214738,               0.03270647631372,       10.07758040649131,                0.10249313397647,  84.84719008866556,          65.99989422467861,       1.3905653904836157,               269.6618224461802,                  80.48894213503392, 4674967.715242289,0.7191319493808317, 4674968.434374238, 0.0007703482659358144
                  2.4079894e-07,               0.04897188658701,               0.03850612707923,       10.06789250750686,                 0.1028648867244,  85.55861384166322,          68.64084706584035,       1.3719910710034697,               269.5871167950212,                  83.10823782880419, 4674967.724573787,0.7288677172429433, 4674968.453441504, 0.0007729962926478776
               0.00018486179912,               0.04837178409074,                0.0422955740118,       10.07260948589125,                0.10277600003239,  85.67839559892349,          69.13588899873629,       1.3908694818772627,               265.7529613155317,                  86.33238289820115, 4674967.733421693,0.7189747226679355, 4674968.452396415, 0.0007761729070924843
                4.683684659e-05,               0.04984591531548,               0.03807140075006,       10.18900691389792,                0.10535271515521,  85.19566575768064,          69.10306201835094,       1.3887891563559676,               263.9581975117217,                  83.42348108001364,  4674967.76110331,0.7200517050578734, 4674968.481155015, 0.0007866146851129481
                8.568463818e-05,               0.05223530039264,               0.03632328178246,       10.01558108925981,                 0.1022143283579,  84.44043001913145,           66.0728808665467,       1.3533251196203284,                270.198646115653,                  79.84900077064003, 4674967.764384978,0.7389207408494326, 4674968.503305719, 0.0007948379008297319
                8.568463818e-05,               0.05223530039264,               0.03632328178246,       10.01558108925981,                 0.1022143283579,  84.44043001913145,           66.0728808665467,       1.3533251196203284,                270.198646115653,                  79.84900077064003, 4674967.764384978,0.7389207408494326, 4674968.503305719, 0.0007961420969667512
                8.568463818e-05,               0.05223530039264,               0.03632328178246,       10.01558108925981,                 0.1022143283579,  84.44043001913145,           66.0728808665467,       1.3533251196203284,                270.198646115653,                  79.84900077064003, 4674967.764384978,0.7389207408494326, 4674968.503305719, 0.0007961420969667512
               0.00032486581066,               0.05213954127066,               0.03983129266671,       10.03340629790388,                0.10484422909305,  84.53671238663246,           69.1403265537089,       1.3836728056836354,               267.9354179061595,                  85.24496846818954,  4674967.77038203, 0.722714210969787, 4674968.493096241, 0.0007866180674975477
               0.00046663722725,               0.04960773649521,               0.04036181933917,       10.08058624669231,                0.10644003967793,  85.17199953376705,          70.28862223608283,        1.384211435094848,               264.4102945520741,                  84.10603544599597, 4674967.780462675,0.7224329857753838, 4674968.502895661, 0.0007890284210241135
               0.00075910578854,               0.05041017191879,               0.03894510296817,       10.05433301961717,                0.09992472218284,  84.93990258035258,          67.74494190123555,        1.367410355889553,               268.6998389411643,                  81.82701768299461, 4674967.783593808,0.7313093656874213, 4674968.514903174,  0.000790297306666643
               0.00075910578854,               0.05041017191879,               0.03894510296817,       10.05433301961717,                0.09992472218284,  84.93990258035258,          67.74494190123555,        1.367410355889553,               268.6998389411643,                  81.82701768299461, 4674967.783593808,0.7313093656874213, 4674968.514903174,  0.000791534569115906
                2.671708223e-05,               0.04942031042528,               0.03861825956292,       10.00221987431555,                 0.1010324820177,  85.21856997655273,           66.6156991558635,       1.3553690066206858,               270.4246270589747,                  80.04957603946603, 4674967.786471554,0.7378064535305259, 4674968.524278007, 0.0007847878118015817
                2.671708223e-05,               0.04942031042528,               0.03861825956292,       10.00221987431555,                 0.1010324820177,  85.21856997655273,           66.6156991558635,       1.3553690066206858,               270.4246270589747,                  80.04957603946603, 4674967.786471554,0.7378064535305259, 4674968.524278007, 0.0007859170213036211
                2.671708223e-05,               0.04942031042528,               0.03861825956292,       10.00221987431555,                 0.1010324820177,  85.21856997655273,           66.6156991558635,       1.3553690066206858,               270.4246270589747,                  80.04957603946603, 4674967.786471554,0.7378064535305259, 4674968.524278007, 0.0007859170213036211
                2.671708223e-05,               0.04942031042528,               0.03861825956292,       10.00221987431555,                 0.1010324820177,  85.21856997655273,           66.6156991558635,       1.3553690066206858,               270.4246270589747,                  80.04957603946603, 4674967.786471554,0.7378064535305259, 4674968.524278007, 0.0007859170213036211
                2.671708223e-05,               0.04942031042528,               0.03861825956292,       10.00221987431555,                 0.1010324820177,  85.21856997655273,           66.6156991558635,       1.3553690066206858,               270.4246270589747,                  80.04957603946603, 4674967.786471554,0.7378064535305259, 4674968.524278007, 0.0007859170213036211
                2.671708223e-05,               0.04942031042528,               0.03861825956292,       10.00221987431555,                 0.1010324820177,  85.21856997655273,           66.6156991558635,       1.3553690066206858,               270.4246270589747,                  80.04957603946603, 4674967.786471554,0.7378064535305259, 4674968.524278007, 0.0007859170213036211
               0.00025322238991,               0.04869666057889,               0.03327635056183,        10.0458185285388,                0.10806676370215,  84.51609218343992,          66.68138118788409,       1.3965259844118627,               267.1963493901243,                  83.29856526965878, 4674967.790877952,0.7160625804045766,4674968.5069405325, 0.0007641403624951905
               0.00025322238991,               0.04869666057889,               0.03327635056183,        10.0458185285388,                0.10806676370215,  84.51609218343992,          66.68138118788409,       1.3965259844118627,               267.1963493901243,                  83.29856526965878, 4674967.790877952,0.7160625804045766,4674968.5069405325, 0.0007658239131267628
               0.00052159665871,               0.04777923807517,               0.03570738142453,       10.04186606062307,                0.10211301339617,  85.22728308489258,          66.33635885982527,        1.380828108119069,               272.1708395033158,                    82.913535131987,  4674967.79547902, 0.724203102558635, 4674968.519682122, 0.0007599520670187202
               0.00052159665871,               0.04777923807517,               0.03570738142453,       10.04186606062307,                0.10211301339617,  85.22728308489258,          66.33635885982527,        1.380828108119069,               272.1708395033158,                    82.913535131987,  4674967.79547902, 0.724203102558635, 4674968.519682122, 0.0007617003593541892
               0.00034976905081,               0.05196233172224,               0.03674859470645,       10.00136451473678,                0.10127654026984,  85.24730762427588,          67.63991985553344,       1.3611002899374745,                270.266452434865,                  83.91955814466574,4674967.8043181505, 0.734699718597472, 4674968.539017869, 0.0007574689122532073
               0.00051160632934,               0.04799439676923,                0.0397087887389,       10.00369009617498,                0.10416217582815,  86.35209691112253,          69.19001551922267,       1.4036350410695289,              265.11134291421166,                  86.12631291291622, 4674967.804833293,0.7124359044485162, 4674968.517269198, 0.0007572264568772608
                6.092061679e-05,               0.04958401565579,               0.03773640855355,       10.13696750938098,                0.10496616793941,  84.32480804514306,          67.82162651510384,        1.376545270048802,              266.15544785272215,                  84.80242315096571, 4674967.824034446,0.7264563118687317, 4674968.550490757, 0.0007609586483047847
               0.00011218783428,                0.0505507353093,               0.04177614483231,       10.02268957088626,                0.10231721330828,  86.44703875805219,          68.99283706895051,       1.3486599600204736,              266.00465066296493,                  79.60482139300483, 4674967.830439692,0.7414767470258546,  4674968.57191644, 0.0007668979326929822
               0.00011218783428,                0.0505507353093,               0.04177614483231,       10.02268957088626,                0.10231721330828,  86.44703875805219,          68.99283706895051,       1.3486599600204736,              266.00465066296493,                  79.60482139300483, 4674967.830439692,0.7414767470258546,  4674968.57191644, 0.0007693540094710986
               0.00021457576215,               0.04882537356741,               0.03297029256794,       10.03218459507924,                0.10541630415127,  84.57401147657592,           67.6241517634681,       1.3837579037566277,              270.54004605318795,                  81.42239193336277, 4674967.836443777,0.7226697656325567, 4674968.559113543, 0.0007639922758868739
               0.00020325845653,               0.05341883082955,               0.03419310383391,       10.04717411240272,                0.10540111459922,  83.98170494404876,          66.95963492020908,       1.3651553778293632,                 269.81717513495,                  81.96979429235584, 4674967.839640943,0.7325173502154964, 4674968.572158294, 0.0007636942662604528
               0.00040495660158,               0.04915963263931,               0.03970153879034,       10.04357082831207,                0.10488918975944,  85.98232521021697,          68.86536156540626,        1.407377029819773,               265.3287071324522,                   83.8738204105527, 4674967.847134348,0.7105416521740864,4674968.5576760005, 0.0007639719080937274
                 9.96386464e-06,               0.04845818101454,               0.04382752486264,       10.00070459771652,                0.10474784370537,  86.25243907073524,          70.53408461116862,       1.3603032770375996,              262.84804878537614,                  85.18093393391443,4674967.8621017095,0.7351301852170422, 4674968.597231895, 0.0007687723132695384
               0.00050624121641,               0.05030882592939,               0.03941926680398,       10.12692200775864,                0.10426395862726,  84.93739897212119,          68.96757459336628,       1.3681137098320015,              264.76882926335344,                  81.66654578416777, 4674967.868443085,0.7309333959695468, 4674968.599376481, 0.0007731234166940131
                4.551210852e-05,               0.05047117969145,               0.03429431394361,       10.15113838519002,                0.10555095696237,  84.50152409447702,          67.14082271600036,       1.3964924534132188,              269.28745084209385,                   82.1934223548737, 4674967.872695737,0.7160797736900497,  4674968.58877551, 0.0007733605746085563
                 0.000371403195,               0.04830617307991,               0.03256460475632,       10.07687740335565,                0.10604997534815,  84.53848900110536,          66.68070414913927,       1.3774160242069666,              267.62248315052267,                  81.68073173660588,4674967.8779878225,0.7259970716369006, 4674968.603984894, 0.0007731951455398229
                7.549513618e-05,                0.0515560662561,               0.03933911204736,       10.05904728608479,                0.10374084335944,  85.63405390521734,          68.69758533298995,       1.3508868562209904,               263.3099756271404,                  83.07007467307437, 4674967.890008027,0.7402544449928462, 4674968.630262472, 0.0007760482000850453
                0.0004483681925,               0.04693559831348,               0.03324456190497,       10.02296589537602,                0.10532823479114,   84.9006751276798,          66.84592491527287,         1.37459035947419,              267.72572597589556,                  80.78303781255656, 4674967.900821149,0.7274894612112086, 4674968.628310611, 0.0007810508914031742
               0.00018290108343,                0.0510110433738,               0.03514039994666,       10.00625245986892,                0.10571669266725,  84.66427242523586,          67.38425160809462,       1.3846754509444157,              265.71034102646513,                  79.96309568575984,4674967.9042698145,0.7221908926874897, 4674968.626460707, 0.0007827164777240851
               0.00014694068864,               0.05101393892317,               0.04577552149484,       10.03340851191868,                0.10541172198489,  86.13043970412724,             71.02519847814,        1.370603265577255,              263.26810779221535,                  85.17561699040034, 4674967.907316448,0.7296057328295007, 4674968.636922181, 0.0007813555647970539
               0.00014694068864,               0.05101393892317,               0.04577552149484,       10.03340851191868,                0.10541172198489,  86.13043970412724,             71.02519847814,        1.370603265577255,              263.26810779221535,                  85.17561699040034, 4674967.907316448,0.7296057328295007, 4674968.636922181, 0.0007825458158227362
               0.00017048392833,               0.05141065538812,               0.04006936848437,       10.10653043587576,                0.10102287179158,  85.57425518652761,          68.71852882522549,       1.3879468645422823,              266.09081347887104,                  82.42477994142988, 4674967.908326592,0.7204886768700475, 4674968.628815269, 0.0007751507971030317
               0.00023731043084,               0.05203508828079,                0.0334377487711,       10.03224619467299,                0.10265141851241,  84.50443318621763,          66.72428893526546,       1.3791262647523825,               270.7286180136757,                   85.7143204952305, 4674967.915609939,0.7250967700042654, 4674968.640706709, 0.0007745043641213305
               0.00026738961022,               0.04776861772392,               0.03589712580086,        10.0021287148208,                0.10187371915488,  86.50487859920135,          66.94218232239368,       1.4052174021147203,               269.9473487521016,                  84.01801716357086, 4674967.925728084,0.7116336578917211, 4674968.637361742, 0.0007773903961090154
               0.00026738961022,               0.04776861772392,               0.03589712580086,        10.0021287148208,                0.10187371915488,  86.50487859920135,          66.94218232239368,       1.4052174021147203,               269.9473487521016,                  84.01801716357086, 4674967.925728084,0.7116336578917211, 4674968.637361742, 0.0007813232369288068
               0.00018879661684,               0.05161431436176,               0.04067456574156,       10.03367139700238,                0.10808225019998,  84.91471554646263,          69.58391381296593,       1.3663204759356746,              265.24331640104464,                  82.39158373981188, 4674967.926688105,0.7318927130292668, 4674968.658580818, 0.0007739203659976004
               0.00049538296453,               0.05030577297547,                0.0372999561512,       10.03265480609188,                0.10804212088597,  84.96610649170898,          68.77449339698032,       1.3852637744523792,              267.78460201754183,                  82.44588275201019, 4674967.933469625,0.7218841771815759, 4674968.655353802, 0.0007730609122116099
               0.00049538296453,               0.05030577297547,                0.0372999561512,       10.03265480609188,                0.10804212088597,  84.96610649170898,          68.77449339698032,       1.3852637744523792,              267.78460201754183,                  82.44588275201019, 4674967.933469625,0.7218841771815759, 4674968.655353802, 0.0007756821666916509
               0.00019094455698,               0.05134841387676,               0.04277931777607,       10.10122263257639,                0.10201937564792,  84.90114544953491,          70.62658576198585,       1.3759083769719407,               263.8348905010669,                  83.21496255931106, 4674967.944043629,0.7267925806228254, 4674968.670836209, 0.0007720457051854106
               0.00045532333506,               0.04969453474997,               0.04327063113508,       10.11432426818166,                0.10404826035101,  85.51623402568632,          70.74069909661455,       1.3724932139783268,               262.0171390870639,                   84.2468460164171, 4674967.965091676,0.7286010523151418, 4674968.693692729, 0.0007804796264977903
               0.00045532333506,               0.04969453474997,               0.04327063113508,       10.11432426818166,                0.10404826035101,  85.51623402568632,          70.74069909661455,       1.3724932139783268,               262.0171390870639,                   84.2468460164171, 4674967.965091676,0.7286010523151418, 4674968.693692729, 0.0007886931091211093
               0.00027369970009,               0.05213585663013,                 0.038674693162,       10.07349545362007,                0.10176803012667,  85.06674496945921,          69.09965712744196,       1.3872727741119575,               264.9087304054625,                  83.45120555106477, 4674967.984178996,0.7208387698952252, 4674968.705017766,  0.000788369114554777
               0.00027369970009,               0.05213585663013,                 0.038674693162,       10.07349545362007,                0.10176803012667,  85.06674496945921,          69.09965712744196,       1.3872727741119575,               264.9087304054625,                  83.45120555106477, 4674967.984178996,0.7208387698952252, 4674968.705017766, 0.0007958928124282231
               0.00020435911106,               0.04918422803348,               0.03542400230477,       10.10160980395768,                0.10366211322743,  84.51571249939275,          66.92596512369826,       1.3695378870087422,                266.916840907088,                  84.09347334749746, 4674967.985554556,0.7301733011447654, 4674968.715727857, 0.0007885158059876693
               0.00015721414108,               0.04926943558818,               0.04238253927565,       10.05640961423974,                0.10418189261279,   84.2380041367871,          70.50579062510259,        1.362164101088062,               263.3475616445854,                  82.71548660179234,4674968.0015021395,0.7341259391590378, 4674968.735628079, 0.0007914431390181761
               0.00014373185933,               0.04633630217321,               0.03721254424131,       10.01730350044223,                0.10150486827308,  84.94466190332608,          68.35042018051577,        1.407422107455434,              265.85701422512267,                  85.22980860658882, 4674968.004412309,0.7105188945823525, 4674968.714931204,  0.000794941590035701
               0.00020217905171,               0.04717069815965,               0.03699730734042,       10.12268620728099,                0.10478992164042,   84.5092256907636,          68.36823875888095,       1.4042028447424522,               267.2555037001572,                  84.74508912740968, 4674968.043348834,0.7121478237593317, 4674968.755496657,  0.000807863317165189
               0.00020217905171,               0.04717069815965,               0.03699730734042,       10.12268620728099,                0.10478992164042,   84.5092256907636,          68.36823875888095,       1.4042028447424522,               267.2555037001572,                  84.74508912740968, 4674968.043348834,0.7121478237593317, 4674968.755496657, 0.0008235890253168351
               0.00020217905171,               0.04717069815965,               0.03699730734042,       10.12268620728099,                0.10478992164042,   84.5092256907636,          68.36823875888095,       1.4042028447424522,               267.2555037001572,                  84.74508912740968, 4674968.043348834,0.7121478237593317, 4674968.755496657, 0.0008235890253168351
               0.00021216014511,               0.05039258698533,               0.03946406320399,       10.04257783542872,                0.10673132269599,  85.24721713552624,          68.65588189106049,        1.362961612467034,               264.2048095525987,                  81.84380726013056,4674968.0461676605,0.7336963791591651, 4674968.779864039, 0.0008124417167529019
               0.00021216014511,               0.05039258698533,               0.03946406320399,       10.04257783542872,                0.10673132269599,  85.24721713552624,          68.65588189106049,        1.362961612467034,               264.2048095525987,                  81.84380726013056,4674968.0461676605,0.7336963791591651, 4674968.779864039, 0.0008135867825021379
               0.00039441754893,               0.05367657801155,               0.03669377601401,        10.0392210512558,                0.10608353515366,  84.62350437308241,          67.50319100084447,       1.3745805559545594,              267.50349808117267,                  83.88169313213072,  4674968.05823647,0.7274946496719235,  4674968.78573112, 0.0008103815018364474
               0.00012136803155,               0.04962409060286,               0.03744374005552,       10.08046210962253,                0.10080962022444,  86.21858158634484,          67.36450809924027,       1.3782079732436656,               267.4698673228828,                  82.27016742342386, 4674968.061338637,0.7255798975291526, 4674968.786918535, 0.0008124757521285497
               0.00080435990204,                0.0518112222631,               0.04035540932805,       10.01760927356009,                0.10147575225471,  85.70597264713247,          68.86768312672191,       1.3942809584047933,               267.5356510063484,                  85.20224570919311, 4674968.069343035,0.7172155611621542, 4674968.786558596,  0.000812941065377515
               0.00080435990204,                0.0518112222631,               0.04035540932805,       10.01760927356009,                0.10147575225471,  85.70597264713247,          68.86768312672191,       1.3942809584047933,               267.5356510063484,                  85.20224570919311, 4674968.069343035,0.7172155611621542, 4674968.786558596, 0.0008161945998526557
                2.046398244e-05,               0.04937299023017,               0.03852449889367,       10.06431384951435,                0.10475688475242,  86.39818605598148,          67.53576747777572,       1.3862547502282447,               266.5204259577567,                  83.49774542012891, 4674968.073324911,0.7213681322537229, 4674968.794693043, 0.0008096852925817757
                 1.08636722e-05,               0.04711719885868,               0.03974891154826,       10.04397172091984,                0.10309391639399,  86.16359171343433,          67.70010067428197,       1.3830196520666456,              267.65172542125026,                  84.15596405761076, 4674968.081888756,0.7230555245586717, 4674968.804944281, 0.0008107324902143427
                3.199745674e-05,               0.05315138000303,               0.04010131385144,       10.01920966393104,                0.10056673117179,  84.70383392601919,          67.48820633013389,       1.3514132915250165,              267.16793993148934,                  81.07986185269935, 4674968.100081151, 0.739966083115506, 4674968.840047235, 0.0008175899511565443
                3.199745674e-05,               0.05315138000303,               0.04010131385144,       10.01920966393104,                0.10056673117179,  84.70383392601919,          67.48820633013389,       1.3514132915250165,              267.16793993148934,                  81.07986185269935, 4674968.100081151, 0.739966083115506, 4674968.840047235, 0.0008250267063543016
                3.199745674e-05,               0.05315138000303,               0.04010131385144,       10.01920966393104,                0.10056673117179,  84.70383392601919,          67.48820633013389,       1.3514132915250165,              267.16793993148934,                  81.07986185269935, 4674968.100081151, 0.739966083115506, 4674968.840047235, 0.0008250267063543016
                3.199745674e-05,               0.05315138000303,               0.04010131385144,       10.01920966393104,                0.10056673117179,  84.70383392601919,          67.48820633013389,       1.3514132915250165,              267.16793993148934,                  81.07986185269935, 4674968.100081151, 0.739966083115506, 4674968.840047235, 0.0008250267063543016
                3.199745674e-05,               0.05315138000303,               0.04010131385144,       10.01920966393104,                0.10056673117179,  84.70383392601919,          67.48820633013389,       1.3514132915250165,              267.16793993148934,                  81.07986185269935, 4674968.100081151, 0.739966083115506, 4674968.840047235, 0.0008250267063543016
               0.00017711201049,               0.05301942287417,               0.04173978249369,       10.04672167398883,                0.10024679085695,  85.83750691946179,          68.41402797899626,       1.3796964732235062,              267.71178598760184,                   82.7329030127751, 4674968.109987643,0.7247970980628892, 4674968.834784741, 0.0008085083615987506
               0.00029410153447,               0.05046913128461,               0.03885931850347,       10.02967023691954,                0.10271632843652,  84.52141339498324,          68.17152404330119,        1.382048700314883,              264.55489813526714,                  80.98245322730968,4674968.1184751345,0.7235635037840289, 4674968.842038638, 0.0008119162611400427
               0.00030776769108,               0.05022899023391,                0.0368520531778,       10.10143556555937,                0.10483525616641,  83.92089139312533,          68.64122701095673,       1.3784455405551055,               265.6704029590102,                  84.73880233753952,  4674968.11942837,0.7254548479276853, 4674968.844883218, 0.0008116921470393357
               0.00032521631677,               0.04848879412853,               0.04589636783173,       10.05590187667513,                0.10202360465818,  85.76318499122408,           71.2411647004061,       1.3629109236974342,               261.4582518935492,                  83.24435739346939,   4674968.1272728,0.7337236664646469, 4674968.860996466, 0.0008112205851018578
               0.00035250591532,               0.04991127625127,               0.03851191500404,        10.0081143643289,                0.10835086412773,  84.85265773046193,          70.07913470344134,       1.3909288465665404,               264.7335818777973,                  84.95842909027347, 4674968.127897302,  0.71894403690632, 4674968.846841339, 0.0008106037087080738
               0.00051513306482,               0.04801635420388,               0.03691187442279,       10.10205358429968,                0.10587800103287,  85.22645045015983,          67.73143309924875,       1.3882932588754782,              268.55499589850285,                  82.32785020785876,4674968.1301138885,0.7203089070748663, 4674968.850422796, 0.0008077178949414865
               0.00051513306482,               0.04801635420388,               0.03691187442279,       10.10205358429968,                0.10587800103287,  85.22645045015983,          67.73143309924875,       1.3882932588754782,              268.55499589850285,                  82.32785020785876,4674968.1301138885,0.7203089070748663, 4674968.850422796, 0.0008086130833403473
                1.579829487e-05,               0.05076090311441,               0.03716027403346,       10.03252784905066,                0.10673818562056,  85.72219255661449,          67.31430887090094,       1.3765795055572365,               267.6135139705694,                  81.22810122061348, 4674968.137440109,0.7264382449128517,4674968.8638783535,  0.000803510516546125
               0.00023290969212,               0.04852152208079,               0.03768291733022,       10.05126881172383,                0.10711843588589,  84.57839721634383,          68.91289073054483,        1.389265511978439,               262.7440995303652,                  85.79957204366369, 4674968.154197463, 0.719804811519369, 4674968.874002274, 0.0008092216913972748
               0.00022022758453,               0.04816651835774,               0.03631010180535,       10.06819930488896,                0.10275766141015,  86.20536086256433,          66.53118949935859,       1.3902558492620902,              269.98425176962246,                  82.63856448415801, 4674968.179516678,0.7192920645007699, 4674968.898808742, 0.0008223521291012858
               0.00052199264437,               0.04948348818543,               0.04122997296894,       10.03666090646298,                0.10148657028058,  85.33658550250072,          69.51993503042706,       1.3773341014936809,              267.36403685346875,                  81.11845593756864, 4674968.187723825,0.7260402533528557, 4674968.913764078, 0.0008320334232836978
               0.00054569363423,               0.04882855995075,               0.03843651878466,       10.06500262316827,                0.10390278792881,  85.43681530520651,          67.63527865144096,        1.372291763767732,               266.3289353418741,                  81.75684940759689, 4674968.206791595,0.7287080097707673, 4674968.935499605, 0.0008392927359340351
                6.002753118e-05,               0.05053024740602,               0.04196535880926,       10.03877480746778,                0.10640967175846,  84.69977734268724,           71.1113625724822,       1.3615739246212213,              263.34826441952976,                  82.67400503328324, 4674968.208075344,0.7344441472600849, 4674968.942519491, 0.0008436203183489322
               0.00053515854263,               0.04972040702132,               0.03706202528228,       10.02221537101427,                0.10312564219197,   84.5359604010753,          66.50410039337076,       1.3825425346107902,              271.89351977253045,                  82.30023997934485, 4674968.235998623,0.7233050520803813, 4674968.959303675,  0.000851854519536494
                9.794838687e-05,               0.04945244599681,               0.04120967822019,       10.12729220279234,                0.10417835070828,  85.69795976979418,          69.77540477183491,       1.4015638050634478,               264.5255890988506,                  85.00456010174729, 4674968.239239203,0.7134887447772887, 4674968.952727947, 0.0008608445998774636
                9.794838687e-05,               0.04945244599681,               0.04120967822019,       10.12729220279234,                0.10417835070828,  85.69795976979418,          69.77540477183491,       1.4015638050634478,               264.5255890988506,                  85.00456010174729, 4674968.239239203,0.7134887447772887, 4674968.952727947, 0.0008622394168168758
               0.00041956641261,               0.04904407549606,               0.03743893804846,       10.12716315086768,                0.10230537547766,  84.59045386236207,          67.29228913403348,       1.3775800102352869,              269.09602824059414,                  82.71347106128572,  4674968.24352649,0.7259106495231465,  4674968.96943714, 0.0008554937910329735
                0.0002883590194,               0.04909898647785,               0.03862939597131,       10.08297519252274,                0.10450779799167,  85.67269861848601,          68.41251577268957,       1.4087266927499098,               267.5280612178552,                   84.5910211951223, 4674968.245056321,0.7098609014413907, 4674968.954917222, 0.0008537153712697487
                0.0002883590194,               0.04909898647785,               0.03862939597131,       10.08297519252274,                0.10450779799167,  85.67269861848601,          68.41251577268957,       1.4087266927499098,               267.5280612178552,                   84.5910211951223, 4674968.245056321,0.7098609014413907, 4674968.954917222, 0.0008543683907505666
                0.0002883590194,               0.04909898647785,               0.03862939597131,       10.08297519252274,                0.10450779799167,  85.67269861848601,          68.41251577268957,       1.4087266927499098,               267.5280612178552,                   84.5910211951223, 4674968.245056321,0.7098609014413907, 4674968.954917222, 0.0008543683907505666
                6.845713013e-05,               0.05106415609689,               0.03496673392981,       10.09663235264771,                0.10355298422769,  85.17878778296496,          67.69973954923086,       1.3901156732706517,              267.73393430116784,                  81.57285024675687, 4674968.247302837,0.7193645962189672, 4674968.966667433, 0.0008425630385314358
                6.845713013e-05,               0.05106415609689,               0.03496673392981,       10.09663235264771,                0.10355298422769,  85.17878778296496,          67.69973954923086,       1.3901156732706517,              267.73393430116784,                  81.57285024675687, 4674968.247302837,0.7193645962189672, 4674968.966667433, 0.0008435094540274702
                6.845713013e-05,               0.05106415609689,               0.03496673392981,       10.09663235264771,                0.10355298422769,  85.17878778296496,          67.69973954923086,       1.3901156732706517,              267.73393430116784,                  81.57285024675687, 4674968.247302837,0.7193645962189672, 4674968.966667433, 0.0008435094540274702
               0.00032732503308,               0.04623529564922,               0.03043268837155,       10.00867407168774,                0.10739343536844,  83.82310222956455,          66.35876167611734,       1.4040727432149056,               270.0090027635249,                  83.25199169499528, 4674968.250761719,0.7122138114513211, 4674968.962975531, 0.0008323592754867858
                0.0002586306319,               0.04943406521365,               0.03863978075769,         10.035242617437,                0.10731564208367,  85.51150062839615,          69.16599272195957,       1.3856516435510307,              265.66848932495117,                  86.50868325079844, 4674968.256687037,0.7216821086700296, 4674968.978369146, 0.0008321158060783672
                4.343285492e-05,               0.04768702883357,               0.03262642318917,       10.02387594357513,                 0.1045413765901,  83.46086410663744,          67.45325800130757,       1.3946919035260228,              268.03988115466365,                  86.13652875416882, 4674968.258197062,0.7170042340332131, 4674968.975201296, 0.0008310563865106803
                4.343285492e-05,               0.04768702883357,               0.03262642318917,       10.02387594357513,                 0.1045413765901,  83.46086410663744,          67.45325800130757,       1.3946919035260228,              268.03988115466365,                  86.13652875416882, 4674968.258197062,0.7170042340332131, 4674968.975201296,  0.000831683844770556
                4.343285492e-05,               0.04768702883357,               0.03262642318917,       10.02387594357513,                 0.1045413765901,  83.46086410663744,          67.45325800130757,       1.3946919035260228,              268.03988115466365,                  86.13652875416882, 4674968.258197062,0.7170042340332131, 4674968.975201296,  0.000831683844770556
                4.780542246e-05,               0.04799173202794,                0.0327174492931,       10.09456263289538,                0.10481957567313,  84.75272405422749,          66.86986842039087,       1.3792736787832809,              269.27394432752214,                  83.78810763993931, 4674968.268867668,0.7250192731018725, 4674968.993886941, 0.0008236651140797896
                  8.9676928e-07,               0.04870680893368,               0.03467285110272,       10.09232107741918,                0.10447506590178,  84.67125359929514,          67.65111895545036,       1.3621527609545416,               267.5078588672582,                  81.90667317486232, 4674968.282595808, 0.734132050871622, 4674969.016727858, 0.0008296344557993842
                  8.9676928e-07,               0.04870680893368,               0.03467285110272,       10.09232107741918,                0.10447506590178,  84.67125359929514,          67.65111895545036,       1.3621527609545416,               267.5078588672582,                  81.90667317486232, 4674968.282595808, 0.734132050871622, 4674969.016727858, 0.0008353290350938315
               0.00017926156927,               0.04652844561507,               0.04041848910392,       10.03876517120144,                0.10157736295402,  85.68556363024386,          68.84866911538796,        1.384947590850779,              267.05958320742826,                   84.4126882160653, 4674968.286338084,0.7220489833739455, 4674969.008387067, 0.0008285676659775173
               0.00054666938564,               0.04651290982949,               0.03610598802462,       10.02866690684327,                0.10665253225077,  85.13950509991534,          67.95417382840972,       1.4000065780227753,                267.571465168881,                  85.01922217949766, 4674968.289740014,0.7142823581674143, 4674969.004022372, 0.0008273954582070651
                8.075785159e-05,               0.04900391404792,               0.03583216975563,       10.02299534542178,                0.10100727403811,   84.8374357549163,          67.55777763551879,       1.3768747748724042,                271.163369839137,                  81.71771541294655, 4674968.314287582,0.7262824610122374, 4674969.040570043,   0.00083492662525503
               0.00022172940401,               0.05153373178909,                0.0344017849301,       10.05234198916301,                0.10502633451918,  83.61881647028426,           67.6164238767447,       1.3820291089626795,               265.5403194170102,                  83.59777272775698, 4674968.320365969,0.7235737608671484,  4674969.04393973, 0.0008435326257956137
               0.00021566711393,               0.05319153340758,               0.04243651968667,       10.01529906061366,                 0.1006835860445,  85.26183780206189,          68.64868329568326,        1.346296853483355,              266.20196859002453,                   81.2158228620506, 4674968.327262486,0.7427782345421367,4674969.0700407205, 0.0008447999192357212
               0.00021566711393,               0.05319153340758,               0.04243651968667,       10.01529906061366,                 0.1006835860445,  85.26183780206189,          68.64868329568326,        1.346296853483355,              266.20196859002453,                   81.2158228620506, 4674968.327262486,0.7427782345421367,4674969.0700407205, 0.0008477129964070975
               0.00023938485029,               0.04702256809905,               0.03405413656939,        10.0888382733225,                0.10508874536635,  83.73631265809742,          67.40215981363625,       1.3932397588281846,               267.9368619520537,                  83.90835718456322, 4674968.336434017,0.7177515525691517, 4674969.054185569, 0.0008431444766223536
                0.0003616814396,               0.05298856744497,               0.03649255598045,        10.0377779416032,                0.10288846253604,  84.75208350031347,          67.12898486060354,       1.3582886607035796,               270.5218380712813,                  81.00978985491754, 4674968.338817229,0.7362205317108443, 4674969.075037761, 0.0008438024065940118
               0.00060850024581,                 0.049076031876,               0.03703749290182,        10.0129163280251,                0.10664525759369,  84.39797748834097,          68.52320101357805,        1.386925173156084,               268.4392694336243,                  81.31052791575813, 4674968.344502526,0.7210194315850523, 4674969.065521958, 0.0008430012116432398
               0.00060850024581,                 0.049076031876,               0.03703749290182,        10.0129163280251,                0.10664525759369,  84.39797748834097,          68.52320101357805,        1.386925173156084,               268.4392694336243,                  81.31052791575813, 4674968.344502526,0.7210194315850523, 4674969.065521958,  0.000845397561849766
               0.00037515696782,               0.04953615020796,               0.03378533511128,       10.04336634607153,                0.10429401404216,  85.21918008061448,          67.78186651299586,       1.3884492022246908,               266.8010356735634,                  82.84631228199532, 4674968.348479442,0.7202280057475026, 4674969.068707448, 0.0008386532707561054
               0.00020975092145,               0.04976324313115,               0.03907389403109,       10.02440480375546,                0.10267743235936,  85.98003564446167,          67.41868490308671,        1.370056225979775,               270.8026695551558,                  82.04568971851984, 4674968.349493997,0.7298970516957178, 4674969.079391049,  0.000836564564693923
               0.00020975092145,               0.04976324313115,               0.03907389403109,       10.02440480375546,                0.10267743235936,  85.98003564446167,          67.41868490308671,        1.370056225979775,               270.8026695551558,                  82.04568971851984, 4674968.349493997,0.7298970516957178, 4674969.079391049,  0.000836988935104832
               0.00019188437625,               0.04691409660025,               0.04194206869266,       10.00900553486598,                0.10108824676887,  85.46708105179144,          69.97536832056247,       1.3905051295807969,              262.99298358619814,                  83.08176055357895,4674968.3533104705,0.7191631147031262, 4674969.072473586, 0.0008302449884277745
               0.00064898743529,               0.05110231752919,               0.03717085883064,       10.03260487947294,                0.10513324850441,  84.78353126759053,          67.83326826380907,       1.3800862804166936,              265.37070776245616,                  85.62746483330311,  4674968.36489555,0.7245923781649848, 4674969.089487928, 0.0008325131480824536
               0.00016131659843,               0.05133751754156,                0.0416014558047,       10.04940955057518,                0.10220844870257,  84.28812009617616,          69.55215113052185,       1.3771116279792313,               264.5004164246252,                  82.35615218984522, 4674968.382549558,0.7261575457520437, 4674969.108707104, 0.0008405893039307069
               0.00055545298882,               0.05113756268334,               0.03986677392659,       10.05586275107232,                0.10494014663613,  84.83713579009398,          68.55296733522545,       1.3817489504206044,               264.9203266955256,                  84.30539533755112,4674968.3903421825,0.7237204701299754, 4674969.114062653, 0.0008470905588127002
               0.00016629385862,               0.04964297456997,               0.03578683721825,       10.01655032793601,                0.10930392347351,  84.37672134799934,          68.37200471101261,       1.3908433017420825,               266.6648244172411,                  82.36597756611317, 4674968.392639372,0.7189882560799359, 4674969.111627628,  0.000847133281980216
               0.00016629385862,               0.04964297456997,               0.03578683721825,       10.01655032793601,                0.10930392347351,  84.37672134799934,          68.37200471101261,       1.3908433017420825,               266.6648244172411,                  82.36597756611317, 4674968.392639372,0.7189882560799359, 4674969.111627628,  0.000848106294436458
               0.00034664433102,               0.05017902059221,               0.04353291044577,       10.00065177525059,                 0.1042469036304,  86.27283630462043,          70.10343391217977,       1.4004601302668644,               265.2009889222561,                  85.38575134263698, 4674968.420412257, 0.714051031077511, 4674969.134463289,   0.00085149084480409
               0.00034664433102,               0.05017902059221,               0.04353291044577,       10.00065177525059,                 0.1042469036304,  86.27283630462043,          70.10343391217977,       1.4004601302668644,               265.2009889222561,                  85.38575134263698, 4674968.420412257, 0.714051031077511, 4674969.134463289, 0.0008633142636119401
               0.00034664433102,               0.05017902059221,               0.04353291044577,       10.00065177525059,                 0.1042469036304,  86.27283630462043,          70.10343391217977,       1.4004601302668644,               265.2009889222561,                  85.38575134263698, 4674968.420412257, 0.714051031077511, 4674969.134463289, 0.0008633142636119401
               0.00034664433102,               0.05017902059221,               0.04353291044577,       10.00065177525059,                 0.1042469036304,  86.27283630462043,          70.10343391217977,       1.4004601302668644,               265.2009889222561,                  85.38575134263698, 4674968.420412257, 0.714051031077511, 4674969.134463289, 0.0008633142636119401
               0.00034664433102,               0.05017902059221,               0.04353291044577,       10.00065177525059,                 0.1042469036304,  86.27283630462043,          70.10343391217977,       1.4004601302668644,               265.2009889222561,                  85.38575134263698, 4674968.420412257, 0.714051031077511, 4674969.134463289, 0.0008633142636119401
               0.00034664433102,               0.05017902059221,               0.04353291044577,       10.00065177525059,                 0.1042469036304,  86.27283630462043,          70.10343391217977,       1.4004601302668644,               265.2009889222561,                  85.38575134263698, 4674968.420412257, 0.714051031077511, 4674969.134463289, 0.0008633142636119401
               0.00034664433102,               0.05017902059221,               0.04353291044577,       10.00065177525059,                 0.1042469036304,  86.27283630462043,          70.10343391217977,       1.4004601302668644,               265.2009889222561,                  85.38575134263698, 4674968.420412257, 0.714051031077511, 4674969.134463289, 0.0008633142636119401
               0.00034664433102,               0.05017902059221,               0.04353291044577,       10.00065177525059,                 0.1042469036304,  86.27283630462043,          70.10343391217977,       1.4004601302668644,               265.2009889222561,                  85.38575134263698, 4674968.420412257, 0.714051031077511, 4674969.134463289, 0.0008633142636119401
                4.979956775e-05,               0.04816524231083,               0.04254942899088,       10.01890915754884,                0.10404905963768,   86.2925737007188,          70.80622454107689,       1.3932997583894002,              261.46849271408155,                  86.20369759920162, 4674968.426711025, 0.717720644088793, 4674969.144431669, 0.0008315724293744884
                0.0003463885625,               0.04711360276438,               0.03872980645234,       10.00519497532391,                0.10208889237017,  86.33149194409896,          68.45312217921958,       1.3777904539775085,              266.99830829095254,                  83.07559639023793, 4674968.431603813, 0.725799773915638, 4674969.157403586, 0.0008320767392968062
                0.0002097343346,               0.04828913127574,               0.03922968203342,       10.07336843165459,                0.10581891206482,  84.62810658517303,          69.01240624273288,       1.3931275186394667,               263.6324648411594,                  85.43938221536817, 4674968.434418639,0.7178093797017258, 4674969.152228019, 0.0008311322556474455
                0.0002097343346,               0.04828913127574,               0.03922968203342,       10.07336843165459,                0.10581891206482,  84.62810658517303,          69.01240624273288,       1.3931275186394667,               263.6324648411594,                  85.43938221536817, 4674968.434418639,0.7178093797017258, 4674969.152228019, 0.0008323020014008247
                 5.65211016e-05,               0.05430597530973,               0.04395426015258,       10.04861977450085,                0.10043302926169,  85.77085827514347,          70.37310129837192,         1.36468885280902,               263.6427620242085,                  82.77253606979492,  4674968.44007724,0.7327677645652639, 4674969.172845004, 0.0008263583993067756
               0.00045486969292,               0.04955708149037,               0.04136879869245,        10.0678263897227,                0.10074583763465,  85.32920568045935,          69.47137263434811,         1.36753446355438,              266.18317028480084,                  82.62389049808334, 4674968.465961259,0.7312429972703463, 4674969.197204256, 0.0008353844915354544
               0.00056804466423,               0.04960123198657,               0.03670951989674,       10.02866734236227,                 0.1068192200404,  83.87376734581616,          68.56983227998015,       1.3786420462843625,              266.07305793385154,                  82.29646737231356, 4674968.468713172,0.7253514447025194, 4674969.194064616, 0.0008431456450595164
               0.00024810891981,               0.05343947273918,               0.04255965245402,       10.04016999056013,                0.10262171324721,  84.76151975067012,          69.79925908746507,        1.348242063672526,              264.94528825952534,                  81.43919799015168, 4674968.483883103,0.7417065725394023, 4674969.225589676, 0.0008465259985950121
               0.00039260959612,               0.05034389946059,                0.0367920254998,       10.05337259148942,                0.10506541733111,  85.54450954112504,          67.52055185138332,       1.3750682328471402,              265.21481956153144,                  84.15640076471193,  4674968.49677624,0.7272366389626028, 4674969.224012879, 0.0008542098756483694
               0.00032907622271,               0.04915464985003,               0.04286509952944,        10.0380951682621,                0.10334905974957,  86.17796931831063,          70.49164351326738,        1.363916776596393,              263.42056116877154,                   79.9307845216392,  4674968.49900152,0.7331825644783586, 4674969.232184084, 0.0008563921812007077
               0.00011276048971,               0.05114949471551,               0.03935637128128,       10.10853157939198,                0.10358796002816,  85.30950342777287,          68.60507116483717,         1.35734868396919,                264.889691348087,                   84.3617935754624,4674968.5028431695,0.7367303713558533, 4674969.239573541, 0.0008547214066275808
                5.808098428e-05,               0.04657855023134,               0.03751231591093,       10.01100536236442,                0.10286459691009,  85.75255210249192,          67.16205337457531,       1.3751547144940772,               269.5080628594083,                  83.87142611134672, 4674968.517298134,0.7271909040197724, 4674969.244489038, 0.0008583059442048848
                5.808098428e-05,               0.04657855023134,               0.03751231591093,       10.01100536236442,                0.10286459691009,  85.75255210249192,          67.16205337457531,       1.3751547144940772,               269.5080628594083,                  83.87142611134672, 4674968.517298134,0.7271909040197724, 4674969.244489038, 0.0008645092272008953
                5.808098428e-05,               0.04657855023134,               0.03751231591093,       10.01100536236442,                0.10286459691009,  85.75255210249192,          67.16205337457531,       1.3751547144940772,               269.5080628594083,                  83.87142611134672, 4674968.517298134,0.7271909040197724, 4674969.244489038, 0.0008645092272008953
                5.808098428e-05,               0.04657855023134,               0.03751231591093,       10.01100536236442,                0.10286459691009,  85.75255210249192,          67.16205337457531,       1.3751547144940772,               269.5080628594083,                  83.87142611134672, 4674968.517298134,0.7271909040197724, 4674969.244489038, 0.0008645092272008953
                5.808098428e-05,               0.04657855023134,               0.03751231591093,       10.01100536236442,                0.10286459691009,  85.75255210249192,          67.16205337457531,       1.3751547144940772,               269.5080628594083,                  83.87142611134672, 4674968.517298134,0.7271909040197724, 4674969.244489038, 0.0008645092272008953
                5.808098428e-05,               0.04657855023134,               0.03751231591093,       10.01100536236442,                0.10286459691009,  85.75255210249192,          67.16205337457531,       1.3751547144940772,               269.5080628594083,                  83.87142611134672, 4674968.517298134,0.7271909040197724, 4674969.244489038, 0.0008645092272008953
                5.808098428e-05,               0.04657855023134,               0.03751231591093,       10.01100536236442,                0.10286459691009,  85.75255210249192,          67.16205337457531,       1.3751547144940772,               269.5080628594083,                  83.87142611134672, 4674968.517298134,0.7271909040197724, 4674969.244489038, 0.0008645092272008953
                5.808098428e-05,               0.04657855023134,               0.03751231591093,       10.01100536236442,                0.10286459691009,  85.75255210249192,          67.16205337457531,       1.3751547144940772,               269.5080628594083,                  83.87142611134672, 4674968.517298134,0.7271909040197724, 4674969.244489038, 0.0008645092272008953
                5.808098428e-05,               0.04657855023134,               0.03751231591093,       10.01100536236442,                0.10286459691009,  85.75255210249192,          67.16205337457531,       1.3751547144940772,               269.5080628594083,                  83.87142611134672, 4674968.517298134,0.7271909040197724, 4674969.244489038, 0.0008645092272008953
                5.808098428e-05,               0.04657855023134,               0.03751231591093,       10.01100536236442,                0.10286459691009,  85.75255210249192,          67.16205337457531,       1.3751547144940772,               269.5080628594083,                  83.87142611134672, 4674968.517298134,0.7271909040197724, 4674969.244489038, 0.0008645092272008953
                5.808098428e-05,               0.04657855023134,               0.03751231591093,       10.01100536236442,                0.10286459691009,  85.75255210249192,          67.16205337457531,       1.3751547144940772,               269.5080628594083,                  83.87142611134672, 4674968.517298134,0.7271909040197724, 4674969.244489038, 0.0008645092272008953
                5.808098428e-05,               0.04657855023134,               0.03751231591093,       10.01100536236442,                0.10286459691009,  85.75255210249192,          67.16205337457531,       1.3751547144940772,               269.5080628594083,                  83.87142611134672, 4674968.517298134,0.7271909040197724, 4674969.244489038, 0.0008645092272008953
                5.808098428e-05,               0.04657855023134,               0.03751231591093,       10.01100536236442,                0.10286459691009,  85.75255210249192,          67.16205337457531,       1.3751547144940772,               269.5080628594083,                  83.87142611134672, 4674968.517298134,0.7271909040197724, 4674969.244489038, 0.0008645092272008953
                5.808098428e-05,               0.04657855023134,               0.03751231591093,       10.01100536236442,                0.10286459691009,  85.75255210249192,          67.16205337457531,       1.3751547144940772,               269.5080628594083,                  83.87142611134672, 4674968.517298134,0.7271909040197724, 4674969.244489038, 0.0008645092272008953
                5.808098428e-05,               0.04657855023134,               0.03751231591093,       10.01100536236442,                0.10286459691009,  85.75255210249192,          67.16205337457531,       1.3751547144940772,               269.5080628594083,                  83.87142611134672, 4674968.517298134,0.7271909040197724, 4674969.244489038, 0.0008645092272008953
                5.808098428e-05,               0.04657855023134,               0.03751231591093,       10.01100536236442,                0.10286459691009,  85.75255210249192,          67.16205337457531,       1.3751547144940772,               269.5080628594083,                  83.87142611134672, 4674968.517298134,0.7271909040197724, 4674969.244489038, 0.0008645092272008953
                5.808098428e-05,               0.04657855023134,               0.03751231591093,       10.01100536236442,                0.10286459691009,  85.75255210249192,          67.16205337457531,       1.3751547144940772,               269.5080628594083,                  83.87142611134672, 4674968.517298134,0.7271909040197724, 4674969.244489038, 0.0008645092272008953
                5.808098428e-05,               0.04657855023134,               0.03751231591093,       10.01100536236442,                0.10286459691009,  85.75255210249192,          67.16205337457531,       1.3751547144940772,               269.5080628594083,                  83.87142611134672, 4674968.517298134,0.7271909040197724, 4674969.244489038, 0.0008645092272008953
                5.808098428e-05,               0.04657855023134,               0.03751231591093,       10.01100536236442,                0.10286459691009,  85.75255210249192,          67.16205337457531,       1.3751547144940772,               269.5080628594083,                  83.87142611134672, 4674968.517298134,0.7271909040197724, 4674969.244489038, 0.0008645092272008953
                5.808098428e-05,               0.04657855023134,               0.03751231591093,       10.01100536236442,                0.10286459691009,  85.75255210249192,          67.16205337457531,       1.3751547144940772,               269.5080628594083,                  83.87142611134672, 4674968.517298134,0.7271909040197724, 4674969.244489038, 0.0008645092272008953
                5.808098428e-05,               0.04657855023134,               0.03751231591093,       10.01100536236442,                0.10286459691009,  85.75255210249192,          67.16205337457531,       1.3751547144940772,               269.5080628594083,                  83.87142611134672, 4674968.517298134,0.7271909040197724, 4674969.244489038, 0.0008645092272008953
                5.808098428e-05,               0.04657855023134,               0.03751231591093,       10.01100536236442,                0.10286459691009,  85.75255210249192,          67.16205337457531,       1.3751547144940772,               269.5080628594083,                  83.87142611134672, 4674968.517298134,0.7271909040197724, 4674969.244489038, 0.0008645092272008953
                5.808098428e-05,               0.04657855023134,               0.03751231591093,       10.01100536236442,                0.10286459691009,  85.75255210249192,          67.16205337457531,       1.3751547144940772,               269.5080628594083,                  83.87142611134672, 4674968.517298134,0.7271909040197724, 4674969.244489038, 0.0008645092272008953
               0.00040147439537,                 0.052651419217,               0.04057498172798,       10.03453932032987,                0.10228234635808,  85.69013829934795,           69.0261339995883,       1.3903845881856272,               264.9910075132864,                   85.2139998874588, 4674968.537194411,0.7192254635855416, 4674969.256419875,  0.000773277705854784
               0.00040147439537,                 0.052651419217,               0.04057498172798,       10.03453932032987,                0.10228234635808,  85.69013829934795,           69.0261339995883,       1.3903845881856272,               264.9910075132864,                   85.2139998874588, 4674968.537194411,0.7192254635855416, 4674969.256419875, 0.0007809701261187774
               0.00040147439537,                 0.052651419217,               0.04057498172798,       10.03453932032987,                0.10228234635808,  85.69013829934795,           69.0261339995883,       1.3903845881856272,               264.9910075132864,                   85.2139998874588, 4674968.537194411,0.7192254635855416, 4674969.256419875, 0.0007809701261187774
                5.790814408e-05,               0.05141946587807,               0.04225946260101,       10.02808799011524,                0.10467111645732,  85.27408001077178,            71.141281253536,       1.3819896595067007,               264.4926152832256,                    83.172997258849, 4674968.540629192,0.7235944155739549, 4674969.264223608, 0.0007706373390937591
               0.00051631729481,               0.04790225021836,               0.03067648170702,       10.01735653261914,                0.10539793780438,   84.3564948338398,          65.98901150048812,       1.4076652744881424,               269.9117465638567,                  82.63200833567927, 4674968.552424324,0.7103961560489739, 4674969.262820479,  0.000772677083298328
               0.00021945311647,               0.04984988450458,               0.04078676979221,       10.00643407830017,                 0.1041152203342,  85.21770224478115,          70.85347878942571,       1.3959502892765687,              264.63795024205865,                  84.68291006592719,4674968.5623541735,0.7163578872985769, 4674969.278712061, 0.0007772259457671867
                6.503991407e-05,               0.04716909996916,               0.03394366155069,       10.00750361786681,                0.10138846852361,  83.79113212902934,          67.53119556072483,       1.3892687469784741,              266.95399540291686,                  83.33233107725768, 4674968.571037342,0.7198031354083966, 4674969.290840478, 0.0007805877542260075
               0.00018385731863,               0.04937400247696,               0.03963756507023,       10.00108858215934,                 0.1010093859643,  85.55355641110543,          67.78963310297004,       1.3517514991711892,              267.46328328237774,                   79.4305702963513, 4674968.572846531,0.7397809439184188, 4674969.312627475, 0.0007807826300011645
               0.00024588373917,               0.05074236560055,               0.04225167417466,       10.07066612256442,                0.10240445251145,   85.1047817330372,          70.62714652973469,       1.3662905153777218,              261.74218876590726,                  84.39663559936663, 4674968.573690707,0.7319087622616938, 4674969.305599469, 0.0007779292715605624
               0.00025069313733,               0.05211409628194,               0.04600774040723,       10.02918330070425,                0.10242313028042,  86.30182430222362,          70.92156950700203,       1.3829614235874983,               263.1844518547822,                  84.03795505387426, 4674968.589034438,0.7230859682303576, 4674969.312120406, 0.0007803724934443544
               0.00025069313733,               0.05211409628194,               0.04600774040723,       10.02918330070425,                0.10242313028042,  86.30182430222362,          70.92156950700203,       1.3829614235874983,               263.1844518547822,                  84.03795505387426, 4674968.589034438,0.7230859682303576, 4674969.312120406, 0.0007863592885971597
               0.00025069313733,               0.05211409628194,               0.04600774040723,       10.02918330070425,                0.10242313028042,  86.30182430222362,          70.92156950700203,       1.3829614235874983,               263.1844518547822,                  84.03795505387426, 4674968.589034438,0.7230859682303576, 4674969.312120406, 0.0007863592885971597
               0.00025069313733,               0.05211409628194,               0.04600774040723,       10.02918330070425,                0.10242313028042,  86.30182430222362,          70.92156950700203,       1.3829614235874983,               263.1844518547822,                  84.03795505387426, 4674968.589034438,0.7230859682303576, 4674969.312120406, 0.0007863592885971597
               0.00025069313733,               0.05211409628194,               0.04600774040723,       10.02918330070425,                0.10242313028042,  86.30182430222362,          70.92156950700203,       1.3829614235874983,               263.1844518547822,                  84.03795505387426, 4674968.589034438,0.7230859682303576, 4674969.312120406, 0.0007863592885971597
               0.00025069313733,               0.05211409628194,               0.04600774040723,       10.02918330070425,                0.10242313028042,  86.30182430222362,          70.92156950700203,       1.3829614235874983,               263.1844518547822,                  84.03795505387426, 4674968.589034438,0.7230859682303576, 4674969.312120406, 0.0007863592885971597
               0.00013818499609,               0.05088388164636,               0.04636951120635,       10.02907044370558,                0.10358225564722,  86.14464952268864,          71.05046109124913,       1.3855017943681385,              262.38249743222417,                  83.14825532183241, 4674968.614667474,0.7217601623215887, 4674969.336427636, 0.0007727898093241843
                9.757896288e-05,               0.04821974298328,               0.04494022660669,       10.07401542953035,                0.10278965642863,  85.63003759460807,          70.91397048261106,        1.375223436012017,                 260.85871485927,                   83.8368930895757, 4674968.620905755,0.7271545654427473,  4674969.34806032, 0.0007812365216600912
                0.0006428935291,               0.05102721463534,               0.03964593892602,       10.03027011620499,                0.10391098601502,  86.01671225930652,          68.90192137838446,        1.364065428832644,                264.979338482756,                   82.2946480915085, 4674968.627638886,0.7331026641850984,  4674969.36074155,   0.00078240844713637
               0.00016998516625,                0.0511224254783,               0.03955689386253,       10.10132087770461,                0.10213644471244,  85.05462985560824,          69.31494303642333,       1.3899868108795979,               265.8061452067704,                   82.8086722167688, 4674968.632651211,0.7194312868099733, 4674969.352082497, 0.0007830993519498349
               0.00011335212278,               0.05282373213844,               0.03924734659494,       10.09963759758097,                 0.1022625147707,  85.22077658204937,          68.77830027350839,       1.3848351290052727,               266.0741540896131,                  85.74771790081881, 4674968.634767721,0.7221076206510592, 4674969.356875342, 0.0007819836795794205
               0.00011335212278,               0.05282373213844,               0.03924734659494,       10.09963759758097,                 0.1022625147707,  85.22077658204937,          68.77830027350839,       1.3848351290052727,               266.0741540896131,                  85.74771790081881, 4674968.634767721,0.7221076206510592, 4674969.356875342, 0.0007828112178391967
               0.00047530687158,               0.04727482658531,               0.03790845092434,       10.00448270532919,                0.10303723795779,  85.98334111239171,          67.28583745815143,       1.3755179607695416,              268.65697805166343,                   83.4575551469978, 4674968.639753325,0.7269988677141984, 4674969.366752192, 0.0007769588519220724
               0.00047530687158,               0.04727482658531,               0.03790845092434,       10.00448270532919,                0.10303723795779,  85.98334111239171,          67.28583745815143,       1.3755179607695416,              268.65697805166343,                   83.4575551469978, 4674968.639753325,0.7269988677141984, 4674969.366752192,  0.000778895652039952
               0.00047530687158,               0.04727482658531,               0.03790845092434,       10.00448270532919,                0.10303723795779,  85.98334111239171,          67.28583745815143,       1.3755179607695416,              268.65697805166343,                   83.4575551469978, 4674968.639753325,0.7269988677141984, 4674969.366752192,  0.000778895652039952
               0.00024071083246,                0.0492763206736,               0.03734181889833,       10.04003692974971,                0.10518458876876,  85.67727361984578,          68.05467010080797,       1.3955002831569387,              267.44826909646906,                  87.15965208973681, 4674968.642907535,0.7165888907867312, 4674969.359496426, 0.0007684823207736789
                1.400586354e-05,               0.05067803360326,               0.04120150718356,       10.14791612006937,                0.10372491789342,  85.40249237397609,          70.00866195442414,       1.3839919486510914,              263.85844049817473,                  85.68829916584981, 4674968.653185969,0.7225475559844482,4674969.3757335255, 0.0007698212155880231
               0.00016579338369,               0.05110514310753,               0.03531161945606,       10.03639025304769,                0.10255224645864,  85.68441243703836,          67.16420643926575,       1.3950180736743494,              269.23091204552117,                  81.22384852065774, 4674968.655345837,0.7168365907734026, 4674969.372182427, 0.0007707601895914133
                9.982057801e-05,                0.0487504738013,               0.03723641273852,       10.15758527418872,                0.10324222013555,  85.16970394497663,          67.88078066010883,       1.3998860932594557,              268.71249173184253,                   82.8379616150824, 4674968.666831193, 0.714343834698456, 4674969.381175027, 0.0007721881691254242
                9.982057801e-05,                0.0487504738013,               0.03723641273852,       10.15758527418872,                0.10324222013555,  85.16970394497663,          67.88078066010883,       1.3998860932594557,              268.71249173184253,                   82.8379616150824, 4674968.666831193, 0.714343834698456, 4674969.381175027, 0.0007766225487296332
                9.982057801e-05,                0.0487504738013,               0.03723641273852,       10.15758527418872,                0.10324222013555,  85.16970394497663,          67.88078066010883,       1.3998860932594557,              268.71249173184253,                   82.8379616150824, 4674968.666831193, 0.714343834698456, 4674969.381175027, 0.0007766225487296332
                9.982057801e-05,                0.0487504738013,               0.03723641273852,       10.15758527418872,                0.10324222013555,  85.16970394497663,          67.88078066010883,       1.3998860932594557,              268.71249173184253,                   82.8379616150824, 4674968.666831193, 0.714343834698456, 4674969.381175027, 0.0007766225487296332
                9.982057801e-05,                0.0487504738013,               0.03723641273852,       10.15758527418872,                0.10324222013555,  85.16970394497663,          67.88078066010883,       1.3998860932594557,              268.71249173184253,                   82.8379616150824, 4674968.666831193, 0.714343834698456, 4674969.381175027, 0.0007766225487296332
                9.982057801e-05,                0.0487504738013,               0.03723641273852,       10.15758527418872,                0.10324222013555,  85.16970394497663,          67.88078066010883,       1.3998860932594557,              268.71249173184253,                   82.8379616150824, 4674968.666831193, 0.714343834698456, 4674969.381175027, 0.0007766225487296332
                9.982057801e-05,                0.0487504738013,               0.03723641273852,       10.15758527418872,                0.10324222013555,  85.16970394497663,          67.88078066010883,       1.3998860932594557,              268.71249173184253,                   82.8379616150824, 4674968.666831193, 0.714343834698456, 4674969.381175027, 0.0007766225487296332
                9.982057801e-05,                0.0487504738013,               0.03723641273852,       10.15758527418872,                0.10324222013555,  85.16970394497663,          67.88078066010883,       1.3998860932594557,              268.71249173184253,                   82.8379616150824, 4674968.666831193, 0.714343834698456, 4674969.381175027, 0.0007766225487296332
                9.982057801e-05,                0.0487504738013,               0.03723641273852,       10.15758527418872,                0.10324222013555,  85.16970394497663,          67.88078066010883,       1.3998860932594557,              268.71249173184253,                   82.8379616150824, 4674968.666831193, 0.714343834698456, 4674969.381175027, 0.0007766225487296332
                1.211312773e-05,               0.05134357503189,               0.04491542000154,       10.03751232960167,                0.10068377872374,  86.26566195870636,          69.89150353063792,       1.3494246756956914,              264.76294352023893,                  82.32699317165736, 4674968.667796573, 0.741056553960267, 4674969.408853127, 0.0007422066606335204
                8.858231031e-05,               0.04910081145356,               0.03353170553982,       10.00693002369988,                   0.10776788506,   84.4184930733652,          68.08147821993458,       1.3824586026223058,              263.61522052133296,                  82.53996289640288, 4674968.669891128,0.7233489654613583, 4674969.393240094, 0.0007396451770420827
                8.858231031e-05,               0.04910081145356,               0.03353170553982,       10.00693002369988,                   0.10776788506,   84.4184930733652,          68.08147821993458,       1.3824586026223058,              263.61522052133296,                  82.53996289640288, 4674968.669891128,0.7233489654613583, 4674969.393240094, 0.0007404197906359727
               0.00013476431062,                0.0491546131209,               0.03996215688113,       10.13402074331122,                0.10087332820018,  85.34093916006928,          68.33004236496846,       1.3817320712520267,               267.2984866607345,                  83.69318771723758, 4674968.675981962,0.7237293110623622, 4674969.399711274,  0.000735291692349688
                0.0003668536637,               0.04976519263226,               0.03347497490335,       10.02060694869839,                0.10292778276994,  84.38538851594593,          67.14612134537124,       1.4033300784236267,               271.4143539542064,                  84.65953168193117, 4674968.679848724,0.7125907264264648,  4674969.39243945, 0.0007352832283476284
               0.00044281443319,               0.05000155757448,               0.03654763014143,       10.00088192182414,                0.10159721645445,  84.83059612662424,          67.85950488194763,       1.4115163113762814,               269.3266445951311,                  85.81851183082601, 4674968.686936509,0.7084579837585883, 4674969.395394493, 0.0007356466525031316
                0.0001896120037,               0.05069130189325,                0.0400012311827,       10.02041754714983,                0.10423229191608,  86.07531977143847,          69.13834367573398,        1.400685588063505,               266.9543679769681,                  83.75154995481824, 4674968.688633735,0.7139360956676464, 4674969.402569831, 0.0007352046944505892
               0.00010928321722,               0.04905101511321,               0.03443540356405,       10.06739590939794,                 0.1064497768264,  85.32693285357502,          66.88862059436585,       1.3829917498547057,              269.73526712199987,                  80.86641305248028, 4674968.701424435,0.7230701123886372, 4674969.424494547, 0.0007368803032070982
               0.00012999534864,               0.04989991042599,               0.03564944542215,       10.04430185760765,                0.10628008366318,   85.4647440886789,          68.23713205444128,       1.3819747750928857,              264.14680249485133,                  83.30090490497007, 4674968.706786027,0.7236022089714248, 4674969.430388236, 0.0007398868100500522
                4.228785965e-05,               0.04745688719267,                0.0406454278974,       10.07119836253394,                0.10611863375691,  85.92001648137291,          69.08430651295086,       1.3872239751011317,              265.67924600038634,                  84.02087010004271, 4674968.712884581,0.7208641271695854, 4674969.433748708, 0.0007404371852351117
                4.228785965e-05,               0.04745688719267,                0.0406454278974,       10.07119836253394,                0.10611863375691,  85.92001648137291,          69.08430651295086,       1.3872239751011317,              265.67924600038634,                  84.02087010004271, 4674968.712884581,0.7208641271695854, 4674969.433748708, 0.0007426949760524598
               0.00065959464585,               0.05105371940978,               0.04242819003846,       10.02693964768774,                0.10349729944079,  84.92121592737455,          70.20006188484757,       1.3836436288128144,               265.2896942461601,                  84.72092869344935,4674968.7237822935,0.7227294508326642,4674969.4465117445, 0.0007393334583178392
               0.00030393806248,               0.04974213180378,               0.04323441367302,       10.06196926826466,                0.10487906566007,  85.56115710135123,          70.39983128795537,       1.3881733925142643,               264.5717672940193,                  84.06947964178657, 4674968.727711923,0.7203711044978298, 4674969.448083028, 0.0007411197835215567
               0.00030393806248,               0.04974213180378,               0.04323441367302,       10.06196926826466,                0.10487906566007,  85.56115710135123,          70.39983128795537,       1.3881733925142643,               264.5717672940193,                  84.06947964178657, 4674968.727711923,0.7203711044978298, 4674969.448083028, 0.0007425759446010784
                0.0001117772969,               0.05081414970856,               0.03272398537717,       10.06109004979695,                0.10453992398262,  84.67250233336085,          66.94439974030388,       1.4075961661609573,               268.5866375161185,                  84.52903882156915, 4674968.732984504,0.7104310341561778,4674969.4434155375, 0.0007371304146986622
               0.00021666770836,               0.05330003802599,               0.04109218904097,        10.0174701834814,                0.10483682076817,  85.83995385604882,          68.49760359373862,       1.3604798025228266,               266.6575101462588,                   82.8272924134792, 4674968.735978692,0.7350348003297327, 4674969.471013492, 0.0007364993244792332
               0.00021666770836,               0.05330003802599,               0.04109218904097,        10.0174701834814,                0.10483682076817,  85.83995385604882,          68.49760359373862,       1.3604798025228266,               266.6575101462588,                   82.8272924134792, 4674968.735978692,0.7350348003297327, 4674969.471013492, 0.0007376019322658924
               0.00021666770836,               0.05330003802599,               0.04109218904097,        10.0174701834814,                0.10483682076817,  85.83995385604882,          68.49760359373862,       1.3604798025228266,               266.6575101462588,                   82.8272924134792, 4674968.735978692,0.7350348003297327, 4674969.471013492, 0.0007376019322658924
               0.00021666770836,               0.05330003802599,               0.04109218904097,        10.0174701834814,                0.10483682076817,  85.83995385604882,          68.49760359373862,       1.3604798025228266,               266.6575101462588,                   82.8272924134792, 4674968.735978692,0.7350348003297327, 4674969.471013492, 0.0007376019322658924
               0.00021666770836,               0.05330003802599,               0.04109218904097,        10.0174701834814,                0.10483682076817,  85.83995385604882,          68.49760359373862,       1.3604798025228266,               266.6575101462588,                   82.8272924134792, 4674968.735978692,0.7350348003297327, 4674969.471013492, 0.0007376019322658924
                 3.36779328e-05,               0.05163295413308,                0.0349188618219,       10.07148289763824,                0.10099322086618,  85.52933238753205,          65.61747782463942,       1.3718672951204143,              271.51142956793296,                  82.91274308490496, 4674968.736256412,0.7289334788845053, 4674969.465189891, 0.0007193535146418523
               0.00037996735316,               0.05328371892815,               0.04094035115161,       10.01995888729915,                 0.1037603191497,  85.38102036442986,          68.28249136170992,       1.3707890891314494,                  267.9620080716,                  82.52370458585874, 4674968.747437409, 0.729506827803549, 4674969.476944237, 0.0007198985841446159
               0.00037996735316,               0.05328371892815,               0.04094035115161,       10.01995888729915,                 0.1037603191497,  85.38102036442986,          68.28249136170992,       1.3707890891314494,                  267.9620080716,                  82.52370458585874, 4674968.747437409, 0.729506827803549, 4674969.476944237, 0.0007239231342020747
               0.00079794557184,               0.04969635926748,               0.03555818486661,       10.03620386505658,                0.10460124668607,  84.21109246096378,          67.06166924076595,       1.3956185746664087,               270.4685213216931,                  83.24867879942349, 4674968.753807572,0.7165281532878907, 4674969.470335725, 0.0007190100160864244
               0.00036619764514,               0.04974580417723,               0.03141066030664,       10.03327712849182,                0.10429054188024,  84.31764077178677,          66.20022199714711,       1.3963796536437476,              268.25129296085584,                   82.3827340069159,4674968.7658588085,0.7161376187275253, 4674969.481996427, 0.0007220623757329673
               0.00059323489074,                0.0486220438923,               0.03401405747902,       10.10170788641339,                0.10434377847492,  84.56159025374768,          67.11011588755467,       1.3882784522399523,               268.3004527933327,                  83.13246943748148, 4674968.773580609,0.7203165895044508, 4674969.493897199, 0.0007256006573298527
               0.00059323489074,                0.0486220438923,               0.03401405747902,       10.10170788641339,                0.10434377847492,  84.56159025374768,          67.11011588755467,       1.3882784522399523,               268.3004527933327,                  83.13246943748148, 4674968.773580609,0.7203165895044508, 4674969.493897199, 0.0007284021150313427
               0.00059323489074,                0.0486220438923,               0.03401405747902,       10.10170788641339,                0.10434377847492,  84.56159025374768,          67.11011588755467,       1.3882784522399523,               268.3004527933327,                  83.13246943748148, 4674968.773580609,0.7203165895044508, 4674969.493897199, 0.0007284021150313427
                 0.000726034088,               0.04738449382165,               0.03664629515113,       10.01867045698699,                0.10477948563117,   85.3384586009129,          68.61806566794719,       1.3748724091018358,               266.3884769916955,                  82.36187994827654, 4674968.778691415, 0.727340219630468, 4674969.506031634, 0.0007193687153017988
               0.00020975206247,               0.05145750923517,               0.03736916463755,       10.02640751168371,                0.10517130425574,  84.54403545279362,          68.10634242923909,       1.3748641641694128,              269.60380674544695,                  80.60581389055336, 4674968.786095518,0.7273445814220658,   4674969.5134401, 0.0007202854148025485
               0.00020975206247,               0.05145750923517,               0.03736916463755,       10.02640751168371,                0.10517130425574,  84.54403545279362,          68.10634242923909,       1.3748641641694128,              269.60380674544695,                  80.60581389055336, 4674968.786095518,0.7273445814220658,   4674969.5134401, 0.0007229519365691625
               0.00020975206247,               0.05145750923517,               0.03736916463755,       10.02640751168371,                0.10517130425574,  84.54403545279362,          68.10634242923909,       1.3748641641694128,              269.60380674544695,                  80.60581389055336, 4674968.786095518,0.7273445814220658,   4674969.5134401, 0.0007229519365691625
               0.00020138677554,               0.04918586863711,               0.03682783745829,        10.0103442226138,                0.10814473262742,  84.73211632389246,          68.47772821730257,       1.3762074013805399,              263.56744060549886,                  84.80964826418578, 4674968.792737536,0.7266346620406574, 4674969.519372198, 0.0007145345764695017
                7.212219947e-05,               0.04861666012796,                0.0392308979839,       10.04061317631934,                0.10543251725719,   84.5025151883645,          69.12132730803236,       1.4017235741323841,                267.720490301151,                  84.65187052411802,  4674968.79677002, 0.713407421016632, 4674969.510177441, 0.0007147820108564291
                7.212219947e-05,               0.04861666012796,                0.0392308979839,       10.04061317631934,                0.10543251725719,   84.5025151883645,          69.12132730803236,       1.4017235741323841,                267.720490301151,                  84.65187052411802,  4674968.79677002, 0.713407421016632, 4674969.510177441, 0.0007162231825083965
                7.212219947e-05,               0.04861666012796,                0.0392308979839,       10.04061317631934,                0.10543251725719,   84.5025151883645,          69.12132730803236,       1.4017235741323841,                267.720490301151,                  84.65187052411802,  4674968.79677002, 0.713407421016632, 4674969.510177441, 0.0007162231825083965
                7.885625878e-05,                0.0512925937369,               0.03627202330058,       10.06931479919222,                 0.1045646756959,  84.98811361447636,          67.58814289639896,       1.3709844305299461,               270.2616403153531,                  83.77174277449643, 4674968.810672353,0.7294028857887582, 4674969.540075239, 0.0007104718125639786
               0.00080970534081,               0.04928350583287,               0.04046811818949,       10.00934611242428,                0.10552165398298,  85.57166821982024,          69.89193350008256,       1.3687877191434838,               265.0381017902076,                    81.418150871002, 4674968.818536082,0.7305734746259617, 4674969.549109557, 0.0007146610208122368
               0.00080970534081,               0.04928350583287,               0.04046811818949,       10.00934611242428,                0.10552165398298,  85.57166821982024,          69.89193350008256,       1.3687877191434838,               265.0381017902076,                    81.418150871002, 4674968.818536082,0.7305734746259617, 4674969.549109557, 0.0007174709569006202
               0.00011467160942,               0.04601029798589,               0.03339920243512,       10.01400247630136,                0.10385877605223,  84.21391260482153,          66.46586489071348,        1.384267839228958,              270.92357435429346,                  82.86294213518923, 4674968.824781272,0.7224035491260156, 4674969.547184821, 0.0007125569613579893
               0.00030479279327,               0.04973289801227,               0.04236762559965,       10.02828925643137,                0.10519212926463,  85.74753356059546,             69.26967766867,       1.3738735723112425,              264.71100588720617,                  84.23812091802183, 4674968.839809392,0.7278690122248427, 4674969.567678404, 0.0007166104034697703
                 7.33097926e-05,                0.0510583944738,               0.04006270803509,        10.0760554991984,                 0.1028821018848,  85.88177150096558,          69.22213908609102,       1.3646292760386205,               262.4588758346298,                  83.93584330926393, 4674968.851378093,0.7327997556251306, 4674969.584177848, 0.0007225825662112589
                 7.33097926e-05,                0.0510583944738,               0.04006270803509,        10.0760554991984,                 0.1028821018848,  85.88177150096558,          69.22213908609102,       1.3646292760386205,               262.4588758346298,                  83.93584330926393, 4674968.851378093,0.7327997556251306, 4674969.584177848, 0.0007267621903242885
                 7.33097926e-05,                0.0510583944738,               0.04006270803509,        10.0760554991984,                 0.1028821018848,  85.88177150096558,          69.22213908609102,       1.3646292760386205,               262.4588758346298,                  83.93584330926393, 4674968.851378093,0.7327997556251306, 4674969.584177848, 0.0007267621903242885
                 7.33097926e-05,                0.0510583944738,               0.04006270803509,        10.0760554991984,                 0.1028821018848,  85.88177150096558,          69.22213908609102,       1.3646292760386205,               262.4588758346298,                  83.93584330926393, 4674968.851378093,0.7327997556251306, 4674969.584177848, 0.0007267621903242885
                 7.33097926e-05,                0.0510583944738,               0.04006270803509,        10.0760554991984,                 0.1028821018848,  85.88177150096558,          69.22213908609102,       1.3646292760386205,               262.4588758346298,                  83.93584330926393, 4674968.851378093,0.7327997556251306, 4674969.584177848, 0.0007267621903242885
                 7.33097926e-05,                0.0510583944738,               0.04006270803509,        10.0760554991984,                 0.1028821018848,  85.88177150096558,          69.22213908609102,       1.3646292760386205,               262.4588758346298,                  83.93584330926393, 4674968.851378093,0.7327997556251306, 4674969.584177848, 0.0007267621903242885
                7.789695352e-05,               0.04998561315467,               0.04214063856435,       10.02135086008784,                0.10645431476573,  85.06630821143291,          71.16173952117151,        1.378361183090665,               260.3623717280132,                  84.84795508019698,4674968.8600678025,0.7254992466907149, 4674969.585567049, 0.0007081445618882965
                7.789695352e-05,               0.04998561315467,               0.04214063856435,       10.02135086008784,                0.10645431476573,  85.06630821143291,          71.16173952117151,        1.378361183090665,               260.3623717280132,                  84.84795508019698,4674968.8600678025,0.7254992466907149, 4674969.585567049, 0.0007112213282052669
                3.017699911e-05,               0.04699886904544,               0.03714978316588,       10.06115223242048,                0.10305998646045,  85.47847910681226,          66.98759574136213,       1.3740147583928493,              268.35018857523073,                  83.30501018057753, 4674968.862688099,0.7277942204708739,  4674969.59048232, 0.0007050682426060071
                3.017699911e-05,               0.04699886904544,               0.03714978316588,       10.06115223242048,                0.10305998646045,  85.47847910681226,          66.98759574136213,       1.3740147583928493,              268.35018857523073,                  83.30501018057753, 4674968.862688099,0.7277942204708739,  4674969.59048232,  0.000705991986370375
               0.00036390839924,               0.04965714928914,               0.03783738741437,       10.00693594856924,                0.09992946092017,  85.78470796254871,           67.2477179668835,       1.3840443396905076,              269.96305736567285,                   81.0055946308208,4674968.8639851995,0.7225202049694553, 4674969.586505405, 0.0006994207995495181
               0.00036132388059,               0.04881543964185,               0.03965938738486,       10.00125153736087,                0.10373359585862,  86.00624711331874,          69.51180955941561,       1.4092016094923345,              265.23110452693635,                  84.08353354189775, 4674968.867170039,0.7096216703586157, 4674969.576791709, 0.0006975031637417316
               0.00036132388059,               0.04881543964185,               0.03965938738486,       10.00125153736087,                0.10373359585862,  86.00624711331874,          69.51180955941561,       1.4092016094923345,              265.23110452693635,                  84.08353354189775, 4674968.867170039,0.7096216703586157, 4674969.576791709, 0.0006986138804278897
               0.00036132388059,               0.04881543964185,               0.03965938738486,       10.00125153736087,                0.10373359585862,  86.00624711331874,          69.51180955941561,       1.4092016094923345,              265.23110452693635,                  84.08353354189775, 4674968.867170039,0.7096216703586157, 4674969.576791709, 0.0006986138804278897
               0.00036132388059,               0.04881543964185,               0.03965938738486,       10.00125153736087,                0.10373359585862,  86.00624711331874,          69.51180955941561,       1.4092016094923345,              265.23110452693635,                  84.08353354189775, 4674968.867170039,0.7096216703586157, 4674969.576791709, 0.0006986138804278897
               0.00036132388059,               0.04881543964185,               0.03965938738486,       10.00125153736087,                0.10373359585862,  86.00624711331874,          69.51180955941561,       1.4092016094923345,              265.23110452693635,                  84.08353354189775, 4674968.867170039,0.7096216703586157, 4674969.576791709, 0.0006986138804278897
               0.00036132388059,               0.04881543964185,               0.03965938738486,       10.00125153736087,                0.10373359585862,  86.00624711331874,          69.51180955941561,       1.4092016094923345,              265.23110452693635,                  84.08353354189775, 4674968.867170039,0.7096216703586157, 4674969.576791709, 0.0006986138804278897
               0.00036132388059,               0.04881543964185,               0.03965938738486,       10.00125153736087,                0.10373359585862,  86.00624711331874,          69.51180955941561,       1.4092016094923345,              265.23110452693635,                  84.08353354189775, 4674968.867170039,0.7096216703586157, 4674969.576791709, 0.0006986138804278897
               0.00026244098597,               0.05010975759334,               0.03668926506453,       10.06608325625131,                0.10819835085197,  84.34433398236418,           68.5230543124021,       1.3848393867809654,               265.4468498562639,                  83.94197697903947, 4674968.871933656,0.7221054004858154, 4674969.594039056, 0.0006758938904687146
               0.00013744193408,                0.0507474720507,               0.04663823484568,       10.04423467465479,                0.10151451706486,  86.69190287251446,          71.21119152709593,       1.3739936994910469,               261.3881027636509,                  83.82335866904846, 4674968.888643332,0.7278053752141795, 4674969.616448707,  0.000679812664573674
               0.00013744193408,                0.0507474720507,               0.04663823484568,       10.04423467465479,                0.10151451706486,  86.69190287251446,          71.21119152709593,       1.3739936994910469,               261.3881027636509,                  83.82335866904846, 4674968.888643332,0.7278053752141795, 4674969.616448707, 0.0006854922570684489
               0.00024967377909,               0.04951777743044,               0.03765939428286,       10.05658197225196,                0.10644765863968,  85.12824633047774,          68.63081739980251,       1.3776834127310769,              263.22988540694587,                  85.07141863446428, 4674968.890296497,0.7258561660531508, 4674969.616152664, 0.0006792328802898018
               0.00024967377909,               0.04951777743044,               0.03765939428286,       10.05658197225196,                0.10644765863968,  85.12824633047774,          68.63081739980251,       1.3776834127310769,              263.22988540694587,                  85.07141863446428, 4674968.890296497,0.7258561660531508, 4674969.616152664,  0.000679794322560193
               0.00024967377909,               0.04951777743044,               0.03765939428286,       10.05658197225196,                0.10644765863968,  85.12824633047774,          68.63081739980251,       1.3776834127310769,              263.22988540694587,                  85.07141863446428, 4674968.890296497,0.7258561660531508, 4674969.616152664,  0.000679794322560193
               0.00018044859247,               0.04919185255362,               0.04135185691796,        10.0998834800809,                0.10296145388036,  85.48271892507012,          69.59189935756721,          1.3694426099639,              262.33193363387767,                  83.81607568500871, 4674968.890591276,0.7302241019259369, 4674969.620815378, 0.0006697468522551329
                3.963198193e-05,               0.04883217928054,                0.0333298570167,       10.00790427499163,                0.10580905237397,  83.49884038391734,          66.37834857187417,       1.3708939619872582,              267.64561731679544,                  81.82807131152752, 4674968.912726214,0.7294510208144709, 4674969.642177235, 0.0006739718593915657
               0.00022589299088,               0.05096578462005,               0.04496485113413,       10.07482735519232,                0.10104008336501,   86.1558472923061,          70.54406595599858,       1.3702963532098618,               262.3697126848246,                   83.8295471708382, 4674968.914127156,0.7297691464021939, 4674969.643896302, 0.0006785157951862628
               0.00019495087092,               0.05205889175888,               0.04209489703869,       10.05761889115605,                0.10254587243452,  85.60144585280048,          69.84039122350715,       1.3906389444778133,               265.8241106232823,                  84.22848447920829, 4674968.914783577, 0.719093912888727, 4674969.633877491, 0.0006758348268700231
               0.00033780692523,                0.0487376901155,               0.03845688861199,       10.02708975236647,                0.10170252160472,   85.5573688345702,          67.26636865863472,       1.3646503436948123,              268.98320171726607,                   81.4927246058611,4674968.9161092425,0.7327884425635979, 4674969.648897685, 0.0006731393559915937
                8.918274289e-05,                0.0537497850716,               0.04088563952157,       10.01423895296561,                0.10461369181255,  85.63470594501229,          69.58128764925782,       1.3824457707232434,              264.25769177967254,                  85.62136086465337, 4674968.929455965,0.7233556796060346, 4674969.652811645, 0.0006747370600872886
               0.00029634189489,               0.04785977882819,               0.03536764848646,       10.02359158239036,                0.10535224539988,  85.79806691150411,          67.26298482234628,       1.4046585182351576,               267.2354779374666,                  85.39177630162378, 4674968.950659798,0.7119168018547462,   4674969.6625766, 0.0006831023780867825
               0.00032257755897,               0.04893561683745,               0.04065713490975,       10.02687203649392,                0.10501698405854,  85.82415056255999,          69.72321864121113,        1.401193438276667,              264.69416153541977,                  82.56136400388202, 4674968.952702852,0.7136773358216005,4674969.6663801875, 0.0006876121663641555
               0.00051519854879,               0.04811314960998,                0.0389608162791,       10.03285490508726,                0.10569019139681,  85.28257130076564,          69.87684822344107,       1.3949735726120949,               263.9894444990224,                  84.51266404850553, 4674968.960556261,0.7168594585827852,  4674969.67741572, 0.0006875900790711103
               0.00017236597267,               0.04900014045971,               0.04008243523433,       10.08751978122316,                0.10397181021139,  85.07195594931031,          68.85351403459259,       1.3711288741347594,              262.91856740638605,                  82.45188341499632, 4674968.985083275,0.7293260457599527, 4674969.714409321,  0.000695383158093247
               0.00017236597267,               0.04900014045971,               0.04008243523433,       10.08751978122316,                0.10397181021139,  85.07195594931031,          68.85351403459259,       1.3711288741347594,              262.91856740638605,                  82.45188341499632, 4674968.985083275,0.7293260457599527, 4674969.714409321,  0.000703910566542028
               0.00013007718712,               0.04811106701834,               0.03149278754596,       10.01822834155243,                0.10557171764714,  84.05065239567472,          66.37436752287715,       1.3806977160346678,              271.38456824299493,                   82.9749067885198, 4674968.993567295,0.7242714957709766, 4674969.717838791, 0.0006998753419476675
               0.00013688725421,               0.05051223962213,               0.03354137672771,        10.0586802483656,                0.10439174406711,  84.15621356045648,          66.55911107832338,       1.3842904237455986,               272.2633312209648,                  82.61745022630744, 4674968.993842992,0.7223917632068929, 4674969.716234755, 0.0006994438831095727
                7.992193928e-05,               0.04879327733629,               0.03616025064999,       10.10073996718044,                0.10304097754747,  84.68019252576889,          66.86734262358108,       1.4030851374148745,               270.3849814251153,                  84.38173114907377, 4674968.997262917,0.7127151256426663, 4674969.709978043,  0.000697252274070223
               0.00039721329442,               0.05031828951885,               0.04317347468528,       10.01177385140414,                0.10401839255316,  84.95573220450859,          71.17125089050208,       1.3862712927590504,              263.79310192385213,                  84.56567029943929, 4674969.001772276,0.7213595240868999,   4674969.7231318, 0.0006965401721985093
               0.00039721329442,               0.05031828951885,               0.04317347468528,       10.01177385140414,                0.10401839255316,  84.95573220450859,          71.17125089050208,       1.3862712927590504,              263.79310192385213,                  84.56567029943929, 4674969.001772276,0.7213595240868999,   4674969.7231318, 0.0006981106440885718
                6.876369098e-05,               0.04810748224514,               0.03317319876334,       10.00595989374096,                 0.1007037920505,  85.33741383366305,          65.44143491231628,       1.3779577695459706,               270.9401672694268,                  82.83337764773471,4674969.0089436015,0.7257116452338699, 4674969.734655247, 0.0006936514585013828
                6.876369098e-05,               0.04810748224514,               0.03317319876334,       10.00595989374096,                 0.1007037920505,  85.33741383366305,          65.44143491231628,       1.3779577695459706,               270.9401672694268,                  82.83337764773471,4674969.0089436015,0.7257116452338699, 4674969.734655247, 0.0006961386483372143
                6.876369098e-05,               0.04810748224514,               0.03317319876334,       10.00595989374096,                 0.1007037920505,  85.33741383366305,          65.44143491231628,       1.3779577695459706,               270.9401672694268,                  82.83337764773471,4674969.0089436015,0.7257116452338699, 4674969.734655247, 0.0006961386483372143
                6.876369098e-05,               0.04810748224514,               0.03317319876334,       10.00595989374096,                 0.1007037920505,  85.33741383366305,          65.44143491231628,       1.3779577695459706,               270.9401672694268,                  82.83337764773471,4674969.0089436015,0.7257116452338699, 4674969.734655247, 0.0006961386483372143
                6.876369098e-05,               0.04810748224514,               0.03317319876334,       10.00595989374096,                 0.1007037920505,  85.33741383366305,          65.44143491231628,       1.3779577695459706,               270.9401672694268,                  82.83337764773471,4674969.0089436015,0.7257116452338699, 4674969.734655247, 0.0006961386483372143
               0.00037765718503,               0.05225906107236,               0.04282738021059,       10.02757829215953,                 0.1015057891041,  85.18765203905544,          69.27357967095718,       1.3730880394314047,              266.53455839605533,                  83.92057385188171, 4674969.024848849,0.7282854203683106, 4674969.753134269, 0.0006842633403132629
                 4.74333143e-06,               0.05398443538367,               0.03820385800323,       10.02368776636946,                0.10329184102811,  84.27721047627193,          67.48154507255235,        1.374278281021563,               267.2775246886823,                  81.98217246802241, 4674969.042510642, 0.727654663403874, 4674969.770165306, 0.0006923877925649123
                 4.74333143e-06,               0.05398443538367,               0.03820385800323,       10.02368776636946,                0.10329184102811,  84.27721047627193,          67.48154507255235,        1.374278281021563,               267.2775246886823,                  81.98217246802241, 4674969.042510642, 0.727654663403874, 4674969.770165306, 0.0006985020387394211
               0.00026914260146,               0.04766660722761,               0.03650815345089,       10.07198537720358,                0.10338791514629,  85.28168884286441,           67.5574910737717,       1.4065173880119157,               268.1911129431264,                  82.33617130161123, 4674969.046139496,0.7109759243101005, 4674969.757115421,  0.000692808820059851
                3.789151756e-05,                0.0492850915735,               0.03167289338692,       10.01697114409043,                0.10539199736263,  83.71850655277228,          66.95608061929121,       1.4036464227105883,              271.06848019715886,                  83.78673219230275, 4674969.046242028,0.7124301275736487, 4674969.758672155, 0.0006906482120402442
               0.00044515662473,               0.04899692658825,               0.03614402983287,        10.0103116774044,                0.10602915295186,  84.73662324611503,           67.7614493572926,       1.3887055260361965,               268.9398748328746,                   80.0706354245509, 4674969.056546495, 0.720095067853813,4674969.7766415635, 0.0006908065469374711
               0.00045801582542,               0.05094686054801,               0.04291935065414,       10.02114885437461,                0.10306537498131,  84.88340973336399,           71.2989961209344,       1.3705794086693472,               262.9929956305717,                  82.37251855873464, 4674969.061627693,0.7296184326677349,4674969.7912461255, 0.0006926709516764899
                3.030974881e-05,               0.05131530986748,               0.03812217889033,       10.04366831229818,                   0.10749747257,  85.08507826936588,            68.439672363658,       1.3705724803256174,                 265.26621196029,                  84.53291835558976,   4674969.0625804,0.7296221209420624, 4674969.792202521, 0.0006913051735007334
               0.00033624769244,               0.04867979050943,               0.04450531799357,       10.05571283920002,                0.10356617284282,  86.10426558677831,          71.39127157120674,       1.3698536393091472,              261.15528084468235,                   83.0875524482821, 4674969.070036029,0.7300049956463422,4674969.8000410255, 0.0006907685567103972
               0.00033624769244,               0.04867979050943,               0.04450531799357,       10.05571283920002,                0.10356617284282,  86.10426558677831,          71.39127157120674,       1.3698536393091472,              261.15528084468235,                   83.0875524482821, 4674969.070036029,0.7300049956463422,4674969.8000410255, 0.0006933436020325604
               0.00054160050199,               0.05023626331833,               0.03745301182028,        10.0123440401924,                0.10335898154077,   84.5187284314477,          68.82133309778267,       1.3869614234465666,              269.28985801367236,                  83.45788095841318, 4674969.070448289,0.7210005866745908, 4674969.791448875, 0.0006865861864117355
               0.00013805498677,               0.04960162644958,               0.03216413855235,       10.05723623082834,                0.10479119287609,  84.01969352067779,          66.31440067258679,       1.3885286715824068,               267.0431767116173,                  82.77753121514674, 4674969.075888439,0.7201867850956016, 4674969.796075224, 0.0006851748789958094
               0.00013805498677,               0.04960162644958,               0.03216413855235,       10.05723623082834,                0.10479119287609,  84.01969352067779,          66.31440067258679,       1.3885286715824068,               267.0431767116173,                  82.77753121514674, 4674969.075888439,0.7201867850956016, 4674969.796075224, 0.0006870386013994794
               0.00040907337049,               0.04794462814284,               0.03832736807946,       10.01036447446104,                0.10518877966496,  85.66711833492101,          68.97358813290134,       1.4133623694485842,              266.13320908653293,                  83.98203511215047,  4674969.07717565,0.7075326339628984, 4674969.784708284, 0.0006806404604137402
                0.0004220044175,               0.05364775280531,                0.0413667849576,       10.03899426026303,                0.10178593691529,   84.8526242810093,          69.30676011071233,       1.3708054422870875,              265.18854581920834,                  83.00036714100165, 4674969.099410348,0.7294981250815389, 4674969.828908472, 0.0006853085747426886
                0.0004220044175,               0.05364775280531,                0.0413667849576,       10.03899426026303,                0.10178593691529,   84.8526242810093,          69.30676011071233,       1.3708054422870875,              265.18854581920834,                  83.00036714100165, 4674969.099410348,0.7294981250815389, 4674969.828908472, 0.0006929270753702244
                0.0004220044175,               0.05364775280531,                0.0413667849576,       10.03899426026303,                0.10178593691529,   84.8526242810093,          69.30676011071233,       1.3708054422870875,              265.18854581920834,                  83.00036714100165, 4674969.099410348,0.7294981250815389, 4674969.828908472, 0.0006929270753702244
                0.0004220044175,               0.05364775280531,                0.0413667849576,       10.03899426026303,                0.10178593691529,   84.8526242810093,          69.30676011071233,       1.3708054422870875,              265.18854581920834,                  83.00036714100165, 4674969.099410348,0.7294981250815389, 4674969.828908472, 0.0006929270753702244
                0.0004220044175,               0.05364775280531,                0.0413667849576,       10.03899426026303,                0.10178593691529,   84.8526242810093,          69.30676011071233,       1.3708054422870875,              265.18854581920834,                  83.00036714100165, 4674969.099410348,0.7294981250815389, 4674969.828908472, 0.0006929270753702244
                0.0004220044175,               0.05364775280531,                0.0413667849576,       10.03899426026303,                0.10178593691529,   84.8526242810093,          69.30676011071233,       1.3708054422870875,              265.18854581920834,                  83.00036714100165, 4674969.099410348,0.7294981250815389, 4674969.828908472, 0.0006929270753702244
               0.00011897848213,               0.04790884606879,               0.03503060478812,       10.09432959175288,                0.10398163463567,  84.64443613506963,          67.44250471779881,       1.3785266176491253,               266.2596255140155,                  84.47442554833387, 4674969.100547503,0.7254121808002177, 4674969.825959683, 0.0006726251246829917
               0.00042723643673,               0.05227588955377,               0.04126460008784,       10.02350195653675,                0.09992801942554,   85.2613555075513,          68.23288509096457,       1.3628246633109444,               266.7657982896122,                  83.60153585250329, 4674969.103945882,0.7337701077191603,  4674969.83771599, 0.0006707990815528058
                9.356327571e-05,               0.04861494355629,                0.0388469188667,       10.02824488282429,                0.10340873886001,  84.71565723568071,          68.86636647870637,        1.355250834524478,               267.0460607091966,                  82.65810954179287, 4674969.111734502,0.7378707871084793, 4674969.849605289, 0.0006712098012522851
               0.00021085254215,               0.04901903533783,               0.03458504420147,       10.01988372652291,                0.10303589456762,  84.84289519906127,          65.17385064956841,       1.3905115647691317,               272.8195923117887,                   84.0397100824702, 4674969.122493012,0.7191597864675302,4674969.8416527985, 0.0006740974376320021
               0.00021085254215,               0.04901903533783,               0.03458504420147,       10.01988372652291,                0.10303589456762,  84.84289519906127,          65.17385064956841,       1.3905115647691317,               272.8195923117887,                   84.0397100824702, 4674969.122493012,0.7191597864675302,4674969.8416527985, 0.0006777235446385934
               0.00029437310092,               0.04804683838254,               0.03835598678992,       10.02824280397612,                0.10068497141304,  84.74277036051821,          68.07781152275179,       1.3735433141643512,              267.91346626013774,                  80.89744518389041, 4674969.128522564,0.7280440228478627,4674969.8565665865,  0.000673008991423323
                1.425930649e-05,               0.05004812556396,               0.04184208721176,       10.08226795732008,                0.10343400191916,  85.75841275421709,           69.3282041100131,       1.3770295909715053,              262.28520433595185,                  85.49830752343945, 4674969.141740471,0.7262008068355975, 4674969.867941278, 0.0006761481254084875
                1.425930649e-05,               0.05004812556396,               0.04184208721176,       10.08226795732008,                0.10343400191916,  85.75841275421709,           69.3282041100131,       1.3770295909715053,              262.28520433595185,                  85.49830752343945, 4674969.141740471,0.7262008068355975, 4674969.867941278, 0.0006806166922708538
                1.425930649e-05,               0.05004812556396,               0.04184208721176,       10.08226795732008,                0.10343400191916,  85.75841275421709,           69.3282041100131,       1.3770295909715053,              262.28520433595185,                  85.49830752343945, 4674969.141740471,0.7262008068355975, 4674969.867941278, 0.0006806166922708538
                1.425930649e-05,               0.05004812556396,               0.04184208721176,       10.08226795732008,                0.10343400191916,  85.75841275421709,           69.3282041100131,       1.3770295909715053,              262.28520433595185,                  85.49830752343945, 4674969.141740471,0.7262008068355975, 4674969.867941278, 0.0006806166922708538
               0.00011657512347,               0.05200651783722,                0.0397892317349,       10.05510247720722,                0.10133447715364,  84.91201037796455,          69.33920617121173,       1.3642649636712507,              266.75031177610765,                  82.61322042016918,4674969.1447312655, 0.732995441962381, 4674969.877726708,  0.000668071112327515
                0.0001956394568,               0.04865685703328,               0.03738846509721,        10.0093749351118,                0.10250889391505,  84.91439789653367,          67.22698937488256,       1.3591119594551766,              269.98664671138374,                  82.57125267024776, 4674969.148483843,0.7357745570871639,   4674969.8842584, 0.0006669929054079001
               0.00026563394052,               0.05111256785942,               0.03576437382605,       10.05816765718751,                0.10543511901927,  84.08172210183544,          68.32898039059401,       1.3925005125293075,               266.9926762256349,                  83.05676704136073, 4674969.161381587,0.7181325902592466, 4674969.879514177, 0.0006692355310747295
               0.00026563394052,               0.05111256785942,               0.03576437382605,       10.05816765718751,                0.10543511901927,  84.08172210183544,          68.32898039059401,       1.3925005125293075,               266.9926762256349,                  83.05676704136073, 4674969.161381587,0.7181325902592466, 4674969.879514177, 0.0006735512859149715
               0.00077732022013,               0.05145377207185,               0.03623759861315,       10.00323240702567,                0.10218171932882,  84.97409009300704,          67.29517787702227,        1.376325730175827,              266.09470760476245,                  84.31219026171333, 4674969.170985937,0.7265721900528948,4674969.8975581275, 0.0006700670380762835
               0.00077732022013,               0.05145377207185,               0.03623759861315,       10.00323240702567,                0.10218171932882,  84.97409009300704,          67.29517787702227,        1.376325730175827,              266.09470760476245,                  84.31219026171333, 4674969.170985937,0.7265721900528948,4674969.8975581275, 0.0006732847922235263
               0.00022895137262,               0.04832819254475,               0.03927184385171,       10.05879142683657,                0.10557049972319,  85.45412173544639,          68.74899708259358,       1.3717391150124199,                265.952739445308,                  84.28079334557927, 4674969.172153115,0.7290015929821655, 4674969.901154708, 0.0006669746800728704
               0.00023777780751,                0.0507455909732,               0.04070452449969,       10.08941252036695,                0.10183375111837,  85.16533309294593,          68.80188908519307,       1.3608976277935803,              264.33060934886043,                  82.70539562252613, 4674969.190513843,0.7348091286052849, 4674969.925322971, 0.0006701961724053299
               0.00053935639954,               0.04734214165745,               0.03695550756014,       10.01213717568197,                0.10625076329525,  85.33117953189054,           68.7278620731689,       1.3991543999164846,               267.6858850087146,                    84.834522010043, 4674969.232699772,0.7147174036401486, 4674969.947417176, 0.0006874826221643621
               0.00053935639954,               0.04734214165745,               0.03695550756014,       10.01213717568197,                0.10625076329525,  85.33117953189054,           68.7278620731689,       1.3991543999164846,               267.6858850087146,                    84.834522010043, 4674969.232699772,0.7147174036401486, 4674969.947417176, 0.0007019815185504283
               0.00053935639954,               0.04734214165745,               0.03695550756014,       10.01213717568197,                0.10625076329525,  85.33117953189054,           68.7278620731689,       1.3991543999164846,               267.6858850087146,                    84.834522010043, 4674969.232699772,0.7147174036401486, 4674969.947417176, 0.0007019815185504283
               0.00053935639954,               0.04734214165745,               0.03695550756014,       10.01213717568197,                0.10625076329525,  85.33117953189054,           68.7278620731689,       1.3991543999164846,               267.6858850087146,                    84.834522010043, 4674969.232699772,0.7147174036401486, 4674969.947417176, 0.0007019815185504283
               0.00053935639954,               0.04734214165745,               0.03695550756014,       10.01213717568197,                0.10625076329525,  85.33117953189054,           68.7278620731689,       1.3991543999164846,               267.6858850087146,                    84.834522010043, 4674969.232699772,0.7147174036401486, 4674969.947417176, 0.0007019815185504283
               0.00053935639954,               0.04734214165745,               0.03695550756014,       10.01213717568197,                0.10625076329525,  85.33117953189054,           68.7278620731689,       1.3991543999164846,               267.6858850087146,                    84.834522010043, 4674969.232699772,0.7147174036401486, 4674969.947417176, 0.0007019815185504283
               0.00016392312122,               0.05103384793742,               0.03964607764191,       10.00997236606264,                0.10445622080416,  86.22167567870599,          67.99169217708469,       1.3646195251067321,              268.77960386197526,                  82.13371194458698, 4674969.238575183,0.7328049918689139, 4674969.971380175, 0.0006830333913630612
               0.00016392312122,               0.05103384793742,               0.03964607764191,       10.00997236606264,                0.10445622080416,  86.22167567870599,          67.99169217708469,       1.3646195251067321,              268.77960386197526,                  82.13371194458698, 4674969.238575183,0.7328049918689139, 4674969.971380175, 0.0006850399365338868
               0.00016392312122,               0.05103384793742,               0.03964607764191,       10.00997236606264,                0.10445622080416,  86.22167567870599,          67.99169217708469,       1.3646195251067321,              268.77960386197526,                  82.13371194458698, 4674969.238575183,0.7328049918689139, 4674969.971380175, 0.0006850399365338868
               0.00016392312122,               0.05103384793742,               0.03964607764191,       10.00997236606264,                0.10445622080416,  86.22167567870599,          67.99169217708469,       1.3646195251067321,              268.77960386197526,                  82.13371194458698, 4674969.238575183,0.7328049918689139, 4674969.971380175, 0.0006850399365338868
               0.00016392312122,               0.05103384793742,               0.03964607764191,       10.00997236606264,                0.10445622080416,  86.22167567870599,          67.99169217708469,       1.3646195251067321,              268.77960386197526,                  82.13371194458698, 4674969.238575183,0.7328049918689139, 4674969.971380175, 0.0006850399365338868
               0.00016392312122,               0.05103384793742,               0.03964607764191,       10.00997236606264,                0.10445622080416,  86.22167567870599,          67.99169217708469,       1.3646195251067321,              268.77960386197526,                  82.13371194458698, 4674969.238575183,0.7328049918689139, 4674969.971380175, 0.0006850399365338868
               0.00016392312122,               0.05103384793742,               0.03964607764191,       10.00997236606264,                0.10445622080416,  86.22167567870599,          67.99169217708469,       1.3646195251067321,              268.77960386197526,                  82.13371194458698, 4674969.238575183,0.7328049918689139, 4674969.971380175, 0.0006850399365338868
               0.00016392312122,               0.05103384793742,               0.03964607764191,       10.00997236606264,                0.10445622080416,  86.22167567870599,          67.99169217708469,       1.3646195251067321,              268.77960386197526,                  82.13371194458698, 4674969.238575183,0.7328049918689139, 4674969.971380175, 0.0006850399365338868
               0.00018068052426,               0.04919475898492,               0.04218347087254,       10.06586342456272,                0.10236402208081,  85.62080808804986,          69.04538650427472,        1.362251864941083,               265.1838350200047,                  81.38950324059455,4674969.2575636385,0.7340786426768809, 4674969.991642281, 0.0006640793965330049
                 8.14884647e-06,               0.04818843495699,               0.03373488281532,       10.04520443679966,                0.10304659981373,  84.33268155892094,          67.18103790002779,       1.3706873880504826,               269.6146003708751,                  83.29103775305259, 4674969.261886255,0.7295609551221536,  4674969.99144721, 0.0006684937027835718
                 8.14884647e-06,               0.04818843495699,               0.03373488281532,       10.04520443679966,                0.10304659981373,  84.33268155892094,          67.18103790002779,       1.3706873880504826,               269.6146003708751,                  83.29103775305259, 4674969.261886255,0.7295609551221536,  4674969.99144721, 0.0006699385213611818
               0.00034299384403,               0.05184399969965,               0.03747323911986,       10.05724609622856,                0.10327082224113,  85.37276352182171,          68.59067203817258,       1.3712824085801767,               265.5100179533151,                  83.97642546215232,4674969.2737258095,0.7292443874018615, 4674970.002970197, 0.0006672222275134472
               0.00012792721595,               0.05086097013289,               0.03539972950142,       10.01520905973892,                0.10110791396142,  84.83821887890298,           66.6813113559538,       1.3842833384258302,                272.078086241249,                   85.4615200713961, 4674969.281414329,0.7223954606989441,  4674970.00380979, 0.0006704100417685066
               0.00015750159602,               0.05189585486446,               0.03632301967073,       10.06990804455348,                0.10368938096216,  85.70526191490134,          67.48240430684547,       1.3734869846640758,              266.97706225381813,                  82.52286667957647, 4674969.288280104,0.7280738814169234, 4674970.016353985, 0.0006719457697233005
                4.804270234e-05,                0.0489923565641,               0.03583835568515,       10.01615057962008,                0.10343744572938,  86.26524967162177,          66.10164259256479,       1.3850021701378117,              270.38998786223465,                  83.62773963690668, 4674969.299241822,0.7220205293255946, 4674970.021262351, 0.0006745953096794947
                4.804270234e-05,                0.0489923565641,               0.03583835568515,       10.01615057962008,                0.10343744572938,  86.26524967162177,          66.10164259256479,       1.3850021701378117,              270.38998786223465,                  83.62773963690668, 4674969.299241822,0.7220205293255946, 4674970.021262351, 0.0006782926343574953
               0.00028357689779,                0.0494460565802,               0.03231539123521,        10.0048930652639,                0.10513864071919,   83.4388708643357,          66.89116955661305,       1.3982683720555118,              270.26551990537223,                  85.15259000237839, 4674969.299289864,0.7151702920448376, 4674970.014460156, 0.0006715595848595716
               0.00028357689779,                0.0494460565802,               0.03231539123521,        10.0048930652639,                0.10513864071919,   83.4388708643357,          66.89116955661305,       1.3982683720555118,              270.26551990537223,                  85.15259000237839, 4674969.299289864,0.7151702920448376, 4674970.014460156, 0.0006715757163657276
               0.00028357689779,                0.0494460565802,               0.03231539123521,        10.0048930652639,                0.10513864071919,   83.4388708643357,          66.89116955661305,       1.3982683720555118,              270.26551990537223,                  85.15259000237839, 4674969.299289864,0.7151702920448376, 4674970.014460156, 0.0006715757163657276
               0.00028357689779,                0.0494460565802,               0.03231539123521,        10.0048930652639,                0.10513864071919,   83.4388708643357,          66.89116955661305,       1.3982683720555118,              270.26551990537223,                  85.15259000237839, 4674969.299289864,0.7151702920448376, 4674970.014460156, 0.0006715757163657276
               0.00030813176959,               0.04894213020315,                0.0408847713931,       10.01206922052066,                0.10396368900764,   85.8056919700482,          70.10008488152394,       1.3953031877729691,              261.82793509832806,                  84.27659667580483, 4674969.312036515,0.7166901134914563, 4674970.028726629, 0.0006624328690188597
                 0.000229222848,               0.05164104419546,               0.03964367336828,       10.00768839251993,                0.09884428379848,   85.6333683697764,          67.05828205978544,       1.3738691788409259,               268.7995087084377,                  83.50283766013061, 4674969.318206834, 0.727871339863419, 4674970.046078173, 0.0006653908518827607
                0.0003980060089,                0.0483526859239,                 0.038598482598,       10.00012291520959,                0.10418024461244,   85.8464983114832,          68.35287763613289,        1.361606075008017,                266.585685537372,                  83.33267654285619, 4674969.320557944,0.7344268054871246, 4674970.054984749, 0.0006649046984304106
               0.00013456899685,               0.04899413805022,               0.03455524409057,       10.02670816303346,                 0.1018721770602,  85.24002522755492,          67.43902062683546,        1.383218008893959,              269.62600234882376,                  83.61030159105043, 4674969.331149731,0.7229518366375337, 4674970.054101568, 0.0006659009658514429
                3.670922374e-05,               0.05164596491539,               0.03962615413852,       10.00574088515144,                0.10709340869266,   84.5746094757775,          69.20801778709695,       1.3704312258782825,              262.92122038123534,                  84.69713662835629, 4674969.353837075,0.7296973252773918,   4674970.0835344, 0.0006737393383753753
                1.486528022e-05,               0.05014655044826,               0.04013057078329,       10.04449621566244,                0.10259688629699,  84.93328107530589,          69.48382971585943,       1.3600574522668376,              262.00893789908014,                  84.42594369391426, 4674969.356882829,0.7352630569637173, 4674970.092145886, 0.0006790258029282986
               0.00024072499813,               0.04836763150719,               0.03889862491935,         10.048839322414,                0.10355216899423,   85.4217132103578,          68.09120613526778,       1.3807021039260143,               269.7550190055367,                  82.57569930713339, 4674969.357231035,0.7242691940256402,4674970.0815002285,  0.000676794324574277
               0.00024072499813,               0.04836763150719,               0.03889862491935,         10.048839322414,                0.10355216899423,   85.4217132103578,          68.09120613526778,       1.3807021039260143,               269.7550190055367,                  82.57569930713339, 4674969.357231035,0.7242691940256402,4674970.0815002285, 0.0006769121562436932
               0.00024072499813,               0.04836763150719,               0.03889862491935,         10.048839322414,                0.10355216899423,   85.4217132103578,          68.09120613526778,       1.3807021039260143,               269.7550190055367,                  82.57569930713339, 4674969.357231035,0.7242691940256402,4674970.0815002285, 0.0006769121562436932
                0.0001081394148,               0.04889781640995,               0.03960119963624,       10.03035657082202,                0.10065246334605,  85.65823577191622,          69.07362601114514,       1.3803926181028716,               264.5083951219079,                  84.84162003501791, 4674969.369285621,0.7244315761224076, 4674970.093717197, 0.0006708523644196009
                0.0001081394148,               0.04889781640995,               0.03960119963624,       10.03035657082202,                0.10065246334605,  85.65823577191622,          69.07362601114514,       1.3803926181028716,               264.5083951219079,                  84.84162003501791, 4674969.369285621,0.7244315761224076, 4674970.093717197, 0.0006748957391470473
                0.0001081394148,               0.04889781640995,               0.03960119963624,       10.03035657082202,                0.10065246334605,  85.65823577191622,          69.07362601114514,       1.3803926181028716,               264.5083951219079,                  84.84162003501791, 4674969.369285621,0.7244315761224076, 4674970.093717197, 0.0006748957391470473
               0.00085215004544,               0.04863647749178,               0.03869879746486,       10.01137435569374,                0.10583337931497,  85.64538573590742,          69.18502878310014,       1.3843455575707428,              266.63612199810365,                  83.12054317458613,4674969.3708448745,0.7223629927738602, 4674970.093207867, 0.0006653413860664894
               0.00085215004544,               0.04863647749178,               0.03869879746486,       10.01137435569374,                0.10583337931497,  85.64538573590742,          69.18502878310014,       1.3843455575707428,              266.63612199810365,                  83.12054317458613,4674969.3708448745,0.7223629927738602, 4674970.093207867, 0.0006658601041960074
               0.00085215004544,               0.04863647749178,               0.03869879746486,       10.01137435569374,                0.10583337931497,  85.64538573590742,          69.18502878310014,       1.3843455575707428,              266.63612199810365,                  83.12054317458613,4674969.3708448745,0.7223629927738602, 4674970.093207867, 0.0006658601041960074
               0.00085215004544,               0.04863647749178,               0.03869879746486,       10.01137435569374,                0.10583337931497,  85.64538573590742,          69.18502878310014,       1.3843455575707428,              266.63612199810365,                  83.12054317458613,4674969.3708448745,0.7223629927738602, 4674970.093207867, 0.0006658601041960074
               0.00085215004544,               0.04863647749178,               0.03869879746486,       10.01137435569374,                0.10583337931497,  85.64538573590742,          69.18502878310014,       1.3843455575707428,              266.63612199810365,                  83.12054317458613,4674969.3708448745,0.7223629927738602, 4674970.093207867, 0.0006658601041960074
                0.0001116677264,               0.04932732901579,               0.03457039402508,       10.07688289186519,                0.10327731548533,  84.08979691121806,           66.6067307952693,       1.3730879890087235,               267.1420441347768,                  82.21858681501968,  4674969.38118995,0.7282854471124842, 4674970.109475397, 0.0006526723620995213
                5.406864386e-05,               0.04950287342324,               0.03407608085917,       10.00687000303672,                0.10533466494907,  84.85858817083437,          67.90731214814713,       1.3733972903219727,               269.2577751343129,                  82.63816537239404, 4674969.387230914,0.7281214307373249, 4674970.115352345, 0.0006547620734997149
               0.00075648816392,               0.05176033432985,               0.03805351283742,       10.00377793737572,                0.10378990189473,  84.76573505571305,          68.71907495757442,       1.3913538211392804,               267.8505432447047,                  84.83048668720363, 4674969.394326839,0.7187244429178851, 4674970.113051281, 0.0006557991436805023
               0.00022795166474,               0.04850497020053,               0.04262949552788,       10.02846112717448,                0.10112641322347,  85.30940685531958,          70.03799452682166,       1.3644208437388938,              263.02179545408256,                  82.49386604661136, 4674969.397260138,0.7329116999266304, 4674970.130171838, 0.0006558134741117857
               0.00032705497898,               0.05044569587215,               0.03567705122525,       10.03215711920875,                0.10468143965546,  84.75710864502904,          68.35939337036768,       1.3958440411092299,               268.6710700751912,                  82.73879039834588, 4674969.411230741,0.7164124146744459, 4674970.127643156,  0.000658104768699445
               0.00032705497898,               0.05044569587215,               0.03567705122525,       10.03215711920875,                0.10468143965546,  84.75710864502904,          68.35939337036768,       1.3958440411092299,               268.6710700751912,                  82.73879039834588, 4674969.411230741,0.7164124146744459, 4674970.127643156, 0.0006627017539900931
               0.00032705497898,               0.05044569587215,               0.03567705122525,       10.03215711920875,                0.10468143965546,  84.75710864502904,          68.35939337036768,       1.3958440411092299,               268.6710700751912,                  82.73879039834588, 4674969.411230741,0.7164124146744459, 4674970.127643156, 0.0006627017539900931
               0.00032705497898,               0.05044569587215,               0.03567705122525,       10.03215711920875,                0.10468143965546,  84.75710864502904,          68.35939337036768,       1.3958440411092299,               268.6710700751912,                  82.73879039834588, 4674969.411230741,0.7164124146744459, 4674970.127643156, 0.0006627017539900931
               0.00032705497898,               0.05044569587215,               0.03567705122525,       10.03215711920875,                0.10468143965546,  84.75710864502904,          68.35939337036768,       1.3958440411092299,               268.6710700751912,                  82.73879039834588, 4674969.411230741,0.7164124146744459, 4674970.127643156, 0.0006627017539900931
               0.00045874693325,               0.04776404954327,               0.04027440789076,       10.00897591419568,                0.10105832689202,  86.03140112418872,          68.67140140536264,       1.3962713722344917,              266.95577543613103,                  83.50431540827805,  4674969.41789891,0.7161931554893032,4674970.1340920655, 0.0006483783765234268
               0.00045874693325,               0.04776404954327,               0.04027440789076,       10.00897591419568,                0.10105832689202,  86.03140112418872,          68.67140140536264,       1.3962713722344917,              266.95577543613103,                  83.50431540827805,  4674969.41789891,0.7161931554893032,4674970.1340920655, 0.0006505401167709544
               0.00045874693325,               0.04776404954327,               0.04027440789076,       10.00897591419568,                0.10105832689202,  86.03140112418872,          68.67140140536264,       1.3962713722344917,              266.95577543613103,                  83.50431540827805,  4674969.41789891,0.7161931554893032,4674970.1340920655, 0.0006505401167709544
               0.00045874693325,               0.04776404954327,               0.04027440789076,       10.00897591419568,                0.10105832689202,  86.03140112418872,          68.67140140536264,       1.3962713722344917,              266.95577543613103,                  83.50431540827805,  4674969.41789891,0.7161931554893032,4674970.1340920655, 0.0006505401167709544
               0.00045874693325,               0.04776404954327,               0.04027440789076,       10.00897591419568,                0.10105832689202,  86.03140112418872,          68.67140140536264,       1.3962713722344917,              266.95577543613103,                  83.50431540827805,  4674969.41789891,0.7161931554893032,4674970.1340920655, 0.0006505401167709544
               0.00045874693325,               0.04776404954327,               0.04027440789076,       10.00897591419568,                0.10105832689202,  86.03140112418872,          68.67140140536264,       1.3962713722344917,              266.95577543613103,                  83.50431540827805,  4674969.41789891,0.7161931554893032,4674970.1340920655, 0.0006505401167709544
               0.00027899033732,               0.05320285415138,               0.03657774808419,       10.04321900090594,                0.10301052205175,  84.83386534699838,           66.6583683347861,       1.3617277928798808,               269.4700450057479,                  83.15598599989809,4674969.4596191775,0.7343611588371325, 4674970.193980336, 0.0006445647663005148
               0.00018056237729,               0.05108442163968,               0.04194672897189,       10.07182203586357,                0.10284359183123,  86.24853364529783,           69.6513312847687,        1.384680278283666,               264.9949692675333,                   84.2452629959189, 4674969.463263963,0.7221883749507262, 4674970.185452338, 0.0006559302101096626
               0.00034584261443,               0.05132669668448,               0.03595198777898,       10.10025513317292,                0.10397689957808,  84.74278197102106,           66.9579375952315,       1.3741983655076142,              269.85241169081525,                  82.34493091181072, 4674969.464835145,0.7276969796355497, 4674970.192532124, 0.0006543703573787291
               0.00030112985773,               0.05002970862285,               0.03699107046373,       10.04173027875309,                0.10358008850434,  85.04983859804807,          66.61070841499381,        1.378400290185238,               269.5652574433278,                  84.39140290342078, 4674969.467592565,0.7254786632884515, 4674970.193071228, 0.0006525259362732669
               0.00011458351356,               0.04799195593884,               0.04263210036632,       10.00464574474638,                0.10223125342352,   85.3302382508829,          71.04240849854392,       1.3764416647150095,               260.9216910719067,                   82.9568819494373,  4674969.46871496,0.7265109925359958, 4674970.195225952, 0.0006505397877875934
               0.00011458351356,               0.04799195593884,               0.04263210036632,       10.00464574474638,                0.10223125342352,   85.3302382508829,          71.04240849854392,       1.3764416647150095,               260.9216910719067,                   82.9568819494373,  4674969.46871496,0.7265109925359958, 4674970.195225952, 0.0006509048689646858
               0.00011458351356,               0.04799195593884,               0.04263210036632,       10.00464574474638,                0.10223125342352,   85.3302382508829,          71.04240849854392,       1.3764416647150095,               260.9216910719067,                   82.9568819494373,  4674969.46871496,0.7265109925359958, 4674970.195225952, 0.0006509048689646858
                0.0003879834773,               0.04769940850199,               0.03733166758009,       10.03603968662045,                0.10676866728117,   84.4319308249544,          68.16763615594348,       1.3921819316545654,               266.8453655497183,                  83.58865237275828, 4674969.476664056,0.7182969246063485, 4674970.194960981, 0.0006437484663325912
                6.626892148e-05,               0.04994678997984,               0.04088237691083,       10.07811609293468,                 0.1022482922015,  84.85450631589035,           69.7578486679904,       1.3638323972835733,               265.5717217659355,                  81.79413954927747, 4674969.478822725,0.7332279259473231, 4674970.212050651, 0.0006437864649403694
               0.00025113019465,                0.0534697187628,               0.03649500032454,       10.06100544858709,                 0.1030869649592,  84.92194253546818,          67.10824308935656,       1.3680273986762155,              269.50228289659367,                  82.34155331434532, 4674969.491115155,0.7309795117902312, 4674970.222094666, 0.0006452406889041173
                7.709025561e-05,               0.04994601444172,               0.04726779565435,       10.04845015897658,                 0.1028394003315,  85.88145007757224,          71.90474288967866,       1.3787415005374188,               260.8317551967248,                  84.99469804377246, 4674969.496285813,0.7252991221416129, 4674970.221584935, 0.0006476509307823757
               0.00058370317254,               0.04754146493359,               0.03788178461188,       10.03494393192908,                0.10304410240552,   85.7915050979017,          68.30659514067563,        1.398273010538775,               267.6460018640279,                   82.7209501347487, 4674969.496574556,0.7151679196144145, 4674970.211742476, 0.0006461881350400287
               0.00031653035429,               0.05117311198627,               0.03808884207644,       10.06463518616218,                0.10144766209716,  84.78149254869217,          68.74446488542537,       1.3779697065833048,              265.60016574861476,                  83.12477176677999,4674969.4972140035,0.7257053585593795, 4674970.222919362, 0.0006432717648144233
               0.00012621726436,               0.04942186912661,               0.04202896538466,       10.00717878159453,                 0.1048967465296,  86.47029709351803,          70.20552151814597,        1.379088774820534,              262.63767892876024,                  84.93581832286041, 4674969.510412286,0.7251164814463331, 4674970.235528767,  0.000644529332300541
               0.00012621726436,               0.04942186912661,               0.04202896538466,       10.00717878159453,                 0.1048967465296,  86.47029709351803,          70.20552151814597,        1.379088774820534,              262.63767892876024,                  84.93581832286041, 4674969.510412286,0.7251164814463331, 4674970.235528767, 0.0006487826105898904
               0.00051639776255,               0.04866064663021,               0.03827456645736,       10.02311890533234,                0.10429451660311,  85.22147110368607,          68.25669475227295,       1.3606138554500629,              265.27553907726605,                  80.96186839945389, 4674969.513955817,0.7349623818649272, 4674970.248918198, 0.0006434671343092625
               0.00014005524892,               0.05069743349006,               0.03647873032954,       10.03210190830426,                0.10075495714413,  85.63800644527628,          66.31339895556087,       1.3694151962053411,              270.76684471905656,                  83.63365749051603, 4674969.514740698,0.7302387199813518, 4674970.244979418, 0.0006416520152193739
                8.863166818e-05,               0.05099317455038,               0.03820140851962,        10.0684995618256,                0.10065996814846,  84.79744062660389,          68.60695541106728,       1.3840994600835304,               266.7723182320925,                  83.13984393179483, 4674969.515362258,0.7224914313163955, 4674970.237853689, 0.0006389088338495844
                8.863166818e-05,               0.05099317455038,               0.03820140851962,        10.0684995618256,                0.10065996814846,  84.79744062660389,          68.60695541106728,       1.3840994600835304,               266.7723182320925,                  83.13984393179483, 4674969.515362258,0.7224914313163955, 4674970.237853689, 0.0006391073941503222
                0.0001752422422,               0.04992391174448,                0.0350000014657,       10.05350780483646,                0.10717693909842,  84.03456583854492,          67.86633079941537,       1.3900530301380252,               266.9787906018337,                  82.32065356437359, 4674969.516690551,0.7193970145877853, 4674970.236087566, 0.0006331686332881727
               0.00014255935619,               0.04777147988879,               0.03726622859783,       10.03087341852351,                0.10426276229081,  84.92680234970814,          67.04384431314546,       1.3824853352167246,              268.51752499198557,                  84.37823983700555, 4674969.535314225,0.7233349783368483, 4674970.258649203, 0.0006363624973842833
               0.00037079078981,               0.05004331458385,               0.04022169039966,       10.06698360419499,                0.10488203062184,  84.77210851328304,          69.95573759431463,       1.3863513782753962,              264.76123446199665,                  83.15944919373601, 4674969.537095049,0.7213178532299563, 4674970.258412902, 0.0006396621300477946
                 0.000727734949,               0.04996013115138,                0.0391950444061,       10.03183005776437,                0.10462567801625,   85.2599500798885,          69.16741268481316,       1.3744452923224124,              266.93130137738973,                  81.34269098086578, 4674969.546261905,0.7275662447868632,  4674970.27382815, 0.0006399797404657708
               0.00019226564745,               0.05133108022411,               0.04201287736837,       10.08173146306377,                0.10258158520257,  85.79024587251622,          69.86852100879645,        1.359387999879957,              263.94124947608543,                  83.74762203216025, 4674969.549414914,0.7356251490290533, 4674970.285040063, 0.0006407245529787571
                2.619710791e-05,               0.05104120466218,               0.04029870225141,       10.03368357396046,                0.10669876719843,  84.81993598515845,           69.5020742962265,       1.3579093106729654,               265.0675823404275,                  81.67368676523652, 4674969.562725672,0.7364262047105419, 4674970.299151876, 0.0006428200961131692
                0.0001575326527,                0.0541879256895,               0.04580951007241,       10.00156247929175,                0.10222978420636,  85.61248604465192,          71.39091139677376,       1.3641617098614078,              261.71577378885434,                  83.17948961252317, 4674969.568796748,0.7330509226076981, 4674970.301847671, 0.0006458393138600683
               0.00034638676225,                0.0513477203702,               0.03804490414912,       10.02729297287991,                0.10022614021935,  84.89568205387796,          67.04861560058254,       1.3666327711537332,              267.88271521480897,                   84.1256271861188, 4674969.595479293,0.7317254650316808, 4674970.327204757, 0.0006532921249142177
               0.00013166135873,               0.05094569700905,               0.04755949603608,        10.0464994602603,                0.10185323650007,  86.53759576923729,          72.03206092952067,       1.3613200794140843,               261.3566143658177,                  82.72929114460655, 4674969.598932767,0.7345810989803387, 4674970.333513866, 0.0006598531787834758
               0.00013166135873,               0.05094569700905,               0.04755949603608,        10.0464994602603,                0.10185323650007,  86.53759576923729,          72.03206092952067,       1.3613200794140843,               261.3566143658177,                  82.72929114460655, 4674969.598932767,0.7345810989803387, 4674970.333513866, 0.0006609925705547707
               0.00022218200055,               0.04866512316398,               0.03568690302442,       10.04985888004444,                0.10336142110505,  85.14152641736486,          67.18626990397092,       1.3915915872710465,              271.57352225844136,                  82.23470670360138, 4674969.599965659,0.7186016422828702, 4674970.318567301, 0.0006547536748511763
               0.00012964632063,               0.04771582422229,               0.03791899639103,       10.04688531919517,                0.10316875678226,  84.12969900566472,          67.81051448122028,       1.3846124368088173,              266.91640777744624,                   82.7702318577284, 4674969.604217842,0.7222237598159583, 4674970.326441602, 0.0006532214625242527
                1.657267873e-05,               0.04682921306769,               0.03869709411165,        10.0819524379163,                0.10522690432753,  84.95218527404904,           69.3903630750049,       1.3856346875148462,               263.0145434112756,                  83.98491808748689,  4674969.60796879,0.7216909399067607,  4674970.32965973, 0.0006525773920730119
                0.0005013545491,               0.04939095517091,               0.03867191878069,       10.03464500519452,                0.10304176577008,  85.10283695895842,          68.45931610771622,       1.3630915503191798,              268.53546261417046,                  81.56640580706426, 4674969.624013097,0.7336264389327637, 4674970.357639536, 0.0006558094308010771
               0.00013131912452,               0.05238518548532,               0.03787449171875,       10.00425002445357,                0.10563022735334,  85.31060099199472,          67.76405165919809,       1.3584952869954363,               268.2845270360703,                  81.51915987943374, 4674969.624692283,0.7361085530239012, 4674970.360800835,  0.000658004868629272
               0.00055539635816,               0.05177768371598,                0.0401563269803,       10.04884965658298,                0.10410339514866,   84.6250906831219,          68.96788413801676,       1.3723562356438566,               265.5629506617337,                  82.95788006973547,  4674969.62978624,0.7286737758223824, 4674970.358460016, 0.0006566259630167169
               0.00055539635816,               0.05177768371598,                0.0401563269803,       10.04884965658298,                0.10410339514866,   84.6250906831219,          68.96788413801676,       1.3723562356438566,               265.5629506617337,                  82.95788006973547,  4674969.62978624,0.7286737758223824, 4674970.358460016, 0.0006582983718504023
                9.837548779e-05,                 0.049176671717,               0.03670660351695,       10.08915075753481,                0.10191110605485,  85.00916249895863,          67.66704434822812,       1.3759086885143232,               265.6418998768545,                  82.63266685052568,  4674969.63014096,0.7267924160576227, 4674970.356933376, 0.0006518637544448971
               0.00036100270628,               0.04690302860229,               0.03133406187075,       10.01419100097022,                0.10551587766616,  84.15208457051524,          66.12158987260534,        1.402490457176738,              271.27873992970683,                  83.80314647153169,  4674969.63970295,0.7130173291966883, 4674970.352720279, 0.0006518521687386681
               0.00043196084052,               0.05190653214864,               0.03564886343284,       10.05011391490517,                0.10248220897649,   84.8693898717811,          67.21323484048051,        1.363554677938327,              268.19802723752457,                  82.49614328620602, 4674969.650971443,0.7333772647181147, 4674970.384348708, 0.0006554027577758706
                5.396391439e-05,               0.05024472954211,               0.03867087532409,       10.00964239796696,                0.10221555109129,  84.77367457601122,          68.89002599092483,       1.3567224931179531,              266.64676273264223,                  78.90405250106267, 4674969.656429219, 0.737070406861059, 4674970.393499626, 0.0006576108799234996
                5.396391439e-05,               0.05024472954211,               0.03867087532409,       10.00964239796696,                0.10221555109129,  84.77367457601122,          68.89002599092483,       1.3567224931179531,              266.64676273264223,                  78.90405250106267, 4674969.656429219, 0.737070406861059, 4674970.393499626, 0.0006594054217866717
               0.00022855106155,               0.05013751652931,               0.03739233213737,        10.0278879504599,                0.10754795169734,  84.37858273308578,          68.78505945019286,       1.3864602635871566,              263.93616772336867,                   84.2691784943877, 4674969.681348828,0.7212612047118633, 4674970.402610033, 0.0006610806831754479
               0.00022855106155,               0.05013751652931,               0.03739233213737,        10.0278879504599,                0.10754795169734,  84.37858273308578,          68.78505945019286,       1.3864602635871566,              263.93616772336867,                   84.2691784943877, 4674969.681348828,0.7212612047118633, 4674970.402610033, 0.0006693171930738766
                0.0001117725898,               0.05231629435945,               0.04555749665904,        10.0269105675805,                0.10310433673894,  86.38818929064252,          71.37362357378025,       1.3695061773966153,               260.4875758464431,                  83.52537658131929, 4674969.687822159,0.7301902076126199, 4674970.418012367, 0.0006648090784337027
                 1.36964043e-05,               0.05111150400522,               0.03786318708915,       10.05784033216736,                0.10097332061056,  84.75618253233607,          68.33307216465215,       1.3576209830073924,               267.4061310745161,                  82.24825143187937, 4674969.689966602,0.7365826048038879, 4674970.426549207, 0.0006643549576675689
                 1.36964043e-05,               0.05111150400522,               0.03786318708915,       10.05784033216736,                0.10097332061056,  84.75618253233607,          68.33307216465215,       1.3576209830073924,               267.4061310745161,                  82.24825143187937, 4674969.689966602,0.7365826048038879, 4674970.426549207, 0.0006650672931562354
                 1.36964043e-05,               0.05111150400522,               0.03786318708915,       10.05784033216736,                0.10097332061056,  84.75618253233607,          68.33307216465215,       1.3576209830073924,               267.4061310745161,                  82.24825143187937, 4674969.689966602,0.7365826048038879, 4674970.426549207, 0.0006650672931562354
               0.00016935376609,                0.0525711183025,               0.03884854124966,       10.03076662006217,                0.10180616724837,  85.09144197309398,          68.22088227438627,        1.368965799845834,              269.31737888475317,                  84.00253871577203, 4674969.696919666,0.7304784386232402, 4674970.427398104, 0.0006574264701746439
               0.00019303722601,               0.04914853725438,                0.0437687026224,       10.04862280345047,                0.10404047826404,  85.88661179293774,          71.35343767303226,       1.3664354840954707,               261.8304851043997,                  83.90053832282732,  4674969.70304505,0.7318311121450148, 4674970.434876162, 0.0006584464879198845
               0.00011509114444,               0.04785286336803,               0.03761269969181,       10.03870779724014,                0.10286894964344,  85.55022729816807,          67.71692797953631,        1.363317169611495,              268.64651539869806,                  81.52945474055933,  4674969.70360347, 0.733505028976471, 4674970.437108499, 0.0006573607560271281
               0.00023989926663,               0.04858823574974,               0.03955464955252,       10.06843130269889,                0.10330140794073,  85.46183858749237,          67.83419848900772,        1.374613207092167,              266.72356892835614,                  83.43132286934231, 4674969.703821821,0.7274773695179189, 4674970.431299191, 0.0006543443718043583
               0.00020700823377,               0.05104503352653,               0.03993839368558,       10.07809307754929,                0.10200073690403,  85.50602853775969,          69.04602008636587,       1.3730897523431722,                263.526908403433,                  83.68728661853095, 4674969.704739083, 0.728284511841636, 4674970.433023594, 0.0006514587891839941
               0.00011183018543,               0.05477314422243,               0.04268777201558,       10.00855185332735,                 0.1020415870921,   84.9547162293734,          69.84439804602657,       1.3634816604441053,                264.215282966664,                  82.61522033208699, 4674969.721962871,0.7334165387118488,  4674970.45537941, 0.0006541483096691136
               0.00011183018543,               0.05477314422243,               0.04268777201558,       10.00855185332735,                 0.1020415870921,   84.9547162293734,          69.84439804602657,       1.3634816604441053,                264.215282966664,                  82.61522033208699, 4674969.721962871,0.7334165387118488,  4674970.45537941, 0.0006597816266870924
               0.00011183018543,               0.05477314422243,               0.04268777201558,       10.00855185332735,                 0.1020415870921,   84.9547162293734,          69.84439804602657,       1.3634816604441053,                264.215282966664,                  82.61522033208699, 4674969.721962871,0.7334165387118488,  4674970.45537941, 0.0006597816266870924
               0.00011183018543,               0.05477314422243,               0.04268777201558,       10.00855185332735,                 0.1020415870921,   84.9547162293734,          69.84439804602657,       1.3634816604441053,                264.215282966664,                  82.61522033208699, 4674969.721962871,0.7334165387118488,  4674970.45537941, 0.0006597816266870924
               0.00011183018543,               0.05477314422243,               0.04268777201558,       10.00855185332735,                 0.1020415870921,   84.9547162293734,          69.84439804602657,       1.3634816604441053,                264.215282966664,                  82.61522033208699, 4674969.721962871,0.7334165387118488,  4674970.45537941, 0.0006597816266870924
               0.00011183018543,               0.05477314422243,               0.04268777201558,       10.00855185332735,                 0.1020415870921,   84.9547162293734,          69.84439804602657,       1.3634816604441053,                264.215282966664,                  82.61522033208699, 4674969.721962871,0.7334165387118488,  4674970.45537941, 0.0006597816266870924
               0.00011183018543,               0.05477314422243,               0.04268777201558,       10.00855185332735,                 0.1020415870921,   84.9547162293734,          69.84439804602657,       1.3634816604441053,                264.215282966664,                  82.61522033208699, 4674969.721962871,0.7334165387118488,  4674970.45537941, 0.0006597816266870924
                7.196686239e-05,                0.0495475625123,               0.03837971508734,       10.00532870694472,                0.10260336378571,  86.58715751300961,          67.17166400858258,       1.3861126012820164,              269.47418330307386,                  83.41323366773543, 4674969.732790501,0.7214421101684664, 4674970.454232611, 0.0006599710579617386
                0.0003796839934,               0.05058787743978,               0.03833809530311,        10.0462564835639,                0.10221128924402,  84.43906814306217,          68.52839806996381,        1.361573494542848,               265.9101384047629,                  82.13635586994795, 4674969.737772444,0.7344443792479618, 4674970.472216823, 0.0006652009776174962
                0.0003796839934,               0.05058787743978,               0.03833809530311,        10.0462564835639,                0.10221128924402,  84.43906814306217,          68.52839806996381,        1.361573494542848,               265.9101384047629,                  82.13635586994795, 4674969.737772444,0.7344443792479618, 4674970.472216823, 0.0006668579708461438
                0.0003796839934,               0.05058787743978,               0.03833809530311,        10.0462564835639,                0.10221128924402,  84.43906814306217,          68.52839806996381,        1.361573494542848,               265.9101384047629,                  82.13635586994795, 4674969.737772444,0.7344443792479618, 4674970.472216823, 0.0006668579708461438
                7.364420838e-05,               0.04956400363989,               0.03871453924585,       10.05626410239394,                 0.1017598545619,  85.12041195996099,           67.1438088780462,       1.3751440615305952,              268.25431997567216,                  81.62829399770877, 4674969.743192395,0.7271965374209277, 4674970.470388932,  0.000668670045980389
                7.364420838e-05,               0.04956400363989,               0.03871453924585,       10.05626410239394,                 0.1017598545619,  85.12041195996099,           67.1438088780462,       1.3751440615305952,              268.25431997567216,                  81.62829399770877, 4674969.743192395,0.7271965374209277, 4674970.470388932, 0.0006704821208125388
                8.622294557e-05,               0.04942516596226,               0.03481896661482,       10.01970978066252,                0.10265804657742,  84.41953471403198,          67.76473414050967,        1.386624935972837,               270.1670315768671,                    84.137677253952, 4674969.745528415,0.7211755493913815, 4674970.466703964, 0.0006712661656677474
               0.00020188815821,               0.04846359190414,               0.03835893858298,       10.08508574670108,                0.10282819324613,  85.61573136772918,          68.29058749218248,       1.3678578495275278,              266.23774819247876,                  82.44339179931055, 4674969.748771334,0.7310701183938157, 4674970.479841452, 0.0006731416818312596
                8.486306833e-05,               0.05143004001461,               0.04349701130015,       10.06980264347088,                0.10263349592406,  86.42931196171992,          70.27762489082576,       1.3699229352809243,               263.3105307021219,                  83.86186607266725,  4674969.75287792,0.7299680691855372, 4674970.482845989, 0.0006756203979095237
               0.00036356966129,               0.04991375157001,                0.0389305208224,        10.0460570772625,                0.10399922234377,    84.566206946236,           69.3505850900326,       1.3842971012861942,              266.65937391713743,                  82.07846037500694, 4674969.758240698,0.7223882785500804, 4674970.480628977, 0.0006788278393233285
               0.00036356966129,               0.04991375157001,                0.0389305208224,        10.0460570772625,                0.10399922234377,    84.566206946236,           69.3505850900326,       1.3842971012861942,              266.65937391713743,                  82.07846037500694, 4674969.758240698,0.7223882785500804, 4674970.480628977, 0.0006806480367788191
               0.00062388819839,               0.04807853738692,               0.03801781230166,        10.0274596208184,                0.10364350438351,  85.04292991865135,          67.79473536059834,       1.3737630864755999,               266.1473888761906,                  82.85002016620489, 4674969.761355426,0.7279275515878855, 4674970.489282978, 0.0006817097060886217
               0.00038143981502,               0.05073861151867,               0.03707140412716,       10.08995625896636,                0.10359870246665,   85.2017245273929,          67.57564528546399,       1.3932080555656514,              269.30879567118916,                  82.90266288595697, 4674969.762891513,0.7177678854246888, 4674970.480659399, 0.0006832961765521479
                5.325193296e-05,               0.04972384998374,               0.03238623192279,       10.02975571313722,                0.10447928289234,  85.18332950077435,           66.6265274244922,       1.3870324029001615,              268.21069619221595,                  84.60336082231986, 4674969.766173119,0.7209636904726154, 4674970.487136809, 0.0006849448362196628
                5.325193296e-05,               0.04972384998374,               0.03238623192279,       10.02975571313722,                0.10447928289234,  85.18332950077435,           66.6265274244922,       1.3870324029001615,              268.21069619221595,                  84.60336082231986, 4674969.766173119,0.7209636904726154, 4674970.487136809, 0.0006860686944820896
               0.00038557094353,               0.04909264408739,               0.03104746960716,       10.01566065483795,                0.10514637492606,   83.5889649791192,          66.03069596103069,       1.3971002751846888,               271.8193143226465,                  82.68385762147084, 4674969.767216574, 0.715768236369294, 4674970.482984811, 0.0006864268223442642
               0.00011189999556,               0.05248542756473,               0.03456900727709,        10.0308498288095,                0.10197577381473,  85.01014980508738,          65.83699954248144,        1.385551415629171,               269.6855770598079,                  82.37427862120215, 4674969.768478982,0.7217343136601724, 4674970.490213295, 0.0006872187255099507
               0.00012920986466,               0.05097902180968,               0.03604953525445,       10.05582417999634,                0.10587946547696,  84.28399405100225,          68.09357682896261,       1.3855430026409992,                264.775341172418,                  84.50611120908957, 4674969.770175752,  0.72173869601585, 4674970.491914448, 0.0006882363898805242
               0.00017406760165,               0.04844168760555,               0.03739806437326,       10.05153803911068,                0.10358797751027,  85.41557009860294,          67.86573095566229,       1.4121553007396992,               267.1108185331299,                  85.26090632154117, 4674969.771566721,0.7081374119944112, 4674970.479704132, 0.0006892996759996497
                4.558144266e-05,               0.04830099401169,               0.03735599720344,       10.03149966957448,                0.10141794519562,  85.04338626654621,          68.69387968189726,       1.3733192946985289,              266.02881311949017,                  83.38468006558143, 4674969.775946824,0.7281627833092668, 4674970.504109607,  0.000691293038091128
                4.558144266e-05,               0.04830099401169,               0.03735599720344,       10.03149966957448,                0.10141794519562,  85.04338626654621,          68.69387968189726,       1.3733192946985289,              266.02881311949017,                  83.38468006558143, 4674969.775946824,0.7281627833092668, 4674970.504109607, 0.0006928070030987945
                4.558144266e-05,               0.04830099401169,               0.03735599720344,       10.03149966957448,                0.10141794519562,  85.04338626654621,          68.69387968189726,       1.3733192946985289,              266.02881311949017,                  83.38468006558143, 4674969.775946824,0.7281627833092668, 4674970.504109607, 0.0006928070030987945
                4.558144266e-05,               0.04830099401169,               0.03735599720344,       10.03149966957448,                0.10141794519562,  85.04338626654621,          68.69387968189726,       1.3733192946985289,              266.02881311949017,                  83.38468006558143, 4674969.775946824,0.7281627833092668, 4674970.504109607, 0.0006928070030987945
                4.558144266e-05,               0.04830099401169,               0.03735599720344,       10.03149966957448,                0.10141794519562,  85.04338626654621,          68.69387968189726,       1.3733192946985289,              266.02881311949017,                  83.38468006558143, 4674969.775946824,0.7281627833092668, 4674970.504109607, 0.0006928070030987945
                4.558144266e-05,               0.04830099401169,               0.03735599720344,       10.03149966957448,                0.10141794519562,  85.04338626654621,          68.69387968189726,       1.3733192946985289,              266.02881311949017,                  83.38468006558143, 4674969.775946824,0.7281627833092668, 4674970.504109607, 0.0006928070030987945
               0.00016250905169,               0.05176715679853,               0.03805435551304,       10.05760687507142,                0.10231344789182,  84.76003880877867,           68.2510119781903,       1.3524737896274601,               266.5448326885388,                   82.1554337357281, 4674969.783919334,0.7393858629049297, 4674970.523305197, 0.0006955797468537074
               0.00025971676632,               0.05100901981143,               0.03588690988473,       10.03682150432424,                0.10400572507923,  84.77844562897656,           68.1923714548391,        1.394553714289551,               268.5045241074753,                  82.35850662043781, 4674969.799428406,0.7170752834783746,  4674970.51650369, 0.0007038101020463928
               0.00025971676632,               0.05100901981143,               0.03588690988473,       10.03682150432424,                0.10400572507923,  84.77844562897656,           68.1923714548391,        1.394553714289551,               268.5045241074753,                  82.35850662043781, 4674969.799428406,0.7170752834783746,  4674970.51650369, 0.0007092677131715083
               0.00025971676632,               0.05100901981143,               0.03588690988473,       10.03682150432424,                0.10400572507923,  84.77844562897656,           68.1923714548391,        1.394553714289551,               268.5045241074753,                  82.35850662043781, 4674969.799428406,0.7170752834783746,  4674970.51650369, 0.0007092677131715083
               0.00013426743284,               0.04873942733314,               0.03983068957095,       10.08337401931328,                0.10091439307149,  85.61354754739456,          67.99908481696617,       1.3798432964270018,              267.76916828865853,                  83.35870885797162, 4674969.809380852, 0.724719975514193, 4674970.534100827, 0.0007128148092553683
               0.00023136929984,               0.05223926751118,               0.04387577819632,       10.01090690824494,                0.10057050643542,  85.22666244070152,          70.47163885778292,       1.3666277326750766,               263.2949670787976,                  83.05693456083911, 4674969.815832573,0.7317281627547328, 4674970.547560736, 0.0007186802593161675
               0.00023136929984,               0.05223926751118,               0.04387577819632,       10.01090690824494,                0.10057050643542,  85.22666244070152,          70.47163885778292,       1.3666277326750766,               263.2949670787976,                  83.05693456083911, 4674969.815832573,0.7317281627547328, 4674970.547560736, 0.0007209986138213176
               0.00030692058744,               0.04866712445974,               0.03710576341887,       10.06329796777157,                0.10315366654018,  84.79061995547131,          68.16384126147454,       1.3831896142992108,              264.67906662111193,                  82.55143064314787, 4674969.817106481,0.7229666776428532, 4674970.540073158, 0.0007214581494375551
               0.00010917274703,               0.04988170362191,               0.03986659817768,       10.02787549271363,                0.10014372521815,  85.32944520416625,          67.89968623795434,       1.3928311963257938,               268.9575938242556,                   84.8270450540694, 4674969.818436123,0.7179620923468262, 4674970.536398216, 0.0007223979504622301
                6.530071675e-05,               0.05315807570797,               0.04517735847713,        10.0453673209305,                0.10293264485272,  86.10062565912511,          70.97513693968969,       1.3627858175470928,               262.6355003873364,                  82.65475847567846, 4674969.823018872,0.7337910235960052, 4674970.556809896, 0.0007245384014686599
                4.501790334e-05,               0.05400902726718,               0.03910218564575,       10.01270173951433,                0.10221093182336,  85.02232516708983,          68.18840883390138,        1.385346175057159,               266.1487717756071,                  85.02365692476258,4674969.8247371735,0.7218412393990551, 4674970.546578413, 0.0007268230376283073
                6.803943122e-05,                0.0496597125228,                0.0352850189861,       10.03066511201265,                0.10116856457645,  84.40051134394088,          67.93984885283088,       1.3793957230811955,               268.4647940026538,                  82.76465558702371,  4674969.84048509,0.7249551258331232, 4674970.565440216, 0.0007332207184977962
                6.803943122e-05,                0.0496597125228,                0.0352850189861,       10.03066511201265,                0.10116856457645,  84.40051134394088,          67.93984885283088,       1.3793957230811955,               268.4647940026538,                  82.76465558702371,  4674969.84048509,0.7249551258331232, 4674970.565440216,  0.000738993948470287
                6.803943122e-05,                0.0496597125228,                0.0352850189861,       10.03066511201265,                0.10116856457645,  84.40051134394088,          67.93984885283088,       1.3793957230811955,               268.4647940026538,                  82.76465558702371,  4674969.84048509,0.7249551258331232, 4674970.565440216,  0.000738993948470287
                6.803943122e-05,                0.0496597125228,                0.0352850189861,       10.03066511201265,                0.10116856457645,  84.40051134394088,          67.93984885283088,       1.3793957230811955,               268.4647940026538,                  82.76465558702371,  4674969.84048509,0.7249551258331232, 4674970.565440216,  0.000738993948470287
                6.803943122e-05,                0.0496597125228,                0.0352850189861,       10.03066511201265,                0.10116856457645,  84.40051134394088,          67.93984885283088,       1.3793957230811955,               268.4647940026538,                  82.76465558702371,  4674969.84048509,0.7249551258331232, 4674970.565440216,  0.000738993948470287
               0.00021790019467,               0.05023424260143,               0.04421937870573,       10.02969632722044,                0.10331616113982,  85.59975980988392,          70.36482040612151,       1.3753875006237113,               263.0453551510295,                  81.61163060629204, 4674969.869514141,0.7270678260101386, 4674970.596581968, 0.0007498772970246922
               0.00048223593831,               0.04813840812841,               0.03804099896279,        10.0317429377694,                0.10504861161643,  85.26516954756171,          68.77607048030424,       1.3895641178914793,              268.12076209659824,                  83.96286130522815, 4674969.876449497, 0.719650131378894, 4674970.596099629, 0.0007634078885183303
               0.00021607813947,               0.04796030912523,               0.03957474097175,       10.00576501846389,                 0.1046686498294,  85.05091951589141,          68.71162936850698,       1.3704027758079707,               264.7576739007819,                  84.78968803644318, 4674969.879021215,0.7297124740647243, 4674970.608733689, 0.0007670414369383183
                0.0001481321469,               0.04898425299855,               0.03346794115615,       10.04421044603629,                 0.1029579090647,  84.82155489418129,          66.58979721483007,       1.3710747926659972,              270.59458810055196,                  81.59626509559097, 4674969.885848299,0.7293548137192006, 4674970.615203112, 0.0007706584078160704
               0.00024460075404,               0.05218942300457,               0.04094022188948,       10.00017447144392,                0.10397637905516,  85.02033567631993,          69.36591574976373,       1.3516902586890867,               263.5168270096375,                  81.02355639067626, 4674969.886282851, 0.739814460873479, 4674970.626097312, 0.0007734571262999474
               0.00034572215282,               0.05232087305374,               0.03876019186761,       10.02845509595749,                0.10364221850891,  84.52541967470562,           68.6519773222471,       1.3724687251396093,               263.8704645070779,                  84.31131450084982, 4674969.888353205,0.7286140526796184, 4674970.616967258, 0.0007744268484497066
               0.00034572215282,               0.05232087305374,               0.03876019186761,       10.02845509595749,                0.10364221850891,  84.52541967470562,           68.6519773222471,       1.3724687251396093,               263.8704645070779,                  84.31131450084982, 4674969.888353205,0.7286140526796184, 4674970.616967258, 0.0007752285173615098
                8.595139052e-05,               0.04776794433442,               0.03962774253953,       10.03344680719216,                0.10190107559666,  85.32568333541168,          68.50511138123441,       1.3654276656406914,              265.61682061861677,                  83.51131758042631, 4674969.890712124,0.7323712747029891, 4674970.623083399, 0.0007761439473981033
                8.595139052e-05,               0.04776794433442,               0.03962774253953,       10.03344680719216,                0.10190107559666,  85.32568333541168,          68.50511138123441,       1.3654276656406914,              265.61682061861677,                  83.51131758042631, 4674969.890712124,0.7323712747029891, 4674970.623083399, 0.0007770593772239538
               0.00038126443247,                0.0473828471995,               0.03760022252915,       10.01944528113853,                0.10140642633194,  85.91756300281476,          67.31912045798995,        1.387740692294437,              268.65935601918375,                  83.33074243751192, 4674969.896703493, 0.720595717595222,  4674970.61729921, 0.0007793941888391958
                0.0001370991309,               0.04989757468411,               0.03849900780066,       10.04446617901755,                0.10514126870931,  85.25730428870378,           67.6405073868923,       1.3854731331500203,              266.36528913988576,                  83.07209879600175, 4674969.897368711,  0.72177509334042, 4674970.619143805, 0.0007819890979943527
                9.984179473e-05,               0.05128141914751,               0.04152612580022,       10.02743991899406,                0.10052520584386,  85.80443437772612,          69.03580747110249,       1.3766996059559438,              267.78059196111826,                  83.59867404932444, 4674969.907328168,0.7263748719573625,  4674970.63370304, 0.0007861640459826645
                9.984179473e-05,               0.05128141914751,               0.04152612580022,       10.02743991899406,                0.10052520584386,  85.80443437772612,          69.03580747110249,       1.3766996059559438,              267.78059196111826,                  83.59867404932444, 4674969.907328168,0.7263748719573625,  4674970.63370304, 0.0007900788966457094
                8.922425864e-05,                0.0508989018657,               0.04460017836526,       10.05166597185924,                0.10450407375601,  85.55704687934865,          71.22008997522155,       1.3698258329496764,              260.61286197078044,                  83.11315575298816,  4674969.91071577,0.7300198141589123, 4674970.640735584,  0.000791419402164431
               0.00024957764265,               0.04881669336517,               0.03508466110109,       10.02083667985366,                0.10221291974259,  84.92304417507766,          66.66299345801025,       1.3739028586110937,                271.035294561947,                  79.84383445281725, 4674969.927817162,0.7278534968701647, 4674970.655670659, 0.0007995968507134809
               0.00010794347726,               0.04860261848676,               0.04614236187951,       10.01161714271518,                0.10360577965992,  86.66146080249831,          71.88154420201242,        1.370445455410992,               260.9361803745028,                  83.81833419532403, 4674969.928646291,0.7296897487248797,  4674970.65833604, 0.0008067682512037308
                7.574960287e-05,               0.04872795922779,               0.03209845637411,       10.02501157856192,                0.10359915679139,   84.2379683605556,          65.94457342902544,        1.374444924477258,               270.9561446739382,                  83.33545320945784,  4674969.94510931,0.7275664395067191, 4674970.672675749, 0.0008138013712715911
                7.574960287e-05,               0.04872795922779,               0.03209845637411,       10.02501157856192,                0.10359915679139,   84.2379683605556,          65.94457342902544,        1.374444924477258,               270.9561446739382,                  83.33545320945784,  4674969.94510931,0.7275664395067191, 4674970.672675749, 0.0008205000334882754
                5.705172659e-05,               0.04953819025172,               0.04619025466795,       10.00261619887244,                0.10279969801479,  85.63653281849886,          71.09256668358425,       1.3700320466636997,              260.85586163523834,                  82.24155008405658, 4674969.965748439,0.7299099334465925, 4674970.695658372, 0.0008290552184409594
               0.00036875239387,               0.04791927915742,               0.04283284166589,       10.02419820466759,                0.10241103180134,   85.3521160105697,          70.15647212368856,       1.3755361399848873,              263.29896252198455,                  82.89089503541126, 4674969.984438604,0.7269892596286033, 4674970.711427864, 0.0008455115492825642
               0.00015504124385,               0.04850389538105,               0.04004051237847,       10.02534472522249,                0.10286213864436,  85.96869624145022,           68.2057615210119,       1.3985082678170686,              267.68936795491237,                  86.00089759442407,  4674969.98673147,0.7150476139557616, 4674970.701779083, 0.0008543921974082244
               0.00013940140618,               0.05079593326603,                0.0434473681362,       10.05456563641497,                0.10163028566118,  85.41803207926307,          70.40799892969184,       1.3661655021652732,               264.7543279608136,                  81.78012468959695, 4674970.018895804,0.7319757367720621, 4674970.750871541, 0.0008693515520307943
                0.0001131920681,                0.0499616651514,               0.03325634819881,       10.04030901949928,                0.10541126064961,  84.02332811025738,          66.18997164890453,       1.3758486051440348,               269.6234225402378,                  82.52742420137521, 4674970.026843019,0.7268241551150258, 4674970.753667174, 0.0008868553998780272
               0.00024542119978,               0.04816543556666,               0.03943448350219,       10.00180885563692,                0.10550079296951,  85.14328769522048,          69.59347566085505,        1.401440745601356,              263.39993093911175,                  86.30648487305896, 4674970.029747804,0.7135513956895135, 4674970.743299199, 0.0008916744572275801
               0.00024542119978,               0.04816543556666,               0.03943448350219,       10.00180885563692,                0.10550079296951,  85.14328769522048,          69.59347566085505,        1.401440745601356,              263.39993093911175,                  86.30648487305896, 4674970.029747804,0.7135513956895135, 4674970.743299199, 0.0008929695175500359
               0.00024542119978,               0.04816543556666,               0.03943448350219,       10.00180885563692,                0.10550079296951,  85.14328769522048,          69.59347566085505,        1.401440745601356,              263.39993093911175,                  86.30648487305896, 4674970.029747804,0.7135513956895135, 4674970.743299199, 0.0008929695175500359
               0.00029617086677,               0.05284251125009,               0.03956787623996,       10.00058938113565,                0.10463255700712,   85.2147348019084,          69.25908388964297,       1.3776549246949261,               263.9651666169909,                   85.1323223277222, 4674970.049768184,0.7258711757746188,  4674970.77563936, 0.0009019983918131918
               0.00013804612263,               0.04994457417902,               0.03414372964917,       10.03882133833348,                0.10175017244234,  85.01708719614787,          65.76659150879348,       1.3742349381868588,                271.876892951391,                  83.24742697215657, 4674970.052737506, 0.727677613348546,  4674970.78041512, 0.0009123818422666216
                 6.04092663e-05,               0.05027225502134,                0.0385669949698,       10.05008269704368,                0.10327517416491,  85.07436293954532,          68.72275325502089,        1.371937645749461,              262.42642924397876,                  84.59041749547089,4674970.0580121055,0.7288961004154972, 4674970.786908206, 0.0009161525820476703
               0.00020649964629,               0.05091426139026,                0.0428227366503,       10.01932138109379,                0.10308184375555,  85.56982768421881,          70.21085674886328,        1.361371003131943,               266.4577597044017,                  82.19235082439546, 4674970.060199936,0.7345536210918404, 4674970.794753557, 0.0009195746818516983
               0.00022288859076,               0.04703833903156,               0.03923928825223,       10.01972855063522,                 0.1048312756816,  85.16607030193644,          69.84021062540678,       1.3869789607066565,               263.7212811109064,                  81.52609593872975, 4674970.063141005,0.7209914701882044, 4674970.784132475, 0.0009219363560539488
               0.00035348840909,                0.0496018832134,               0.03713999639439,       10.02161173785827,                0.10540123694832,  85.38060946020549,          68.63482162741383,       1.4051882670989866,                265.888308355739,                  84.58725608965936, 4674970.063396822,0.7116484128240707, 4674970.775045235,  0.000923410206379195
               0.00060259229006,               0.05059524596381,               0.04210961868692,        10.0421851833495,                0.10377611949994,   85.2679027492397,          70.15359124440073,       1.3713312896679066,               265.1003798868998,                  82.09162829155491,  4674970.07032633,0.7292183934942289, 4674970.799544724, 0.0009267392289371664
               0.00042556164156,               0.04833437214168,               0.03785095021469,       10.00348932250113,                0.10219025885481,  86.16495125072616,          67.62327840405246,        1.396542127545555,              269.26848272395125,                  82.72378138119328, 4674970.079486951,0.7160543031791786, 4674970.795541255, 0.0009342291697482774
               0.00014608964099,               0.05099682810129,               0.03859095762214,       10.03430524717357,                0.10264732923151,  85.37596770070428,          68.82320202431697,         1.37825149775999,               268.8960479009903,                  82.72215877098628, 4674970.085848541,0.7255569840665909, 4674970.811405525, 0.0009415029169719122
               0.00037233129866,               0.04872549401162,               0.03513833734823,       10.03555937597486,                0.10520398466998,  85.01212500325236,          66.98331464298485,        1.401960936634666,                270.255398655629,                   85.4606203092657, 4674970.098217263,0.7132866357891882, 4674970.811503898, 0.0009503750218173467
               0.00017726109673,               0.04848893077097,                0.0367825276311,       10.06582454826196,                0.10227957257524,  85.05413099288631,          67.64148058572485,        1.375626927098983,              266.04579733298004,                  83.68083116544683, 4674970.098871026,0.7269412805904207, 4674970.825812307, 0.0009565650929236479
                9.381187451e-05,                0.0526054450808,               0.03587589301316,       10.05941976711253,                 0.1015810495467,   84.8734564846807,          67.16476481155087,       1.3667877247382658,               268.9104956480436,                  83.12153040525881, 4674970.104392733,0.7316425088552034, 4674970.836035242, 0.0009595268827329436
                8.894008461e-05,               0.04832335441892,               0.04015771696878,       10.04397812577309,                0.10223510656919,  85.11631124958868,          69.63064235547384,       1.3800617290744186,               266.4633072817942,                  82.16970749782558, 4674970.115039935,0.7246052686865545, 4674970.839645204, 0.0009673255960452712
               0.00016688875603,               0.05205318279481,               0.03863286494267,       10.04670081609822,                0.10507668604541,  85.12501834755791,          68.27624352201867,        1.366153960247918,               265.2966369044081,                  83.22531921487266, 4674970.117754945,0.7319819208506547, 4674970.849736866,  0.000973797136524802
                4.282704712e-05,               0.05154808290506,               0.03831118606817,       10.03381951220172,                0.10353102793186,  85.50649845829913,          68.22643182528714,         1.39620556830109,               269.1853192059255,                  83.89963911712559, 4674970.123889944,0.7162269100651167, 4674970.840116854, 0.0009781194409949098
                 0.000118789412,               0.05110475656758,               0.04125780081689,       10.00494481743898,                0.10175929617909,  85.22973654814847,          69.90510336273947,       1.3607156550870043,              265.29953711958905,                  79.61830846546725, 4674970.134295691,0.7349073968992147, 4674970.869203088, 0.0009862511062394374
               0.00010492626368,               0.05209792531747,               0.04007632233587,       10.03101155551958,                0.10323008995992,  85.15635945778814,           68.9558639083915,       1.3530994922789836,              263.46220600979166,                  81.20899961753484, 4674970.135600089,0.7390439547913294, 4674970.874644044, 0.0009920294005266387
                3.754600398e-05,               0.05386587322228,               0.03864720853329,       10.02245389772907,                0.10249062662162,  84.93608211631359,          68.17344347632643,       1.3655057720321864,              266.78051525550364,                  81.00956869993948, 4674970.136568362,0.7323293833549822, 4674970.868897745, 0.0009931572242514607
               0.00016242826721,                0.0512846121113,               0.03610322121153,       10.00782435134294,                0.10506380121521,  84.76848423372823,          67.33598087708181,       1.3695546043137523,              270.07161154214805,                  83.60065929070315, 4674970.150120981,0.7301643883714104, 4674970.880285369,  0.001000417080117176
               0.00012992894756,               0.05186722862954,               0.04426274082944,       10.00290456765764,                0.10328348687956,  86.26535297396381,           70.9310780612121,       1.3864963726872548,               262.5634163073083,                  84.21951806384271, 4674970.168971701, 0.721242420607158, 4674970.890214121, 0.0010167793390617194
               0.00012992894756,               0.05186722862954,               0.04426274082944,       10.00290456765764,                0.10328348687956,  86.26535297396381,           70.9310780612121,       1.3864963726872548,               262.5634163073083,                  84.21951806384271, 4674970.168971701, 0.721242420607158, 4674970.890214121,  0.001026362566856853
                6.450293002e-05,               0.05012287873556,               0.04027199666912,       10.04931215479335,                0.10220494185151,  84.80978338183056,          69.94316584138537,       1.3775829346494741,              265.58523113120464,                   82.7811661844877, 4674970.215970877,0.7259091085172669, 4674970.941879985, 0.0010510574382579733
               0.00029193657734,               0.05078839780806,               0.03408292597619,       10.00281251624684,                0.10168201830312,   84.8288707153776,          66.86592204548987,       1.3764052627234422,              270.67889460959304,                  83.65438611543992,4674970.2228664085, 0.726530206678618, 4674970.949396615, 0.0010794740681014678
                0.0001060465563,               0.05240549003725,               0.04177529687455,       10.03964021771791,                0.10351678489148,  85.58947426604122,          69.49219533978517,       1.3692869231790636,              263.63759850126735,                  81.67341431838908, 4674970.259148469,0.7303071277992688, 4674970.989455597, 0.0011032069431776087
               0.00035385689296,                0.0492398159515,               0.03575183365903,       10.01797084708863,                0.10402075993867,  85.16095460945469,          67.60247118102325,       1.3646307961163697,               266.8341792801561,                  82.42340662053465, 4674970.305370823,0.7327989393511565, 4674971.038169762,  0.001149786240945183
               0.00037378526472,               0.04670149045537,               0.03600037060517,       10.03057276129774,                0.10347497824694,  85.15369292259554,          67.40457178745024,        1.407168900749708,              268.12982478614526,                  83.95030883093959,  4674970.30761464, 0.710646745722722, 4674971.018261386, 0.0011776756682836044
                2.560828761e-05,               0.05133897637921,               0.04009323191212,       10.00616357630156,                0.10460380757862,  85.24718549142138,          68.35017494509924,        1.357762961640959,              264.17002296957537,                  82.22750430368595, 4674970.338843407, 0.736505581792734, 4674971.075348989, 0.0011976966882424256
                2.560828761e-05,               0.05133897637921,               0.04009323191212,       10.00616357630156,                0.10460380757862,  85.24718549142138,          68.35017494509924,        1.357762961640959,              264.17002296957537,                  82.22750430368595, 4674970.338843407, 0.736505581792734, 4674971.075348989, 0.0012163964639573222
                2.560828761e-05,               0.05133897637921,               0.04009323191212,       10.00616357630156,                0.10460380757862,  85.24718549142138,          68.35017494509924,        1.357762961640959,              264.17002296957537,                  82.22750430368595, 4674970.338843407, 0.736505581792734, 4674971.075348989, 0.0012163964639573222
                2.560828761e-05,               0.05133897637921,               0.04009323191212,       10.00616357630156,                0.10460380757862,  85.24718549142138,          68.35017494509924,        1.357762961640959,              264.17002296957537,                  82.22750430368595, 4674970.338843407, 0.736505581792734, 4674971.075348989, 0.0012163964639573222
                 0.000131679123,               0.04804094302964,               0.03738328059998,       10.03552218203513,                0.10325667335776,   85.0971659783399,          67.85131650608082,       1.3680686750783797,               269.1484887121637,                  81.72602178433974, 4674970.339865247,0.7309574571924964, 4674971.070822704, 0.0012170182625146834
               0.00016425680986,                0.0496088693498,               0.03844993010309,       10.02522822421897,                0.10058576359163,  84.78207316230346,          67.48896301996075,       1.3793780845399828,               267.5710313540846,                  84.62831484257936, 4674970.340885308, 0.724964396062227, 4674971.065849704, 0.0012182614121215645
               0.00033958930625,                0.0477966650101,               0.04027569740437,       10.01431622316914,                0.10424043942146,  85.85987292246962,          68.42052866662266,        1.382412994972065,               267.2021922022959,                  83.66459864032552, 4674970.349552443,0.7233728297094079, 4674971.072925273,  0.001224187829478692
               0.00059619135889,               0.04913473746788,               0.03467072184919,        10.0112340441624,                0.10400092388713,  84.51436041717726,          67.68151645730367,       1.3755324177653587,               268.7791695355999,                  81.01944377167378, 4674970.360235204,0.7269912268767643, 4674971.087226431, 0.0012360952892867352
               0.00059619135889,               0.04913473746788,               0.03467072184919,        10.0112340441624,                0.10400092388713,  84.51436041717726,          67.68151645730367,       1.3755324177653587,               268.7791695355999,                  81.01944377167378, 4674970.360235204,0.7269912268767643, 4674971.087226431,  0.001242697682233585
               0.00045527413095,               0.04709709990687,               0.03616569854693,       10.00804571818246,                0.10393750767959,  85.04310963956073,           67.2569557466239,        1.381990211906952,               269.5415957571054,                  83.69878266282001, 4674970.361602714,0.7235941263434426, 4674971.085196841, 0.0012435479638464976
               0.00023230225324,               0.04957659020513,               0.04096235869351,       10.04941041762636,                0.10449007885405,  85.44253779340733,          69.70274596573226,       1.3644488189860358,               265.7679945146029,                   81.7989446034109, 4674970.388135539,0.7328966730632894, 4674971.121032213, 0.0012611279079400033
               0.00073020404409,               0.04738412231516,               0.03582207696443,       10.00239908309726,                0.10499704815712,  85.12649894835987,          67.24576979779347,       1.3953818911890485,              268.54011569727476,                  83.55794472736045,  4674970.40224332,0.7166496901775533, 4674971.118893011, 0.0012869353198021888
               0.00039282340331,               0.05248656515088,               0.03579352816643,       10.02372340513091,                0.10478866415221,  84.55678693244651,          67.35317680327327,        1.383706766830432,              268.60958202764084,                  83.86836746918289, 4674970.418498872,0.7226964729605505, 4674971.141195345,   0.00130663285548315
                3.271665474e-05,               0.05195984811761,               0.04152016807265,       10.04117121508697,                0.10318840916153,    85.619300733166,          69.09697215747332,       1.3712671554610893,              265.25088271072116,                  80.72580859478974, 4674970.464290906,0.7292524990608044, 4674971.193543404, 0.0013481136816009306
                5.151956987e-05,               0.04944444549635,               0.03773733184763,       10.00337751604098,                0.10088667905849,  85.31141125948093,          68.47356354717125,       1.3657356036399926,              266.10369002913734,                   83.3756428579095, 4674970.469357442,0.7322061439525887,4674971.2015635865, 0.0013824768995209069
               0.00025497649663,                0.0506094899751,               0.03764357787535,       10.02536318687451,                 0.1034560677462,  85.60563666466511,          68.26520715450211,        1.403425547596588,              266.78279806850566,                  85.31646407827327, 4674970.522621414,0.7125422518583423, 4674971.235163665, 0.0014238911630106404
                2.780018659e-05,               0.04943917767785,               0.04300280020947,       10.04821478218554,                 0.1013680038845,  85.55596303074604,          69.89438515745469,       1.3780022214621495,               264.4409121632501,                  84.24501210722566, 4674970.537630095,0.7256882350588196,  4674971.26331833, 0.0014728558545806314
                2.780018659e-05,               0.04943917767785,               0.04300280020947,       10.04821478218554,                 0.1013680038845,  85.55596303074604,          69.89438515745469,       1.3780022214621495,               264.4409121632501,                  84.24501210722566, 4674970.537630095,0.7256882350588196,  4674971.26331833, 0.0014839084595162115
                2.780018659e-05,               0.04943917767785,               0.04300280020947,       10.04821478218554,                 0.1013680038845,  85.55596303074604,          69.89438515745469,       1.3780022214621495,               264.4409121632501,                  84.24501210722566, 4674970.537630095,0.7256882350588196,  4674971.26331833, 0.0014839084595162115
               0.00054911672992,               0.05233897635008,               0.03700445312239,        10.0019203738145,                0.10436845452844,  84.52527785100803,          67.98828921688985,       1.3824252662675023,              267.11988896623166,                  82.85159179563011, 4674970.547309453,0.7233664085871083, 4674971.270675861, 0.0014911249685921827
               0.00033367038385,               0.04955273334126,               0.03309323244146,        10.0083077824091,                0.10440902836954,  84.79111234115497,           65.6936152505249,       1.3840802075354646,               270.4164730516253,                  84.12338269146854, 4674970.554261813,0.7225014811682269, 4674971.276763294, 0.0015035681305126498
               0.00060529353506,               0.05062922945016,               0.03535587698608,       10.01566841145825,                0.10269147040596,   84.5764971878892,          66.88136010861913,       1.3771984510385147,               269.5510483612147,                  84.42089064307268, 4674970.570563253,0.7261117664240199,  4674971.29667502, 0.0015211933298425852
               0.00060529353506,               0.05062922945016,               0.03535587698608,       10.01566841145825,                0.10269147040596,   84.5764971878892,          66.88136010861913,       1.3771984510385147,               269.5510483612147,                  84.42089064307268, 4674970.570563253,0.7261117664240199,  4674971.29667502,  0.001533591876542096
               0.00060529353506,               0.05062922945016,               0.03535587698608,       10.01566841145825,                0.10269147040596,   84.5764971878892,          66.88136010861913,       1.3771984510385147,               269.5510483612147,                  84.42089064307268, 4674970.570563253,0.7261117664240199,  4674971.29667502,  0.001533591876542096
               0.00013819993113,               0.05087855845974,               0.04360130692199,       10.05986996426597,                0.10227324328877,  85.75661099357139,          69.73423583079305,        1.370968621902998,               264.5879079134815,                  83.10383874367925, 4674970.577372553,0.7294112965269269, 4674971.306783849, 0.0015388310369540087
               0.00013819993113,               0.05087855845974,               0.04360130692199,       10.05986996426597,                0.10227324328877,  85.75661099357139,          69.73423583079305,        1.370968621902998,               264.5879079134815,                  83.10383874367925, 4674970.577372553,0.7294112965269269, 4674971.306783849,  0.001544070197947328
               0.00013819993113,               0.05087855845974,               0.04360130692199,       10.05986996426597,                0.10227324328877,  85.75661099357139,          69.73423583079305,        1.370968621902998,               264.5879079134815,                  83.10383874367925, 4674970.577372553,0.7294112965269269, 4674971.306783849,  0.001544070197947328
               0.00020014809844,               0.04789693145883,               0.03854073845016,       10.03567499914511,                0.10448299855769,  84.67722004653369,          69.02952585934614,       1.3895876582301152,               265.3916357188316,                  81.92927761045523, 4674970.591105754,0.7196379401308703, 4674971.310743693, 0.0015547458480329075
               0.00033940063396,               0.04839061619433,               0.04007516951569,       10.02226213220492,                0.10291181206981,   85.2235803085391,          69.70019182717003,        1.379089678742536,               263.2416877444896,                  82.71539044101223, 4674970.606741119,0.7251160061699594, 4674971.331857125,  0.001577755640849223
                5.634814299e-05,               0.04976566927912,               0.03819961121845,       10.01139786247696,                0.10259921770892,    86.375921687399,            67.072050612299,       1.3909152576104327,              268.85885774297276,                    83.458499142106,    4674970.639067,0.7189510608417525,  4674971.35801806,  0.001616210217098564
               0.00036119027267,               0.05133061412709,               0.03930758957981,       10.02292480189052,                0.10251944549829,  85.80701837221442,          67.87739720826433,       1.3780247377495864,              266.14303677976454,                   82.9253059248194, 4674970.648683106,0.7256763776483954, 4674971.374359483, 0.0016502651526860653
               0.00080150036164,               0.05004132360906,               0.03931842087952,       10.00920655497627,                0.10315339663164,  85.58555275388983,          68.23643077798539,       1.3798874668771455,               267.5132858608213,                  84.49208790267535, 4674970.658788694, 0.724696777095253, 4674971.383485471,    0.0016666206739227
               0.00080150036164,               0.05004132360906,               0.03931842087952,       10.00920655497627,                0.10315339663164,  85.58555275388983,          68.23643077798539,       1.3798874668771455,               267.5132858608213,                  84.49208790267535, 4674970.658788694, 0.724696777095253, 4674971.383485471, 0.0016750416938243477
               0.00080150036164,               0.05004132360906,               0.03931842087952,       10.00920655497627,                0.10315339663164,  85.58555275388983,          68.23643077798539,       1.3798874668771455,               267.5132858608213,                  84.49208790267535, 4674970.658788694, 0.724696777095253, 4674971.383485471, 0.0016750416938243477
                6.529241318e-05,               0.05078049422044,               0.04088724291312,       10.05681749714125,                0.10578965326297,  85.30149269138896,          69.98770380663967,       1.3665054875407485,               263.6727351806878,                  83.37548797754548, 4674970.662637977, 0.731793621846089,4674971.3944315985, 0.0016782717616680195
               0.00012846932943,               0.04924923104977,               0.04255062380852,       10.02760096315218,                0.10073333892326,   85.6773240948228,          69.45159003823855,       1.3636362187231035,               264.8269671664224,                  82.63371468450012, 4674970.682549676,0.7333334112644726, 4674971.415883088, 0.0016984103878252238
                6.540450333e-05,               0.05105325613047,               0.04301306706021,       10.05226337626708,                0.10221551759071,  85.09156311524151,          70.33432834594606,       1.3720184917438525,              264.66051007683996,                  83.20985496666955, 4674970.683374293,0.7288531503165002, 4674971.412227443, 0.0017160264797248005
                8.364893628e-05,               0.04891098587211,               0.04067841050178,       10.01901849261952,                0.10374503828705,  85.90203064235442,          69.43353310557688,       1.4059046760298464,               265.3355264761444,                   84.1470287568083, 4674970.683921066,0.7112857770869031,4674971.3952068435, 0.0017172034734094326
               0.00038972224833,               0.04948932249474,               0.03469948196189,       10.02437444518413,                0.10361870696816,  84.68336494964652,            67.059786206004,       1.3756560573199574,               267.0618345890704,                  83.61518396933602,  4674970.68720836,0.7269258872368085, 4674971.414134247, 0.0017205008266123667
                6.188505351e-05,               0.05064764862698,               0.04006651259232,       10.00596213676664,                0.10400190742957,  85.72872631719562,          68.00430394575694,       1.3754700198924419,               264.6951420359703,                  82.66601657699158,4674970.6981219575,0.7270242066622414, 4674971.425146164, 0.0017327840797356413
               0.00013015481051,               0.05146705677988,               0.03833908634962,       10.00234174245945,                0.10520303392106,  84.89616853985373,          68.22054112161362,       1.3695423212266904,               263.8946705776171,                  84.66375485149567, 4674970.703055657,0.7301709370355977, 4674971.433226595,  0.001746547902896794
               0.00013015481051,               0.05146705677988,               0.03833908634962,       10.00234174245945,                0.10520303392106,  84.89616853985373,          68.22054112161362,       1.3695423212266904,               263.8946705776171,                  84.66375485149567, 4674970.703055657,0.7301709370355977, 4674971.433226595, 0.0017508563658922877
                4.134540143e-05,               0.05206871294488,               0.03863053944651,       10.07423490729334,                 0.1019870195621,  85.13195802427367,           68.3472639279579,       1.3750774779389243,              265.32057895938084,                  84.79866173228915, 4674970.710471866,0.7272317495148561, 4674971.437703615, 0.0017573728568073506
               0.00031642757493,               0.05026803473037,               0.03846023210452,       10.06403869070654,                0.10395009712817,  84.85405785884357,          68.04097239003451,       1.3644145974592772,               267.0874395865486,                   82.8171359124876, 4674970.716715386,0.7329150551908005, 4674971.449630441, 0.0017694130136486391
               0.00031642757493,               0.05026803473037,               0.03846023210452,       10.06403869070654,                0.10395009712817,  84.85405785884357,          68.04097239003451,       1.3644145974592772,               267.0874395865486,                   82.8171359124876, 4674970.716715386,0.7329150551908005, 4674971.449630441, 0.0017749366796798087
               0.00031642757493,               0.05026803473037,               0.03846023210452,       10.06403869070654,                0.10395009712817,  84.85405785884357,          68.04097239003451,       1.3644145974592772,               267.0874395865486,                   82.8171359124876, 4674970.716715386,0.7329150551908005, 4674971.449630441, 0.0017749366796798087
                0.0002061326221,               0.04780596603754,               0.03496529981905,       10.08195912516219,                0.10441580694735,  84.73461739831497,           67.4106843771213,       1.3991826225883148,              267.70847418567564,                  82.77198686852824, 4674970.718494702,0.7147029871984285, 4674971.433197689, 0.0017765171720890455
               0.00026342182773,               0.04992212650882,               0.03854117619563,       10.02892354329852,                0.10164995343768,  84.77983701015971,          67.94312239967995,       1.3912404156461913,               266.1407503226361,                  84.39039293154565, 4674970.752607359,0.7187830289817513, 4674971.471390388, 0.0018089486953037804
               0.00011148000855,               0.04930445864609,               0.03802779348013,       10.00757898693871,                0.10315244601278,  86.35845244246322,          67.20879659098023,        1.391968843252992,               268.9952140485429,                  83.76984916597603, 4674970.780805277,0.7184068844982393, 4674971.499212162,  0.001866108165809562
                8.917018996e-05,               0.05235799436752,               0.03765308693404,       10.04215864866454,                 0.1017246469674,  84.74129644750474,          67.58284008764055,       1.3595795213137973,               267.8571351247303,                  83.24975414227356,4674970.7859015595,0.7355215228850122, 4674971.521423083,   0.00189725105892057
               0.00021221263756,               0.05176085653675,               0.03874581901815,       10.00538913026887,                0.10637355319269,  85.16929664970786,          68.46506523699378,       1.3740657594150998,              267.35893007860255,                  81.82424793295468, 4674970.819858914,0.7277672070263007, 4674971.547626121, 0.0019349349922156154
               0.00015667866758,               0.05181080301997,               0.04349882215305,       10.02330295890092,                   0.10363595964,  85.89892171078955,          70.48194918000502,       1.3707829305138697,              262.75246185679566,                  82.11861266410804, 4674970.855531108, 0.729510105312682, 4674971.585041213,  0.002003515582426392
                2.513277955e-05,               0.04797289613095,                 0.038317445582,        10.0757322882868,                0.10255837595587,  84.77920853636115,          68.59415664634301,       1.3755527774056382,               266.7474814014554,                  81.77989219774597,  4674970.87307272,0.7269804666354208,4674971.6000531865, 0.0020572903230514448
               0.00027772324134,               0.05110650068195,               0.03713737559542,       10.02730181090864,                0.10242112191219,  84.58776744889582,          67.38159932069803,       1.3842041447244995,              270.06393321403215,                    83.795574180271,4674970.8942560805,0.7224367907083761, 4674971.616692871,  0.002097549699710528
               0.00043760456946,               0.04718194060982,               0.03690272471526,        10.0036344333742,                0.10347707807127,  85.33078655221112,          67.57532720998134,       1.3867423276931108,              266.52504809353815,                  84.21340126762749,  4674970.90988208, 0.721114499810164, 4674971.630996579, 0.0021364572439887012
               0.00015876156397,               0.05201983264252,               0.03887039275333,       10.02626581586218,                0.10528489478939,  84.93169729800978,          68.72546212390878,       1.3711005136304033,               266.3680543891838,                  81.10227952509999, 4674970.910961413, 0.729341131491664, 4674971.640302544,  0.002154311654796488
               0.00027304936161,                0.0496771884042,               0.03421210226099,       10.00037892138939,                0.10298725917332,  84.66499514709982,          66.92619393501954,       1.3701753685152187,              266.57217407915647,                  83.00123608958123, 4674970.913534304,0.7298335840642379, 4674971.643367888, 0.0021582507350059355
               0.00013187537093,                0.0495838273905,               0.03453370199062,       10.00410989618266,                0.10606007785234,  84.85884948589883,          67.02268180649853,       1.4047302427820572,              270.24295377617534,                   84.0762686417888, 4674970.931244004,0.7118804518791507, 4674971.643124456,  0.002180333223963042
               0.00013187537093,                0.0495838273905,               0.03453370199062,       10.00410989618266,                0.10606007785234,  84.85884948589883,          67.02268180649853,       1.4047302427820572,              270.24295377617534,                   84.0762686417888, 4674970.931244004,0.7118804518791507, 4674971.643124456,  0.002199639242685201
               0.00011819530789,               0.05088103009666,               0.03645153278364,       10.00450703097167,                0.10252126613938,  85.52600369284337,          67.44207912921684,       1.3673825865708202,              265.69755689402865,                  83.63299641683551, 4674970.956782768,0.7313242173924726, 4674971.688106985,   0.00222808901665639
               0.00011819530789,               0.05088103009666,               0.03645153278364,       10.00450703097167,                0.10252126613938,  85.52600369284337,          67.44207912921684,       1.3673825865708202,              265.69755689402865,                  83.63299641683551, 4674970.956782768,0.7313242173924726, 4674971.688106985, 0.0022565387895641382
               0.00040987488202,               0.05050944831512,               0.03875402104658,       10.00277049953612,                0.10561320921211,  84.96554867571678,          69.23168179561229,       1.3894040338432037,               264.4935996453203,                  83.15072314432457, 4674970.987125315,0.7197330478693943, 4674971.706858363, 0.0022912980310530527
                7.159635128e-05,               0.05130308586648,               0.04152272207695,       10.03124732242431,                0.10153539578389,  85.21502489754181,          69.68296590710362,       1.3838674303403273,               264.5223832967776,                  82.36935342881996, 4674970.994549335,0.7226125697271993, 4674971.717161905, 0.0023347237530310814
               0.00032374977041,                0.0503455851418,               0.03908705543145,       10.01075795391859,                0.10479246899901,  84.38525072882061,          68.82316095371067,       1.3879994100315505,               266.6358153558876,                  84.73809295973872,  4674971.01207587,0.7204614013324898, 4674971.732537271, 0.0023641070027265007
               0.00048607866674,               0.05088348280255,               0.04197028173541,       10.03310327098259,                0.10302364342013,  85.17705680699586,          69.48688632786826,       1.3748563022947846,               264.8928069122459,                  83.73430735295442, 4674971.039679756,0.7273487406144855, 4674971.767028497, 0.0024181974810838234
                1.331144834e-05,               0.04796614213434,               0.03816646092065,       10.04119403428657,                0.10302519046119,  85.15946723935703,          68.01739760858095,       1.3840331825016754,              268.84859374842335,                  84.03401631671296,  4674971.06835114, 0.722526029464463,  4674971.79087717, 0.0024872248325975253
                3.420878787e-05,               0.04769119134109,               0.03667276171978,       10.07199323045627,                0.10536495224753,  85.45849551017855,          67.99560403105008,       1.3871133382499903,              267.46491784182854,                  83.26218824628447, 4674971.095386644,0.7209216236516187, 4674971.816308267, 0.0025574473115390975
               0.00020850316007,               0.05254347045558,               0.04241601086804,       10.01651464720206,                0.10257106524227,  85.96495798567605,           69.2937333325095,        1.363776866440317,              265.71965960753846,                  83.26579973012042, 4674971.106006595,0.7332577818321302, 4674971.839264377,  0.002605853028509761
               0.00020850316007,               0.05254347045558,               0.04241601086804,       10.01651464720206,                0.10257106524227,  85.96495798567605,           69.2937333325095,        1.363776866440317,              265.71965960753846,                  83.26579973012042, 4674971.106006595,0.7332577818321302, 4674971.839264377,  0.002619689915850557
                0.0001694091341,               0.05034946142082,               0.03690612489535,       10.05411511346215,                0.10325929927126,  84.85068159846239,           68.4785830125546,       1.3786219087994827,               266.0552307990962,                  81.99401303358738, 4674971.120642896,0.7253620398872158, 4674971.846004936, 0.0026390021855086944
               0.00017087692523,               0.05143079441325,               0.04000830696357,       10.00824269231433,                0.10143859586924,  85.80667684100843,          67.58243882164132,        1.375506655373922,              267.35617223144055,                  84.30467723612456, 4674971.121716778,0.7270048429741381, 4674971.848721621, 0.0026597425805758054
               0.00017087692523,               0.05143079441325,               0.04000830696357,       10.00824269231433,                0.10143859586924,  85.80667684100843,          67.58243882164132,        1.375506655373922,              267.35617223144055,                  84.30467723612456, 4674971.121716778,0.7270048429741381, 4674971.848721621, 0.0026611707047198493
               0.00017087692523,               0.05143079441325,               0.04000830696357,       10.00824269231433,                0.10143859586924,  85.80667684100843,          67.58243882164132,        1.375506655373922,              267.35617223144055,                  84.30467723612456, 4674971.121716778,0.7270048429741381, 4674971.848721621, 0.0026611707047198493
                0.0001499253229,               0.05273380136698,               0.04276587773396,       10.00145520901635,                0.10114140550159,  85.65427826152938,          69.82446494097081,       1.3736746584170323,              263.20509454630957,                   83.6223879504603, 4674971.130996317,0.7279744107330043, 4674971.858970728, 0.0026735753892730427
               0.00028681220933,               0.05088883133968,               0.03378256064931,       10.01212605840675,                0.10337409281821,  84.28057130172694,           66.1478625257562,       1.3887587247714146,              271.89031901472913,                  83.60686281126696, 4674971.141709102,0.7200674834029194, 4674971.861776586, 0.0027004445764227977
               0.00040988259564,               0.04966145507903,               0.04147625612814,       10.02282865123782,                0.10273842132172,  85.04648838472298,          69.71901936855653,       1.3691638818927927,               265.0547864639833,                  83.71665936163117, 4674971.259263743,0.7303727575822083,   4674971.9896365,  0.002884242146433249
                2.335064338e-05,               0.04856922547208,               0.04035705518606,       10.05669277714003,                0.10361150873247,  85.47029734549713,          69.06501952141886,       1.3656570947871478,              265.56798953873465,                  82.88758193989186, 4674971.274612052,0.7322482369967555,  4674972.00686029, 0.0030771895784573395
                3.896985814e-05,                0.0500035523412,               0.04143560535108,       10.02554946937898,                0.10150678909118,  85.84792089144307,          69.20963976507699,       1.3890131145529074,                266.275642620117,                  84.44649927054016, 4674971.330861516,0.7199356071752266, 4674972.050797123,  0.003190512604689207
                7.784214564e-05,               0.04872540187627,                0.0339132519905,       10.04338918065943,                0.10440920037029,   84.4471806852609,           67.3519221723875,       1.3827083495601522,              269.45004416886087,                  83.13263849797423, 4674971.353842804,  0.72321831304346, 4674972.077061118, 0.0033183495600490067
                0.0001627276747,               0.04873208680243,               0.03905668173335,       10.00108657913289,                0.10292084418417,  84.52598495269343,          68.92935795373653,        1.381185014182466,               267.4342879340809,                  83.25215571461266, 4674971.362512674,0.7240159643579015, 4674972.086528638, 0.0033710912265316043
                2.194007037e-05,               0.05002535790742,               0.03844349046859,       10.02851598053066,                0.10174933239667,  85.93847263149891,          67.83119638942877,       1.3700535988187277,               267.5183413783072,                  81.27320123067831,  4674971.36505099,0.7298984513176775, 4674972.094949441, 0.0033900070481363556
               0.00015863078059,               0.05092814547386,               0.04361517634053,       10.02701718868474,                0.10359478364737,  85.41401602928022,           70.6174473393592,       1.3723689128304004,                263.812721757404,                  82.73748333543845, 4674971.552929247,0.7286670447362295, 4674972.281596292,  0.003745088645469126
                 4.81681233e-06,               0.04966422607114,                 0.039709953168,       10.03609605799142,                0.10142910758774,  85.54108770132792,          69.15793025438407,       1.3761929161409203,              265.70482141605953,                  82.16884499615117, 4674971.578131319,0.7266423102977237,  4674972.30477363,  0.004148135834025923
                 0.000146721757,               0.04868414200124,               0.03812055566526,        10.0661474480805,                0.10472380350804,  84.87469595842533,          68.63035260432952,       1.3860550382312629,              266.61448869917723,                    83.176085536141,  4674971.76085986,0.7214720717556025, 4674972.482331932,  0.004621470172714109
               0.00015260401427,                0.0504217367313,               0.03925848391494,       10.00625142745928,                0.10501061745084,  85.73852046079313,          68.55838280385566,       1.3676255909055746,              266.62674698729074,                   83.1981843010021, 4674971.770763083,0.7311942732351543, 4674972.501957357,  0.005067629195475447
                0.0001811351865,               0.04876258574355,               0.03602670459996,       10.01496739917328,                0.10467501734378,  85.01603424307156,          67.20437458202753,        1.395512845077215,               270.0356310260704,                  84.21901875590316, 4674971.868107218,0.7165824403032772, 4674972.584689658,  0.005353060917561391
               0.00052094028326,               0.04875618445718,               0.03756955878236,       10.01006038275012,                0.10508445568401,  85.05734213461719,          67.99302111506952,       1.3797805962165655,                267.615729379835,                   82.7718894237012, 4674971.881542244,0.7247529083551799, 4674972.606295153,  0.005651362443692932
               0.00024832310658,               0.05005820817086,               0.03906134638927,       10.00096730787213,                0.10258676944273,   85.8150450594063,          69.03120703592217,       1.3842824376108565,              264.75060369538437,                  84.20937019823936, 4674971.919730067,0.7223959307942298, 4674972.642125998,  0.005800057297288715
               0.00024832310658,               0.05005820817086,               0.03906134638927,       10.00096730787213,                0.10258676944273,   85.8150450594063,          69.03120703592217,       1.3842824376108565,              264.75060369538437,                  84.20937019823936, 4674971.919730067,0.7223959307942298, 4674972.642125998,  0.005910789620287574
               0.00015577800854,                0.0498764325842,               0.04221797727841,       10.00779381184194,                0.10198626814452,  85.84921595625686,          69.66397189645633,       1.3681952701214093,              263.40807008977566,                  83.01819720475547, 4674972.073629561,0.7308898238708742, 4674972.804519385,  0.006402489448464409
               0.00025022928811,                0.0496666681557,               0.03351954617939,       10.01981149133934,                0.10417490733187,  84.88878082519327,          66.58205606520275,        1.389909782175134,              269.15351988180873,                  83.62665386789337, 4674972.082847481,0.7194711576423715, 4674972.802318638,  0.006926111220869625
               0.00015178690197,               0.04953072685472,               0.03585276486622,       10.00312556102388,                0.10340562668045,   85.2878990446707,          67.12141175168605,       1.3991589589580398,               269.3965158197219,                   85.9813966507905, 4674972.238774674,0.7147150747937209, 4674972.953489749,  0.007545086275794993
               0.00015178690197,               0.04953072685472,               0.03585276486622,       10.00312556102388,                0.10340562668045,   85.2878990446707,          67.12141175168605,       1.3991589589580398,               269.3965158197219,                   85.9813966507905, 4674972.238774674,0.7147150747937209, 4674972.953489749,  0.008132139391652403
                1.295040657e-05,               0.05083993486139,               0.03698441739794,       10.01864009199697,                0.10336507070947,  85.59993726913112,          67.13919591084601,       1.3863535688963742,               269.4596402016878,                   84.4693556218304, 4674972.329270005,0.7213167134528775, 4674973.050586719,  0.008517262857956483
                8.279875156e-05,                0.0499300510064,               0.03669163169006,       10.02266557239027,                0.10653732575634,  84.75095627907733,          68.46657924556523,       1.3858558744216427,               265.7081706320724,                  83.39568090369099, 4674972.388513859,0.7215757557886953, 4674973.110089615,   0.00917406021734747
                 5.08191736e-05,               0.04929083022364,               0.03493601963598,       10.00483991282254,                0.10526888593678,  84.88965472666618,          67.62873384917816,       1.3734144145159335,              267.21377566964827,                  83.38201803421026, 4674972.404018577,0.7281123522738436, 4674973.132130929,  0.009519531449776249
                8.360284901e-05,               0.05006192746259,               0.03869175582035,        10.0060867002023,                 0.1029323215806,  85.09388534659958,          68.64861272512749,       1.3977912043705243,              267.14561570511773,                   85.8355105186652, 4674972.413750741,0.7154144316213065, 4674973.129165173,   0.00964023861699063
                8.360284901e-05,               0.05006192746259,               0.03869175582035,        10.0060867002023,                 0.1029323215806,  85.09388534659958,          68.64861272512749,       1.3977912043705243,              267.14561570511773,                   85.8355105186652, 4674972.413750741,0.7154144316213065, 4674973.129165173,  0.009687148434932616
               0.00015412150278,               0.05111965013153,                0.0358988677001,       10.00978049169268,                0.10296712207953,  84.93707847832827,          67.71880765957458,       1.3910734519176557,                268.255524843485,                  84.16328271973725, 4674972.454250738,0.7188693009858367, 4674973.173120039,  0.009887339686984511
               0.00027514146599,               0.05096148505571,                 0.039975161288,       10.02921127358669,                 0.1039980014003,  85.41485484979928,          69.09991688087253,         1.37666559584008,               265.6582796647776,                  82.80355044116033, 4674972.705314683,0.7263928168334678,   4674973.4317075,  0.011526982642009857
                2.559045713e-05,               0.04959326241851,               0.03701159684015,       10.02147616585918,                0.10441151883466,  84.83464520469951,          68.44004066426459,       1.3696821773135823,               265.6108113725596,                  83.52651185270578, 4674972.871206031, 0.730096380432827, 4674973.601302411,  0.014136297427471049
